Patient Id,Date,Time,Merged,Patient Gender,Patient Age,Patient Race,Department Referral,Patient Admission Flag,Patient Satisfaction Score,Patient Waittime
145-39-5406,20-03-2024,08:47:00,H. Glasspool,Male,69,White,None,Not Admitted,10,39
316-34-3057,15-06-2024,11:29:00,X. Methuen,Male,4,Native American/Alaska Native,None,Admitted,,27
897-46-3852,20-06-2024,09:13:00,P. Schubuser,Female,56,African American,General Practice,Admitted,9,55
358-31-9711,04-02-2024,22:34:00,U. Titcombe,Female,24,Native American/Alaska Native,General Practice,Admitted,8,31
289-26-0537,04-09-2024,17:48:00,Y. Gionettitti,Male,5,African American,Orthopedics,Not Admitted,,10
255-51-2877,20-04-2023,00:13:00,H. Buff,Male,58,Asian,None,Not Admitted,,59
465-97-0990,23-08-2023,08:26:00,F. Perrat,Female,68,White,None,Admitted,,43
157-31-7520,29-07-2023,16:57:00,K. Gwillim,Female,47,Two or More Races,None,Admitted,,23
432-34-5614,19-02-2024,06:54:00,E. Dewhirst,Female,79,White,None,Not Admitted,1,42
609-17-8678,11-10-2024,05:25:00,M. Crebo,Male,62,African American,None,Not Admitted,,51
497-14-6812,26-07-2024,01:45:00,Q. Churchard,Female,73,White,Gastroenterology,Admitted,,34
393-38-9502,10-03-2024,22:02:00,N. Corpes,Female,16,White,Orthopedics,Not Admitted,,39
288-05-6370,12-11-2023,16:00:00,R. Brixey,Female,16,Native American/Alaska Native,General Practice,Admitted,,53
784-54-9931,25-06-2023,09:40:00,M. Goudie,Male,46,Pacific Islander,None,Not Admitted,,45
662-21-6522,04-05-2023,13:16:00,G. Stanlack,Male,69,White,None,Admitted,,49
628-73-1801,19-09-2023,01:53:00,C. McMurty,Male,37,Declined to Identify,None,Admitted,,57
370-19-2271,25-05-2024,22:11:00,I. Scothorn,Female,50,Asian,General Practice,Not Admitted,,35
458-98-8860,25-06-2023,18:59:00,J. Helgass,Male,37,Declined to Identify,None,Not Admitted,,55
728-31-2493,04-09-2023,16:15:00,W. Chittock,Female,70,Asian,Physiotherapy,Admitted,,50
823-34-5523,16-11-2023,23:46:00,F. Prendergast,Male,55,Asian,None,Admitted,2,40
621-70-7472,30-06-2023,05:22:00,T. Bissiker,Female,63,Native American/Alaska Native,None,Admitted,,25
344-36-7156,22-05-2023,16:48:00,M. Mandell,Female,44,Asian,None,Not Admitted,2,51
455-21-3671,17-11-2023,07:24:00,D. Coste,Female,11,Declined to Identify,None,Not Admitted,4,30
259-10-0339,26-01-2024,05:58:00,Q. Dodridge,Male,8,Asian,General Practice,Not Admitted,,16
720-54-2625,24-05-2023,14:42:00,C. Pavie,Female,4,Native American/Alaska Native,None,Admitted,,23
661-92-7059,12-04-2023,21:02:00,Z. Sleightholm,Male,42,African American,None,Not Admitted,0,51
598-53-3927,04-09-2024,02:30:00,S. Noads,Female,68,African American,None,Not Admitted,,58
715-74-5338,16-12-2023,13:02:00,J. Filkin,Male,22,Pacific Islander,General Practice,Not Admitted,,25
669-74-2146,11-03-2024,17:06:00,C. Bilby,Female,58,Declined to Identify,Orthopedics,Not Admitted,,55
693-38-2084,07-07-2024,14:58:00,H. Kehoe,Female,72,African American,None,Admitted,,37
548-93-9953,02-04-2024,13:19:00,S. O'Neill,Female,73,Two or More Races,Neurology,Not Admitted,,46
334-76-4005,30-06-2023,22:38:00,J. Sibbit,Male,35,White,Orthopedics,Admitted,,40
846-66-7490,05-08-2024,15:17:00,T. Clissett,Male,48,White,None,Not Admitted,,53
278-49-6531,05-08-2024,01:33:00,L. Vannacci,Female,74,White,Physiotherapy,Not Admitted,0,20
600-62-3412,16-01-2024,20:05:00,H. Ponting,Male,14,Two or More Races,None,Admitted,,52
745-62-9973,08-01-2024,23:55:00,D. Bleacher,Female,37,Declined to Identify,None,Admitted,,49
384-70-5840,14-12-2023,21:22:00,B. Drinkeld,Male,25,African American,None,Not Admitted,,10
285-41-0221,12-07-2024,13:12:00,N. Aggiss,Male,39,Two or More Races,Orthopedics,Not Admitted,,52
124-73-3676,01-06-2024,10:34:00,K. Bilofsky,Male,48,Declined to Identify,None,Not Admitted,,35
878-55-0051,06-07-2023,19:47:00,R. Harrington,Female,22,African American,General Practice,Not Admitted,,16
206-25-4281,15-06-2024,13:40:00,D. Yarrington,Female,72,Declined to Identify,None,Admitted,7,33
472-28-5842,12-10-2023,15:03:00,N. Gulliman,Female,41,Pacific Islander,None,Not Admitted,,16
553-27-8559,27-05-2023,06:13:00,Q. Garnsworthy,Female,8,African American,General Practice,Not Admitted,,59
319-83-9008,23-03-2024,13:43:00,H. Hesbrook,Female,70,Native American/Alaska Native,None,Admitted,,39
434-16-5502,08-04-2023,12:59:00,N. Romanet,Female,50,White,None,Admitted,,37
672-89-2190,03-09-2023,18:39:00,K. Rushmare,Female,33,Declined to Identify,None,Admitted,3,16
135-05-4896,29-07-2023,17:37:00,P. Pow,Male,17,Two or More Races,None,Not Admitted,,56
760-33-4176,10-08-2024,02:38:00,Q. Dear,Female,45,White,Orthopedics,Not Admitted,,57
624-71-9493,11-10-2023,01:56:00,X. Leake,Female,53,White,None,Not Admitted,,21
479-42-8894,18-04-2023,22:46:00,Z. Friman,Female,15,White,None,Not Admitted,,29
324-75-4743,08-09-2024,10:26:00,T. Aldridge,Male,48,Pacific Islander,None,Not Admitted,,13
207-15-4815,26-05-2024,06:51:00,O. Brattan,Female,20,Asian,None,Admitted,,53
407-45-1728,15-05-2024,21:10:00,L. Bourcq,Male,45,Asian,None,Not Admitted,,37
354-75-9525,25-09-2024,16:11:00,L. Shayes,Female,76,African American,General Practice,Admitted,,19
298-72-2588,24-10-2024,04:53:00,E. Lillistone,Male,74,Two or More Races,General Practice,Admitted,9,48
794-74-3955,15-10-2024,10:41:00,E. Cunningham,Male,15,Declined to Identify,None,Admitted,,57
213-04-4901,22-04-2024,04:59:00,L. Zum Felde,Male,21,Asian,None,Admitted,,13
683-46-5079,05-03-2024,14:01:00,B. Gostridge,Male,47,Declined to Identify,General Practice,Not Admitted,,45
843-56-0384,16-06-2024,17:00:00,I. Fairrie,Male,60,Asian,None,Admitted,,41
882-39-1200,19-09-2023,05:19:00,P. Walak,Male,10,Two or More Races,Orthopedics,Not Admitted,,55
697-90-3233,23-03-2024,11:13:00,W. Escale,Male,54,Two or More Races,None,Not Admitted,10,58
481-99-0791,14-01-2024,06:07:00,Y. Silveston,Female,15,White,None,Admitted,7,12
218-42-0736,26-04-2024,09:19:00,T. Dickin,Male,55,Declined to Identify,General Practice,Admitted,,30
111-19-4529,08-08-2023,11:23:00,Q. Khoter,Male,11,White,General Practice,Not Admitted,,48
490-74-0642,28-08-2024,22:40:00,F. Deshorts,Male,7,Asian,None,Not Admitted,,31
498-99-8689,14-08-2023,11:22:00,J. McAmish,Male,49,Pacific Islander,None,Admitted,,18
705-01-2168,13-09-2023,20:55:00,S. Jowitt,Female,70,African American,General Practice,Admitted,,55
119-28-5124,18-04-2023,14:57:00,O. Pocklington,Female,16,Asian,General Practice,Admitted,,51
509-88-2899,23-09-2023,23:51:00,F. Brudenell,Male,14,Two or More Races,Orthopedics,Admitted,4,23
258-48-2258,22-06-2023,23:33:00,T. Lyons,Male,41,African American,None,Not Admitted,4,46
369-33-5075,20-10-2023,00:48:00,H. Esposi,Male,8,African American,None,Not Admitted,,37
643-90-3414,08-10-2024,15:51:00,U. Mangham,Male,64,Pacific Islander,None,Not Admitted,,59
412-29-6293,11-05-2024,15:52:00,J. Gianneschi,Female,76,Two or More Races,Gastroenterology,Admitted,,34
844-81-9989,22-03-2024,02:48:00,C. Veldens,Female,17,African American,General Practice,Admitted,,27
839-13-8580,05-09-2023,10:18:00,X. Barbery,Male,38,Two or More Races,None,Not Admitted,,55
367-52-9587,03-07-2023,20:27:00,R. Millan,Female,75,White,Cardiology,Admitted,,34
621-85-6677,08-05-2024,18:03:00,X. Klimowicz,Male,77,Native American/Alaska Native,General Practice,Not Admitted,0,17
563-01-2494,06-01-2024,20:40:00,D. Blaasch,Male,34,Asian,None,Admitted,,40
570-11-3903,07-03-2024,10:00:00,X. Audiss,Female,26,Asian,Cardiology,Admitted,1,16
292-45-8684,17-04-2023,11:37:00,K. Hilliam,Female,51,White,General Practice,Admitted,6,25
721-19-3123,19-07-2023,03:23:00,I. Franzelini,Female,9,African American,None,Not Admitted,,23
652-33-9813,15-06-2024,03:46:00,D. Hovie,Female,71,Two or More Races,None,Admitted,,51
809-14-6629,17-11-2023,06:23:00,N. Kinmond,Male,51,African American,None,Not Admitted,,33
304-72-3326,13-06-2024,20:15:00,O. Brito,Female,73,Asian,Gastroenterology,Not Admitted,0,10
231-20-7799,02-06-2023,07:44:00,V. Puddifer,Female,46,White,Physiotherapy,Not Admitted,5,50
597-41-0817,17-04-2023,08:03:00,T. Titman,Female,13,White,None,Admitted,1,32
496-23-9655,11-10-2023,03:24:00,X. Maffin,Female,15,Declined to Identify,General Practice,Admitted,9,15
636-90-6357,17-10-2023,13:28:00,B. Lambarth,Male,57,White,General Practice,Admitted,2,35
300-34-2747,10-12-2023,21:12:00,B. Durrant,Male,16,Pacific Islander,None,Admitted,4,34
178-52-1500,29-06-2024,14:27:00,K. Beavington,Male,4,White,Orthopedics,Not Admitted,,59
521-84-1782,19-11-2023,19:44:00,A. Fidal,Female,32,African American,None,Not Admitted,7,14
818-26-8196,18-09-2024,17:49:00,B. MacNally,Male,26,African American,Orthopedics,Admitted,8,38
808-11-5508,25-10-2024,10:33:00,U. Peat,Female,9,Declined to Identify,Neurology,Admitted,,37
439-25-2191,10-10-2024,04:29:00,M. Plews,Female,10,White,General Practice,Admitted,,26
186-28-5457,14-10-2024,06:03:00,L. Downing,Female,24,Two or More Races,General Practice,Admitted,,11
854-61-3541,21-08-2024,01:01:00,U. Lightman,Male,27,White,None,Not Admitted,,11
368-53-4901,31-08-2024,06:38:00,I. Rubinsztein,Male,26,White,None,Not Admitted,7,59
826-27-1762,07-08-2024,13:33:00,I. Melluish,Male,79,African American,None,Not Admitted,,29
335-73-2892,26-08-2023,08:32:00,Y. Ricks,Male,15,Asian,General Practice,Admitted,2,56
331-09-2284,08-07-2024,17:17:00,X. Laity,Male,43,African American,None,Not Admitted,0,47
888-46-1367,04-10-2023,11:46:00,W. Levee,Female,14,African American,None,Not Admitted,,19
577-17-4945,06-09-2024,21:58:00,Y. McGraw,Male,59,White,General Practice,Not Admitted,,34
113-60-6899,07-07-2024,07:16:00,W. Itscovitz,Male,58,Declined to Identify,None,Admitted,,36
646-67-2143,12-08-2023,02:20:00,K. Halkyard,Male,25,Two or More Races,None,Not Admitted,,59
148-47-0490,13-08-2023,22:16:00,T. Friberg,Male,64,Native American/Alaska Native,General Practice,Admitted,,42
345-87-0533,25-07-2023,11:43:00,A. Alyukin,Male,20,Declined to Identify,None,Admitted,,34
603-14-9459,13-05-2024,14:35:00,A. Milier,Male,69,White,General Practice,Not Admitted,,55
628-78-9167,24-03-2024,18:56:00,X. Pamphilon,Male,26,White,None,Not Admitted,,57
814-60-0292,14-09-2024,10:47:00,Z. Gobourn,Male,16,African American,None,Admitted,,11
306-67-0367,20-10-2023,19:52:00,J. Bullier,Male,45,White,General Practice,Admitted,1,42
658-82-9991,29-09-2024,04:06:00,O. Roscher,Male,7,Pacific Islander,Orthopedics,Admitted,9,45
770-82-7913,09-04-2024,13:10:00,N. Longworth,Male,66,White,General Practice,Not Admitted,,45
659-64-3380,09-07-2024,04:33:00,C. Wahner,Female,61,Asian,General Practice,Not Admitted,,58
195-51-9264,12-10-2024,01:08:00,C. Lympany,Female,47,White,Physiotherapy,Admitted,,40
240-68-3060,12-04-2023,02:01:00,I. Tootell,Male,66,White,General Practice,Not Admitted,,29
866-26-1903,15-08-2024,13:07:00,Q. Jerson,Male,8,Asian,Orthopedics,Not Admitted,3,24
275-36-1151,29-07-2024,20:34:00,C. Tumilson,Female,9,White,None,Not Admitted,,21
314-59-3768,27-06-2024,16:24:00,L. Ragsdale,Female,24,Declined to Identify,General Practice,Admitted,,31
310-26-9113,02-08-2024,04:10:00,C. Simpole,Female,16,African American,Renal,Not Admitted,,11
698-47-1909,26-07-2023,02:49:00,C. Whittock,Male,47,Two or More Races,Orthopedics,Not Admitted,,41
378-02-5523,06-08-2024,18:30:00,A. Gouldie,Male,23,African American,None,Admitted,0,23
769-87-4732,26-01-2024,06:23:00,X. Bizley,Female,51,African American,Neurology,Admitted,,52
120-71-9392,10-06-2024,09:44:00,K. Haet,Male,26,White,Orthopedics,Admitted,,53
200-22-3513,05-08-2024,02:17:00,O. Jansen,Male,32,Declined to Identify,None,Not Admitted,8,15
415-95-3806,23-10-2024,20:01:00,D. Bantham,Female,76,African American,None,Admitted,,49
635-96-2790,29-01-2024,11:24:00,H. Hookes,Female,6,African American,None,Admitted,9,23
229-85-2969,09-11-2023,10:04:00,K. Najera,Female,17,Two or More Races,General Practice,Admitted,,58
341-84-3922,08-08-2023,09:43:00,K. Carson,Female,10,White,None,Not Admitted,,40
442-29-0481,31-07-2023,01:19:00,Q. Radish,Female,55,Declined to Identify,Physiotherapy,Admitted,,47
340-37-0758,21-12-2023,14:38:00,R. Feldman,Female,73,White,None,Not Admitted,,29
260-54-7458,15-06-2024,10:40:00,O. Chesnay,Female,29,Asian,General Practice,Not Admitted,,50
421-27-7766,24-07-2023,13:00:00,O. Mc Coughan,Male,51,White,General Practice,Admitted,,22
194-48-7359,19-04-2023,05:00:00,F. Stowers,Male,60,White,Orthopedics,Not Admitted,,38
145-05-0045,25-10-2024,15:51:00,K. Jeffery,Female,38,African American,General Practice,Not Admitted,5,15
497-86-6002,20-09-2024,12:11:00,W. Coll,Male,72,White,None,Admitted,,33
659-67-6667,21-10-2024,14:00:00,J. Schermick,Female,72,White,None,Admitted,,52
544-69-9655,16-11-2023,08:06:00,G. Westcarr,Male,75,Asian,None,Not Admitted,,48
887-86-8057,22-03-2024,13:28:00,W. Isaak,Female,16,Asian,None,Admitted,,14
795-38-6179,07-03-2024,11:47:00,J. Beade,Male,8,Native American/Alaska Native,None,Not Admitted,10,25
706-66-3236,22-10-2024,07:43:00,A. McIlwain,Male,71,Two or More Races,General Practice,Not Admitted,,25
562-98-3699,03-04-2024,03:30:00,L. Yglesia,Male,28,White,General Practice,Not Admitted,4,25
180-35-8890,01-03-2024,08:58:00,S. Vigurs,Female,22,Declined to Identify,None,Not Admitted,8,31
359-98-5533,23-08-2024,23:49:00,E. Kobiela,Female,16,Two or More Races,None,Admitted,,58
790-27-9833,15-01-2024,11:10:00,C. McClory,Female,29,African American,None,Not Admitted,,14
432-40-5889,16-07-2024,12:28:00,A. Capenor,Male,19,White,None,Admitted,,26
236-99-6309,30-06-2024,03:31:00,I. Feak,Female,60,Native American/Alaska Native,General Practice,Not Admitted,4,18
662-90-5190,25-03-2024,15:16:00,O. Blore,Male,71,Asian,General Practice,Not Admitted,,46
770-08-4969,05-05-2024,08:57:00,N. Bidewell,Male,77,White,Orthopedics,Not Admitted,,26
893-18-5714,21-11-2023,14:41:00,O. Gambie,Female,49,Asian,None,Admitted,,48
190-91-2664,17-08-2024,11:53:00,C. Goullee,Female,14,Pacific Islander,None,Admitted,,20
213-46-3828,18-05-2023,15:35:00,X. Urlich,Male,6,Asian,Orthopedics,Not Admitted,,11
808-75-2972,06-10-2024,05:24:00,X. Spellesy,Male,6,Declined to Identify,None,Not Admitted,,36
496-69-3161,11-08-2023,01:22:00,A. Shark,Female,48,Declined to Identify,None,Not Admitted,,49
239-37-0566,27-02-2024,17:03:00,S. Banton,Male,10,White,None,Not Admitted,,17
469-30-6816,08-10-2024,01:00:00,G. Preuvost,Male,34,African American,None,Not Admitted,,26
502-54-3350,14-01-2024,15:13:00,Z. Row,Female,42,African American,None,Not Admitted,,55
876-70-2288,05-06-2024,10:39:00,G. Sallery,Female,3,African American,Gastroenterology,Admitted,7,31
767-42-4576,22-06-2023,18:20:00,M. End,Male,22,African American,Orthopedics,Not Admitted,,22
251-38-8325,24-05-2024,14:50:00,X. Marjoram,Female,37,White,None,Admitted,,53
708-71-9586,07-01-2024,21:39:00,A. Vigrass,Male,29,Native American/Alaska Native,None,Not Admitted,3,29
215-50-7038,17-06-2024,02:49:00,R. Agney,Male,34,Native American/Alaska Native,General Practice,Not Admitted,,59
210-58-4747,30-04-2023,09:37:00,N. Massingberd,Male,43,White,None,Not Admitted,8,50
854-45-3713,01-07-2024,16:18:00,B. Riggulsford,Female,39,Two or More Races,Orthopedics,Admitted,5,16
574-65-3712,16-06-2024,18:38:00,J. Massow,Female,25,Two or More Races,None,Admitted,,42
270-55-3429,27-10-2023,00:06:00,X. Giraudot,Male,27,Pacific Islander,Orthopedics,Not Admitted,,59
676-03-2440,27-05-2023,20:26:00,B. Tarn,Female,13,Asian,None,Not Admitted,,11
719-63-6159,13-08-2023,13:57:00,O. Reuven,Female,54,Two or More Races,None,Admitted,,46
634-41-8155,03-12-2023,23:00:00,D. Mason,Male,39,African American,General Practice,Admitted,0,54
554-84-1081,18-10-2024,07:15:00,J. Barrow,Male,27,Pacific Islander,None,Admitted,,58
260-11-2849,20-10-2023,00:19:00,D. Vinson,Female,66,Two or More Races,General Practice,Not Admitted,2,39
205-60-1987,22-12-2023,22:25:00,U. Luckman,Male,32,African American,None,Admitted,,23
607-91-4614,22-08-2023,01:15:00,Z. Florez,Female,12,Asian,None,Not Admitted,7,34
575-64-1293,19-07-2024,21:30:00,F. Mellem,Female,55,Two or More Races,General Practice,Admitted,9,25
710-50-4562,08-02-2024,17:24:00,P. Benedite,Female,47,Asian,None,Admitted,,29
257-20-4587,06-06-2023,01:01:00,P. Theobald,Male,61,Asian,Cardiology,Admitted,,19
352-67-4305,15-04-2024,07:12:00,K. Eyer,Male,71,African American,None,Admitted,,37
146-69-4652,21-05-2023,06:02:00,I. Singyard,Female,34,White,None,Admitted,,28
802-59-5463,17-12-2023,06:30:00,R. Smythin,Female,24,African American,None,Admitted,4,32
469-84-4163,29-12-2023,01:29:00,P. Rossoni,Female,47,Two or More Races,None,Not Admitted,,19
189-09-4142,18-05-2024,11:18:00,J. Deneve,Male,51,Declined to Identify,General Practice,Admitted,6,48
636-29-5268,20-05-2024,15:29:00,D. Shawel,Female,19,Two or More Races,General Practice,Admitted,,30
658-20-0202,29-02-2024,22:02:00,A. Say,Female,50,Declined to Identify,None,Not Admitted,,34
846-58-8376,20-06-2023,11:51:00,G. Bazley,Female,8,White,None,Admitted,0,59
278-01-6800,08-07-2023,17:42:00,E. Scogin,Male,66,Asian,None,Admitted,,42
403-48-2643,21-09-2023,07:14:00,T. Kimbury,Female,62,African American,General Practice,Not Admitted,,40
574-05-3924,22-12-2023,23:41:00,Z. Medd,Female,28,Declined to Identify,Cardiology,Not Admitted,1,17
606-55-9151,10-12-2023,06:02:00,T. Lerven,Female,59,Two or More Races,Cardiology,Not Admitted,,54
389-27-5303,29-11-2023,07:02:00,B. Nevet,Male,20,White,None,Admitted,,56
335-84-9373,27-03-2024,11:41:00,C. Haglinton,Male,8,African American,None,Not Admitted,,29
117-02-4931,27-08-2023,16:16:00,N. Tenbrug,Male,4,White,General Practice,Not Admitted,,53
400-48-7366,11-05-2024,03:33:00,H. Mattioli,Female,64,African American,None,Admitted,9,32
514-75-2742,24-01-2024,13:49:00,S. Royle,Female,29,White,Orthopedics,Not Admitted,,41
781-40-0701,02-03-2024,19:16:00,A. Kuhne,Male,26,Declined to Identify,None,Not Admitted,,55
444-03-4235,22-07-2023,02:29:00,G. Aiskrigg,Female,29,African American,General Practice,Not Admitted,,12
892-25-8683,15-08-2024,07:01:00,G. Colliard,Male,14,African American,General Practice,Not Admitted,7,60
160-14-1320,24-04-2023,22:49:00,K. de Vaen,Male,73,White,None,Not Admitted,3,31
198-35-6734,19-04-2024,17:22:00,U. Eykel,Male,49,White,None,Admitted,,38
428-14-7095,06-07-2024,01:46:00,F. Peres,Female,39,African American,Physiotherapy,Admitted,,37
132-48-1247,15-04-2023,18:40:00,G. Eastabrook,Female,58,Asian,None,Not Admitted,,50
411-11-8513,31-07-2024,06:01:00,P. Alessandretti,Male,57,Two or More Races,None,Not Admitted,,34
176-14-4067,25-07-2023,05:51:00,Q. Bland,Male,4,Declined to Identify,None,Not Admitted,2,38
318-27-1087,23-10-2023,13:36:00,Q. Busain,Female,74,African American,None,Not Admitted,,24
254-34-7286,10-08-2024,13:12:00,Z. Sawl,Female,34,White,None,Not Admitted,,38
278-84-3772,20-05-2023,06:10:00,Z. Todarini,Female,9,Two or More Races,None,Admitted,,26
689-35-5574,03-08-2024,03:46:00,S. Flippini,Male,65,White,General Practice,Not Admitted,3,40
783-65-6030,07-05-2024,21:26:00,D. O'Carrol,Female,30,Two or More Races,None,Admitted,,54
551-80-9262,08-05-2024,16:46:00,K. Deelay,Female,8,Pacific Islander,None,Admitted,,38
541-01-7660,18-07-2023,03:58:00,L. Skyram,Male,56,Asian,General Practice,Not Admitted,,50
799-44-2163,17-04-2024,10:17:00,Z. Taber,Female,7,White,Physiotherapy,Not Admitted,,53
645-05-4509,14-07-2023,00:12:00,S. Moseley,Male,4,White,None,Not Admitted,7,56
890-83-9216,24-08-2024,15:09:00,H. Membry,Female,59,Pacific Islander,None,Not Admitted,,53
354-25-6792,20-02-2024,09:46:00,S. Coathup,Male,7,Two or More Races,Physiotherapy,Not Admitted,8,29
112-44-3497,05-09-2023,20:43:00,Q. Sartain,Female,9,Two or More Races,General Practice,Admitted,,42
274-80-8104,16-10-2023,11:49:00,M. Hadigate,Male,44,African American,None,Not Admitted,,12
427-82-7478,15-04-2023,16:38:00,O. Greenstead,Male,53,White,None,Not Admitted,,39
496-43-4865,12-10-2023,06:55:00,L. Woodstock,Male,22,Asian,None,Admitted,0,59
520-32-2321,21-10-2024,12:05:00,X. Antrack,Female,35,Two or More Races,Orthopedics,Not Admitted,4,13
112-97-3102,10-10-2024,22:27:00,A. Dumbellow,Male,66,Declined to Identify,None,Admitted,,43
535-11-6522,04-11-2023,19:45:00,D. D'Ambrosi,Female,16,Two or More Races,Physiotherapy,Not Admitted,,17
794-76-5261,23-04-2023,19:13:00,R. Breming,Female,28,White,General Practice,Admitted,8,39
638-43-3145,20-12-2023,00:55:00,B. Backs,Male,39,African American,Cardiology,Not Admitted,,29
459-36-1115,05-08-2024,05:14:00,O. Grimsditch,Female,38,Declined to Identify,None,Not Admitted,,57
175-55-7298,20-04-2024,20:48:00,M. Stapleford,Male,56,African American,General Practice,Not Admitted,3,13
193-59-9441,22-06-2023,08:43:00,B. Dumbellow,Male,37,Asian,None,Not Admitted,,50
849-83-7668,27-06-2023,05:28:00,G. Ogilvie,Female,5,White,None,Not Admitted,,43
274-30-2230,17-04-2024,12:16:00,W. Bodham,Male,24,African American,None,Admitted,,42
242-37-3166,27-04-2023,15:44:00,H. Shorto,Male,10,White,None,Admitted,0,55
875-62-3505,17-12-2023,20:04:00,C. Renouf,Male,7,Native American/Alaska Native,None,Not Admitted,,47
661-56-7551,18-04-2023,09:55:00,W. Wollard,Male,33,Asian,Physiotherapy,Admitted,,52
528-57-6645,20-05-2023,12:27:00,R. Luty,Female,44,Asian,None,Not Admitted,4,60
715-45-1813,07-08-2023,02:46:00,M. Sandcraft,Female,48,African American,None,Not Admitted,,31
457-45-2849,21-12-2023,07:20:00,D. Stert,Male,8,Pacific Islander,None,Admitted,,41
692-49-3211,30-08-2023,23:34:00,P. De Rye Barrett,Male,69,African American,None,Not Admitted,4,38
621-48-6458,01-08-2023,09:48:00,N. Kinsella,Female,38,African American,None,Not Admitted,,54
691-12-9990,19-05-2024,06:56:00,H. Abrahim,Female,33,White,Gastroenterology,Not Admitted,,22
888-70-5454,22-06-2024,05:21:00,Q. Bolsteridge,Female,16,African American,None,Admitted,,41
323-30-5176,09-07-2024,21:39:00,S. Roz,Male,54,White,None,Admitted,7,56
452-96-1280,11-10-2024,19:53:00,C. Paolucci,Female,33,African American,None,Admitted,,39
763-87-4222,05-06-2023,12:44:00,C. Gabbitas,Female,73,African American,Orthopedics,Not Admitted,8,11
728-15-5341,28-10-2023,15:00:00,R. Kiely,Male,12,Asian,None,Not Admitted,,17
166-20-2794,28-08-2023,09:40:00,U. Percy,Male,68,White,None,Admitted,,44
501-78-1934,30-11-2023,10:12:00,H. Heigl,Female,16,African American,None,Admitted,,36
167-17-2338,28-09-2024,01:53:00,Y. Brunotti,Male,48,Native American/Alaska Native,None,Admitted,,44
288-91-8881,24-07-2023,01:41:00,Z. Scotchbourouge,Female,42,White,General Practice,Not Admitted,,20
156-04-1460,01-06-2024,23:55:00,V. Caress,Male,21,African American,None,Not Admitted,10,22
404-61-7141,29-01-2024,07:54:00,G. Schuler,Female,46,Native American/Alaska Native,Orthopedics,Admitted,,47
310-75-2760,02-06-2024,05:52:00,B. Mayhow,Male,78,Pacific Islander,General Practice,Not Admitted,7,59
797-10-7600,18-02-2024,11:41:00,V. Malletratt,Male,1,Two or More Races,None,Not Admitted,9,28
110-77-9670,10-12-2023,04:39:00,D. Skacel,Male,36,African American,Orthopedics,Admitted,,42
556-92-5924,01-09-2024,13:38:00,I. Fulstow,Female,37,Declined to Identify,None,Not Admitted,,52
298-10-7060,15-09-2023,13:09:00,O. Martygin,Female,34,African American,Orthopedics,Admitted,,15
490-07-8452,17-05-2023,07:02:00,F. Fawthrop,Male,1,Two or More Races,None,Not Admitted,10,48
172-88-6642,09-07-2024,11:43:00,O. Boggon,Male,53,African American,General Practice,Admitted,8,42
864-61-2647,10-09-2024,20:45:00,X. Bonnesen,Male,35,Two or More Races,Orthopedics,Admitted,5,16
131-71-6388,21-10-2023,18:42:00,A. Kunzler,Male,60,White,Orthopedics,Not Admitted,,16
462-37-3053,03-05-2024,16:14:00,A. Hempel,Male,41,Declined to Identify,None,Admitted,,23
353-11-2559,02-12-2023,20:38:00,V. Pollington,Female,49,Asian,None,Not Admitted,10,15
130-62-4906,21-04-2023,02:44:00,Q. Spurrior,Female,50,White,None,Not Admitted,,15
306-59-8935,13-07-2024,04:50:00,O. Urpeth,Male,44,Native American/Alaska Native,Cardiology,Admitted,,39
249-32-3203,22-04-2023,12:30:00,C. Rasell,Female,50,Two or More Races,None,Not Admitted,,24
262-69-4482,02-04-2023,05:05:00,U. Llopis,Male,38,Declined to Identify,Gastroenterology,Admitted,,14
510-69-5252,12-05-2023,16:52:00,Y. Mabon,Male,51,White,None,Admitted,,33
799-21-2876,29-05-2024,10:50:00,X. Dillaway,Female,19,Pacific Islander,None,Admitted,,39
373-37-3790,11-07-2024,23:07:00,J. Sumers,Male,67,Two or More Races,None,Not Admitted,3,56
421-39-9248,16-04-2024,05:11:00,H. Bogges,Male,13,White,Gastroenterology,Not Admitted,8,33
373-70-7925,06-02-2024,17:59:00,W. Dives,Male,16,White,Orthopedics,Admitted,,37
610-55-3526,09-04-2023,01:07:00,Y. Ovid,Male,29,White,Physiotherapy,Admitted,,14
525-36-7812,20-02-2024,22:36:00,G. Thorley,Male,58,White,General Practice,Not Admitted,,14
114-16-7000,07-11-2023,23:11:00,J. Kimm,Male,27,African American,General Practice,Not Admitted,,45
444-83-4739,01-05-2023,00:54:00,Q. Airey,Female,44,White,General Practice,Not Admitted,,30
699-99-8759,19-05-2023,14:05:00,Y. Stebbing,Female,27,White,None,Admitted,,31
476-99-7972,26-06-2023,09:09:00,D. Janisson,Female,68,African American,None,Admitted,,15
828-49-0441,01-02-2024,08:13:00,U. Jensen,Male,19,African American,None,Not Admitted,,38
522-31-4708,26-07-2024,11:30:00,Q. Stennet,Male,63,Pacific Islander,None,Admitted,,43
646-17-3871,31-07-2023,08:03:00,J. Dunston,Female,26,African American,None,Not Admitted,7,36
878-36-7830,25-06-2023,20:05:00,J. Pietrzyk,Male,19,White,Physiotherapy,Not Admitted,6,50
524-75-8060,23-10-2024,11:06:00,R. Simpson,Female,4,White,General Practice,Not Admitted,,39
181-45-7803,09-04-2024,00:12:00,O. Cisland,Female,21,African American,None,Not Admitted,,23
342-04-5123,14-07-2024,22:37:00,M. Aronowitz,Female,55,African American,None,Admitted,5,55
628-20-1693,12-04-2023,07:08:00,H. Klimke,Female,18,White,None,Not Admitted,,11
184-21-1948,17-07-2024,03:40:00,K. Guppey,Female,50,Two or More Races,General Practice,Admitted,,46
359-44-3613,26-03-2024,21:21:00,S. Lafflin,Female,20,African American,None,Not Admitted,,43
280-60-4794,18-05-2024,12:07:00,Z. Gillingham,Male,22,Asian,None,Not Admitted,,55
502-81-1725,25-10-2024,18:47:00,W. Boulder,Female,13,Pacific Islander,None,Not Admitted,8,50
489-43-8448,12-06-2024,00:37:00,O. Bunstone,Male,10,White,None,Not Admitted,,21
834-50-2690,29-08-2023,07:12:00,C. Kieff,Male,31,African American,General Practice,Admitted,,42
264-22-2247,05-06-2023,10:10:00,O. Gorhardt,Female,14,Two or More Races,General Practice,Not Admitted,8,12
825-23-7126,22-02-2024,10:52:00,W. Clarke-Williams,Female,42,Two or More Races,Gastroenterology,Not Admitted,,54
716-80-7186,05-05-2024,05:26:00,S. Venners,Male,29,African American,None,Not Admitted,,60
752-35-4165,01-05-2024,08:43:00,C. Glewe,Female,22,Asian,None,Not Admitted,,54
267-10-5957,11-01-2024,20:49:00,O. Guslon,Female,26,Asian,None,Admitted,,14
732-27-6608,14-07-2024,21:58:00,N. Guirard,Male,32,Pacific Islander,None,Not Admitted,,17
548-78-6274,30-08-2024,07:21:00,Z. Housegoe,Male,70,White,None,Not Admitted,,57
255-46-2640,09-05-2024,01:51:00,K. Kinglesyd,Female,2,Two or More Races,Orthopedics,Not Admitted,0,24
744-26-5135,02-03-2024,16:08:00,H. Francais,Male,29,White,None,Admitted,,32
852-35-5869,30-11-2023,14:20:00,T. Brennon,Female,15,Asian,Cardiology,Not Admitted,,54
551-35-9369,01-03-2024,12:16:00,B. Simonetto,Female,9,African American,General Practice,Not Admitted,10,47
294-07-5007,23-08-2023,20:27:00,R. Perkins,Female,75,African American,General Practice,Not Admitted,,22
526-03-2526,05-06-2023,02:56:00,V. Yarr,Male,54,African American,None,Not Admitted,0,59
532-60-7967,17-05-2024,13:23:00,I. Burberry,Female,63,African American,None,Not Admitted,,40
603-11-0846,26-09-2023,01:09:00,C. MattiCCI,Female,50,White,General Practice,Not Admitted,,28
867-06-8022,29-09-2023,13:22:00,W. Tours,Male,34,Declined to Identify,Renal,Admitted,,50
602-04-0876,07-08-2023,04:12:00,P. Egalton,Male,23,White,None,Admitted,,44
712-25-4902,07-07-2023,03:21:00,J. Skarman,Male,6,White,None,Not Admitted,2,32
201-90-2001,08-07-2024,19:41:00,M. De Avenell,Male,30,White,General Practice,Not Admitted,,14
374-26-1067,16-02-2024,15:38:00,V. Maillard,Male,12,White,None,Not Admitted,,40
825-76-3394,18-07-2024,22:29:00,Y. Kerrey,Male,63,White,General Practice,Not Admitted,0,45
274-62-9187,12-04-2023,19:25:00,O. Esland,Male,42,White,General Practice,Not Admitted,,27
169-56-6778,22-10-2023,16:04:00,H. Blitz,Male,65,White,None,Not Admitted,6,27
294-30-6567,14-04-2023,20:19:00,E. Winterborne,Male,21,Two or More Races,None,Admitted,,42
694-56-2971,12-01-2024,21:42:00,V. Doldon,Male,1,Pacific Islander,None,Not Admitted,7,24
499-95-0291,23-07-2023,09:38:00,J. Garner,Female,29,Pacific Islander,None,Admitted,,28
105-08-1976,23-07-2024,16:49:00,J. Klyn,Female,16,Native American/Alaska Native,Physiotherapy,Admitted,,58
270-90-4999,08-07-2024,23:12:00,J. Devericks,Female,38,Two or More Races,None,Not Admitted,,48
416-45-5565,18-11-2023,07:01:00,I. Buckby,Female,20,White,General Practice,Not Admitted,,40
253-84-5746,01-08-2023,07:12:00,Q. Celli,Female,22,Declined to Identify,None,Admitted,,29
593-36-2410,15-06-2024,11:51:00,G. Wrightson,Female,23,Asian,Gastroenterology,Admitted,8,23
864-78-5560,19-05-2024,19:44:00,Q. Coleson,Male,14,Asian,Physiotherapy,Not Admitted,,13
107-25-3448,05-08-2024,22:13:00,H. Littrik,Female,72,African American,None,Not Admitted,,21
846-58-7999,30-05-2024,06:14:00,R. Munby,Male,27,African American,None,Not Admitted,8,14
435-77-6310,19-06-2024,12:17:00,C. Pedrol,Male,25,Two or More Races,None,Admitted,,45
689-47-4564,18-01-2024,10:41:00,Q. McColm,Female,17,White,None,Not Admitted,,57
320-85-0898,16-02-2024,08:05:00,G. Paull,Male,78,Native American/Alaska Native,Orthopedics,Admitted,1,28
140-30-2555,16-02-2024,02:25:00,L. Vasilchenko,Female,19,White,Neurology,Not Admitted,,58
388-34-2380,11-02-2024,01:32:00,E. Normanton,Female,46,African American,Orthopedics,Admitted,,12
251-72-9605,24-01-2024,19:28:00,I. Gentry,Female,35,Two or More Races,Orthopedics,Not Admitted,,54
367-68-2505,27-09-2024,09:06:00,D. Humpherson,Female,6,Two or More Races,None,Admitted,,40
782-34-4167,17-04-2023,09:04:00,X. Osgarby,Female,36,White,General Practice,Admitted,9,50
660-86-2261,08-01-2024,19:38:00,E. McKeown,Female,27,Asian,None,Admitted,,55
307-95-7194,27-09-2024,06:11:00,A. Riddall,Male,2,African American,None,Admitted,,46
411-32-4858,23-10-2023,07:22:00,J. MacTrusty,Male,67,Asian,General Practice,Not Admitted,7,40
471-83-4980,04-09-2023,00:21:00,Z. Lomax,Male,53,African American,None,Admitted,2,37
506-94-2779,22-05-2024,09:48:00,B. Cornew,Female,74,White,None,Not Admitted,,51
706-09-4564,08-06-2024,10:01:00,U. Vickars,Male,26,White,None,Not Admitted,,19
463-17-9883,23-01-2024,09:41:00,X. Lasty,Male,56,Pacific Islander,None,Admitted,0,18
740-14-6005,10-11-2023,06:23:00,T. Dunk,Male,9,African American,None,Not Admitted,0,24
501-24-5548,26-09-2023,02:35:00,W. Towey,Female,3,African American,General Practice,Not Admitted,4,27
332-44-9371,08-05-2023,20:03:00,X. Cubbino,Male,18,African American,Orthopedics,Admitted,,36
256-95-4828,15-06-2023,03:28:00,R. Kimmings,Female,28,White,None,Not Admitted,9,37
715-12-7760,28-04-2023,14:56:00,C. Ovey,Male,49,Two or More Races,General Practice,Admitted,5,43
498-19-8616,01-03-2024,23:41:00,P. Lambe,Male,30,Declined to Identify,Cardiology,Admitted,,43
160-49-1316,23-12-2023,00:34:00,X. Glanton,Female,32,Two or More Races,General Practice,Not Admitted,,51
760-59-1309,29-08-2024,16:55:00,Z. Oakley,Male,52,Two or More Races,General Practice,Admitted,,49
591-83-7831,17-05-2023,10:22:00,Q. Bentick,Female,62,Native American/Alaska Native,None,Not Admitted,8,21
735-59-0676,21-07-2024,21:29:00,H. Artist,Male,49,Pacific Islander,None,Admitted,,34
343-75-3388,20-01-2024,11:54:00,M. Damrel,Female,40,Asian,None,Not Admitted,,32
331-25-4113,11-05-2023,00:20:00,A. Ettridge,Male,28,Pacific Islander,None,Admitted,,14
107-19-6298,15-08-2024,17:50:00,K. Clendennen,Male,28,Asian,Orthopedics,Not Admitted,,10
568-76-0444,22-01-2024,16:43:00,U. Doxsey,Female,74,Two or More Races,General Practice,Not Admitted,,18
516-65-1574,16-01-2024,10:54:00,F. Colwell,Female,50,Declined to Identify,None,Admitted,7,35
190-99-7486,26-05-2023,09:55:00,I. Follitt,Female,78,White,None,Admitted,,22
302-11-3266,14-05-2023,18:54:00,L. Toal,Female,24,White,General Practice,Not Admitted,,30
233-24-4968,21-09-2024,20:59:00,Q. Knapman,Male,49,Asian,None,Admitted,,56
718-40-9446,31-07-2024,15:22:00,A. Mitrikhin,Female,31,Two or More Races,Orthopedics,Not Admitted,1,55
245-02-8824,18-04-2024,20:25:00,A. Winfindine,Male,12,White,General Practice,Not Admitted,6,50
706-58-1402,28-02-2024,09:28:00,J. Garfitt,Male,66,Asian,General Practice,Not Admitted,,50
618-67-3994,24-02-2024,08:23:00,O. Stummeyer,Female,56,Two or More Races,None,Admitted,,54
880-75-5124,15-08-2023,11:23:00,B. von Hagt,Female,59,Two or More Races,Orthopedics,Not Admitted,,47
417-60-6491,11-06-2023,09:21:00,E. Creegan,Male,11,African American,General Practice,Admitted,,58
356-85-1950,07-08-2023,18:04:00,K. Auger,Female,10,African American,None,Not Admitted,,36
195-71-6230,20-08-2023,21:09:00,E. Holtham,Female,13,Pacific Islander,None,Not Admitted,0,47
397-44-2425,03-06-2023,01:27:00,O. Tincombe,Male,17,Two or More Races,General Practice,Not Admitted,5,12
539-86-9387,25-08-2024,15:56:00,M. Baudasso,Female,69,Asian,General Practice,Admitted,,32
266-73-6494,01-10-2023,11:36:00,P. Cockshutt,Female,13,Declined to Identify,None,Admitted,9,40
177-05-5852,06-05-2023,23:25:00,I. Delatour,Male,71,White,General Practice,Not Admitted,,25
575-74-8288,13-10-2023,20:19:00,J. Sharpless,Female,26,Two or More Races,None,Admitted,,36
334-31-4472,08-04-2023,17:26:00,C. Spracklin,Male,61,White,None,Not Admitted,,30
614-04-9706,30-10-2023,22:37:00,P. Schusterl,Female,78,White,Orthopedics,Not Admitted,,19
540-50-5144,31-07-2023,17:43:00,G. Wickham,Male,21,Declined to Identify,None,Not Admitted,,45
812-85-8608,27-05-2023,01:39:00,H. McKeurton,Male,53,Asian,Orthopedics,Not Admitted,0,50
619-68-4925,08-08-2024,11:45:00,I. Laborda,Female,22,African American,General Practice,Admitted,,12
106-50-3710,21-07-2023,05:31:00,L. Casiroli,Female,50,Two or More Races,None,Admitted,,25
892-34-1050,03-06-2023,01:38:00,C. Braunroth,Male,73,African American,None,Not Admitted,,60
307-56-5381,03-10-2023,11:22:00,D. Bossingham,Female,47,White,None,Not Admitted,,28
505-14-5247,03-05-2024,11:14:00,V. Gidden,Male,14,Pacific Islander,General Practice,Not Admitted,2,17
671-14-7147,24-09-2023,12:52:00,S. Rogliero,Female,12,White,None,Not Admitted,,29
483-71-2239,30-12-2023,17:51:00,D. Downie,Male,8,Declined to Identify,None,Admitted,0,21
298-33-9030,28-12-2023,02:20:00,A. Raithmill,Female,63,Two or More Races,General Practice,Admitted,5,19
485-81-8334,29-10-2023,21:36:00,X. Tewkesberrie,Male,39,White,Orthopedics,Not Admitted,,47
108-25-6001,06-08-2024,17:48:00,T. Snedker,Female,10,White,Neurology,Admitted,,11
215-03-5942,09-08-2023,08:03:00,V. Inns,Female,3,Pacific Islander,Physiotherapy,Not Admitted,,29
219-91-7181,20-01-2024,04:10:00,H. Stanway,Female,68,Two or More Races,None,Not Admitted,,27
607-44-6875,25-06-2023,07:56:00,L. Vedekhov,Female,35,African American,None,Not Admitted,8,35
158-72-1114,02-06-2024,10:26:00,O. Blakeney,Male,64,Two or More Races,General Practice,Admitted,3,32
388-69-8923,13-01-2024,19:05:00,G. Tanby,Female,72,White,None,Admitted,,33
728-66-8875,15-01-2024,13:10:00,X. Burness,Female,68,Asian,General Practice,Admitted,,36
361-42-4250,18-11-2023,21:20:00,J. Haddick,Female,69,Declined to Identify,General Practice,Not Admitted,,59
316-95-8309,28-05-2023,17:46:00,O. Ambrosini,Male,79,African American,None,Not Admitted,8,55
653-67-0050,30-10-2023,10:20:00,Y. Duggon,Female,16,African American,None,Not Admitted,,21
239-59-8659,12-10-2023,22:55:00,K. Gapp,Female,78,Asian,None,Admitted,9,43
241-34-9948,14-05-2023,01:04:00,W. Tabor,Female,10,White,None,Admitted,,51
171-54-7134,12-09-2024,03:14:00,X. Rouby,Female,64,Native American/Alaska Native,None,Not Admitted,,36
644-14-3306,04-01-2024,22:50:00,C. Wellan,Male,27,Asian,None,Admitted,4,23
659-59-5114,11-06-2024,07:25:00,Y. Oakden,Male,18,Declined to Identify,None,Admitted,,59
706-06-7749,14-04-2024,22:38:00,E. Campelli,Female,40,Asian,Orthopedics,Admitted,6,13
248-21-1787,02-04-2023,09:15:00,C. Benez,Female,60,White,Physiotherapy,Admitted,,60
806-82-0501,27-03-2024,00:28:00,P. Offield,Female,7,Native American/Alaska Native,None,Admitted,,24
271-74-6084,15-04-2024,01:32:00,W. Wycliff,Female,62,African American,Physiotherapy,Not Admitted,,56
112-21-1867,24-05-2024,15:47:00,R. Haulkham,Female,32,African American,None,Not Admitted,,44
745-14-6527,19-07-2024,13:27:00,F. Theze,Male,17,White,None,Not Admitted,,10
210-95-8263,08-09-2023,15:00:00,Q. Simon,Male,49,Two or More Races,None,Not Admitted,,33
253-01-4563,22-12-2023,00:30:00,U. Godspeede,Male,24,Native American/Alaska Native,General Practice,Not Admitted,,43
306-08-1494,22-05-2023,09:41:00,C. MacInnes,Female,69,Two or More Races,None,Not Admitted,,60
242-70-5420,23-08-2024,16:04:00,X. Caroll,Female,9,White,Physiotherapy,Not Admitted,,35
362-30-0094,01-10-2023,15:34:00,X. Outibridge,Male,65,Native American/Alaska Native,General Practice,Not Admitted,,39
651-84-7603,27-10-2024,15:34:00,X. Dunston,Female,59,African American,General Practice,Not Admitted,10,29
551-02-4054,06-06-2023,04:23:00,O. Gull,Female,65,African American,Cardiology,Admitted,,59
140-28-2291,17-03-2024,16:29:00,Y. Neame,Male,3,African American,None,Admitted,9,32
290-95-7276,15-09-2024,00:37:00,Q. Heselwood,Female,26,African American,None,Not Admitted,,49
750-10-6392,29-08-2024,06:21:00,W. Babin,Female,64,White,Orthopedics,Not Admitted,,43
809-85-4177,15-01-2024,20:53:00,J. Deluca,Male,65,Declined to Identify,General Practice,Not Admitted,1,33
181-41-7605,08-09-2024,10:45:00,K. Pesterfield,Male,27,Two or More Races,None,Not Admitted,,18
353-36-6428,24-07-2024,02:03:00,P. Durrant,Male,29,Pacific Islander,None,Not Admitted,,42
290-26-3161,23-10-2024,11:11:00,F. Ivanshintsev,Male,3,Two or More Races,None,Not Admitted,0,26
724-23-4445,20-08-2024,21:13:00,X. Orrom,Female,45,Asian,None,Admitted,,25
404-78-8737,14-07-2024,01:28:00,A. O'Fallowne,Male,75,Declined to Identify,None,Admitted,,25
642-92-2378,03-05-2024,03:16:00,I. O' Meara,Female,39,White,None,Admitted,5,29
631-49-3222,21-05-2023,05:58:00,N. Stump,Female,13,Declined to Identify,General Practice,Admitted,,27
684-93-8823,23-04-2023,19:21:00,K. Childe,Male,74,White,Cardiology,Admitted,,51
740-20-2785,25-05-2023,18:01:00,V. Biddulph,Female,34,Declined to Identify,None,Not Admitted,,39
167-30-0521,28-06-2023,13:24:00,L. Mablestone,Male,76,White,None,Admitted,,53
827-97-4092,17-02-2024,00:38:00,O. Sibbering,Male,26,Asian,Physiotherapy,Admitted,9,59
427-34-8170,13-10-2024,15:10:00,E. Braybrookes,Female,79,Asian,General Practice,Not Admitted,,21
364-28-5162,01-10-2023,15:20:00,I. De Ambrosis,Female,28,Pacific Islander,Cardiology,Not Admitted,7,18
214-51-5890,05-08-2023,15:00:00,H. Swalowe,Female,45,White,Orthopedics,Not Admitted,,40
231-02-7602,15-10-2023,14:44:00,R. Spelling,Male,22,White,Orthopedics,Not Admitted,,32
430-40-6651,03-07-2023,09:04:00,E. Bentz,Male,76,White,None,Admitted,3,50
568-02-0607,27-08-2023,00:37:00,L. Creamer,Female,8,African American,None,Admitted,,41
857-68-5135,06-04-2024,12:00:00,C. Scott,Female,4,African American,Gastroenterology,Not Admitted,6,47
633-74-7415,11-10-2023,12:34:00,O. Amor,Female,17,White,None,Admitted,4,37
768-43-9102,08-07-2023,00:55:00,S. Marrow,Female,12,Declined to Identify,None,Admitted,2,46
851-96-4883,05-08-2024,10:47:00,E. Mealiffe,Female,57,African American,General Practice,Not Admitted,,29
389-89-2868,03-06-2024,20:34:00,U. Brandassi,Female,61,Two or More Races,General Practice,Not Admitted,,29
387-40-4388,30-05-2024,06:44:00,K. Cruise,Male,31,White,Neurology,Not Admitted,,44
759-40-6832,03-06-2023,14:37:00,K. Luparto,Male,10,Two or More Races,Orthopedics,Admitted,,43
454-48-2824,20-11-2023,03:57:00,Z. Kernell,Female,7,Two or More Races,None,Not Admitted,,46
357-72-8460,01-05-2023,07:01:00,T. Fannon,Female,56,Two or More Races,None,Admitted,,56
241-06-7024,01-10-2023,15:44:00,E. Cutress,Female,19,African American,Physiotherapy,Admitted,1,60
618-10-2399,04-11-2023,03:38:00,B. Portail,Male,30,Two or More Races,Physiotherapy,Not Admitted,0,40
242-26-0614,21-02-2024,07:28:00,U. Terram,Male,59,African American,None,Admitted,,50
344-60-3150,04-02-2024,13:53:00,F. Butts,Male,15,African American,General Practice,Admitted,,16
207-52-3908,19-11-2023,14:19:00,M. Dikels,Female,20,White,Orthopedics,Admitted,7,33
288-28-0528,24-12-2023,13:24:00,G. Denne,Male,73,Two or More Races,None,Not Admitted,,47
596-31-5134,22-05-2024,13:54:00,Q. Danielkiewicz,Female,1,Declined to Identify,None,Admitted,,21
353-44-5247,25-07-2023,23:16:00,E. Braunes,Male,11,Pacific Islander,None,Not Admitted,7,58
636-33-2409,14-12-2023,00:00:00,D. Budik,Female,57,Declined to Identify,General Practice,Not Admitted,,41
411-40-4241,30-05-2023,10:22:00,H. Longland,Female,62,Asian,General Practice,Admitted,,49
451-17-9647,14-11-2023,04:15:00,I. Lethbury,Male,1,Declined to Identify,Orthopedics,Not Admitted,,36
733-31-0767,22-03-2024,12:20:00,M. Mullany,Male,53,Asian,None,Admitted,,29
511-19-0295,29-07-2023,02:58:00,D. Langston,Male,28,Pacific Islander,General Practice,Not Admitted,,45
603-46-9977,28-09-2024,17:53:00,Q. Elfe,Female,49,African American,None,Admitted,,15
477-57-4070,18-04-2023,04:45:00,G. Potteridge,Male,57,African American,None,Admitted,2,33
632-44-8851,22-02-2024,16:06:00,Q. Aicken,Female,32,Declined to Identify,General Practice,Admitted,,39
482-14-6628,16-12-2023,15:02:00,V. Trengove,Male,50,African American,None,Not Admitted,,52
500-11-7409,09-03-2024,16:51:00,I. Wasielewicz,Male,76,White,None,Admitted,,49
340-20-9334,24-01-2024,02:42:00,K. Ham,Female,25,Two or More Races,None,Admitted,,57
448-51-7664,07-10-2023,11:17:00,H. Wheeliker,Male,39,Pacific Islander,None,Admitted,10,59
331-93-9295,28-04-2023,05:36:00,J. Vain,Female,76,White,None,Admitted,,41
106-58-3767,21-09-2024,05:30:00,Z. Briance,Female,10,African American,None,Not Admitted,,43
399-73-4231,25-07-2023,23:02:00,A. Alejandro,Female,27,White,Gastroenterology,Not Admitted,,12
386-79-2013,18-12-2023,20:43:00,T. McIlharga,Male,55,Native American/Alaska Native,Renal,Not Admitted,1,31
264-80-8420,02-09-2023,00:03:00,V. Readmire,Male,15,White,None,Admitted,,41
758-87-8577,22-01-2024,12:37:00,G. Haseldine,Female,44,Asian,None,Admitted,,30
432-64-7259,21-04-2024,16:10:00,C. Wharlton,Female,35,Declined to Identify,None,Not Admitted,,55
881-97-4043,27-02-2024,05:13:00,R. McFadin,Female,78,White,General Practice,Admitted,9,42
577-64-5812,12-10-2024,02:07:00,C. Pairpoint,Male,33,African American,None,Admitted,,59
518-18-8369,29-09-2024,14:57:00,F. Mickleburgh,Female,63,Asian,None,Admitted,,11
192-58-1232,26-06-2023,22:56:00,Q. Gleadhell,Female,27,Two or More Races,Neurology,Not Admitted,,42
114-36-5111,21-02-2024,22:55:00,R. Tilburn,Female,44,White,None,Admitted,,30
163-41-6583,30-10-2023,15:15:00,O. Bilby,Female,25,African American,None,Admitted,,12
534-52-3938,05-06-2024,18:50:00,J. Felmingham,Male,34,Two or More Races,None,Not Admitted,6,41
530-98-5548,29-05-2023,17:41:00,J. Melmeth,Female,64,Declined to Identify,General Practice,Not Admitted,,42
880-96-7672,28-07-2024,21:08:00,M. Huncoot,Male,53,Two or More Races,None,Admitted,8,23
543-30-7171,12-08-2024,08:26:00,F. Canty,Male,12,White,Orthopedics,Not Admitted,,60
249-15-9115,08-09-2023,19:16:00,K. Whopples,Female,54,Two or More Races,Cardiology,Admitted,,18
729-02-7030,26-03-2024,18:38:00,M. Satch,Female,59,Asian,None,Admitted,,44
808-17-1359,27-10-2024,19:57:00,U. Hargey,Male,76,White,General Practice,Admitted,5,13
540-89-3110,28-09-2024,10:17:00,R. Elderton,Female,60,Two or More Races,None,Not Admitted,,10
100-40-2709,08-05-2024,04:58:00,O. Cammack,Male,77,White,None,Not Admitted,,48
867-83-3947,08-09-2024,07:37:00,S. Pash,Male,29,Pacific Islander,None,Not Admitted,,55
849-01-9695,21-05-2024,17:14:00,H. Emmanuele,Female,5,Two or More Races,None,Admitted,,37
601-32-8756,03-05-2024,04:49:00,I. Sissel,Female,8,Asian,None,Not Admitted,7,54
409-67-0369,14-07-2023,16:51:00,E. ducarme,Female,78,African American,None,Admitted,,40
821-39-6737,14-10-2023,13:39:00,F. Yockney,Female,44,White,None,Not Admitted,,48
197-60-5950,25-07-2024,17:01:00,H. Rudland,Male,34,White,None,Not Admitted,,59
612-42-2700,21-07-2023,08:56:00,L. Torald,Male,6,White,None,Not Admitted,,29
607-43-0418,24-03-2024,22:41:00,P. Queyeiro,Female,27,White,None,Admitted,8,29
403-72-3420,19-09-2024,00:21:00,Y. Hallihan,Male,32,African American,None,Not Admitted,7,15
204-52-5423,13-07-2024,15:30:00,W. Lobe,Female,11,White,Orthopedics,Not Admitted,,55
469-38-1832,16-06-2023,09:08:00,M. Tutton,Female,32,Two or More Races,None,Admitted,,51
295-25-4846,11-09-2024,09:13:00,C. Kepp,Male,72,Two or More Races,None,Admitted,8,53
730-22-5135,13-10-2024,23:15:00,H. Trubshaw,Female,43,Native American/Alaska Native,None,Not Admitted,,53
408-14-1967,25-11-2023,11:35:00,H. McCanny,Female,66,Asian,Orthopedics,Not Admitted,,19
186-82-0440,06-02-2024,10:37:00,T. Rought,Male,56,Declined to Identify,General Practice,Admitted,,40
338-56-5549,09-09-2023,19:25:00,F. Cod,Male,56,African American,Orthopedics,Admitted,,59
424-43-5485,09-10-2024,23:25:00,Z. McClarence,Male,16,White,General Practice,Not Admitted,,15
109-57-9083,16-07-2023,10:50:00,O. Gohn,Female,28,Pacific Islander,None,Not Admitted,,12
129-82-0895,08-09-2023,05:59:00,B. Hargie,Male,56,White,None,Admitted,,42
786-39-5598,21-02-2024,09:05:00,M. Thurner,Female,38,White,None,Admitted,,55
684-05-3448,28-08-2023,06:12:00,F. Boggish,Female,33,Native American/Alaska Native,None,Admitted,5,45
381-53-8528,19-09-2023,16:49:00,A. Roundtree,Female,51,White,None,Admitted,,36
411-83-5149,21-01-2024,21:20:00,U. Tumielli,Female,47,Declined to Identify,None,Not Admitted,,17
280-13-7317,16-05-2023,07:54:00,C. Woolveridge,Male,18,Declined to Identify,None,Admitted,3,11
123-29-1223,28-07-2024,13:37:00,G. Kingdom,Female,10,African American,None,Not Admitted,,18
398-34-3572,24-06-2024,17:48:00,X. Mouncey,Female,31,Two or More Races,None,Not Admitted,,25
554-96-3589,23-08-2023,17:42:00,K. Willowby,Male,70,African American,None,Admitted,9,49
530-22-6924,15-09-2023,22:42:00,W. McFadin,Female,61,Pacific Islander,General Practice,Admitted,,42
449-69-8456,07-10-2024,06:43:00,V. Robic,Female,29,White,None,Admitted,4,10
280-93-8703,18-03-2024,16:26:00,C. Izat,Female,67,African American,General Practice,Not Admitted,8,42
167-77-4307,23-01-2024,15:26:00,F. Tunniclisse,Male,57,African American,Orthopedics,Admitted,,60
532-77-3729,15-12-2023,15:01:00,E. Grimsdith,Male,28,African American,None,Admitted,,49
310-55-5331,08-07-2024,00:03:00,J. Goneau,Male,9,African American,Orthopedics,Not Admitted,5,16
887-74-5024,26-11-2023,01:49:00,Q. Rathe,Female,51,Two or More Races,General Practice,Admitted,,38
379-45-8010,23-10-2024,16:28:00,Q. Rapi,Female,45,African American,General Practice,Admitted,,53
353-77-6257,02-04-2023,23:10:00,V. Van Der Walt,Male,75,White,None,Not Admitted,7,33
366-93-1146,26-01-2024,16:26:00,G. Greeding,Male,49,African American,None,Admitted,10,52
636-59-9872,07-03-2024,23:19:00,M. Djekovic,Male,40,Pacific Islander,Physiotherapy,Not Admitted,,38
707-40-6053,27-09-2024,21:34:00,O. Bahde,Female,26,Declined to Identify,None,Not Admitted,,37
142-10-3821,11-04-2023,21:35:00,U. Oxenham,Female,3,Declined to Identify,General Practice,Not Admitted,,24
707-65-0931,27-02-2024,07:37:00,W. Danford,Female,55,African American,None,Not Admitted,,25
608-50-7377,05-10-2023,08:07:00,S. Adnam,Female,73,White,General Practice,Not Admitted,,12
125-27-8454,12-09-2023,13:18:00,N. Seeney,Female,48,White,General Practice,Not Admitted,,53
593-21-1380,01-07-2023,06:50:00,L. Crawshay,Male,40,Two or More Races,None,Not Admitted,,16
241-01-9916,29-12-2023,00:02:00,G. Tavernor,Male,28,Asian,General Practice,Admitted,1,26
314-47-2091,12-03-2024,08:45:00,Z. Weyman,Male,35,African American,General Practice,Admitted,,44
312-60-6865,30-07-2023,01:34:00,J. Twinborne,Male,30,White,Orthopedics,Admitted,10,29
343-40-4924,15-09-2023,12:42:00,L. Almack,Male,29,Two or More Races,Cardiology,Not Admitted,,51
229-08-8535,27-09-2024,13:33:00,O. Portchmouth,Female,36,Asian,None,Admitted,,27
428-76-6409,08-08-2023,08:53:00,H. Duffy,Male,26,Pacific Islander,None,Admitted,3,13
859-84-2585,21-06-2024,11:39:00,J. Flarity,Male,7,White,None,Admitted,,12
203-99-0377,29-10-2023,14:39:00,U. Tomasian,Female,29,Declined to Identify,General Practice,Not Admitted,,16
673-87-9658,01-12-2023,03:20:00,O. Trumper,Male,53,Two or More Races,Cardiology,Admitted,,57
602-61-9639,28-07-2023,07:41:00,X. Housegoe,Female,51,Declined to Identify,None,Admitted,,17
454-08-5050,03-10-2024,10:20:00,Z. Gibbens,Female,67,Native American/Alaska Native,General Practice,Not Admitted,6,48
523-22-4909,22-02-2024,00:10:00,D. Brimilcome,Male,23,Two or More Races,General Practice,Not Admitted,,47
407-21-4291,15-09-2023,23:14:00,A. MacMechan,Male,55,African American,None,Admitted,4,40
812-30-7792,08-05-2024,07:37:00,N. Bestwall,Male,18,Pacific Islander,General Practice,Admitted,,13
760-40-8441,27-01-2024,13:47:00,C. Place,Male,62,African American,None,Not Admitted,4,43
278-30-2643,25-02-2024,01:03:00,W. Draysey,Female,47,African American,None,Not Admitted,,14
646-30-8991,02-12-2023,12:39:00,D. Coppard,Female,13,African American,General Practice,Admitted,2,52
389-47-4560,03-05-2023,19:06:00,Z. Klaggeman,Male,79,White,None,Admitted,,25
795-71-2961,11-04-2024,09:32:00,J. Englishby,Female,39,Native American/Alaska Native,General Practice,Not Admitted,,16
696-43-9529,20-08-2023,08:35:00,S. Drewet,Male,57,African American,None,Admitted,,14
536-05-9082,04-06-2023,07:23:00,E. Gepheart,Female,20,Two or More Races,None,Admitted,4,24
842-53-5003,03-09-2023,13:49:00,E. Ricketts,Male,74,Declined to Identify,None,Admitted,3,56
649-05-0980,18-07-2023,17:30:00,K. Berriman,Female,75,Two or More Races,None,Not Admitted,1,20
253-73-0692,24-01-2024,03:12:00,U. Sidden,Male,2,Declined to Identify,General Practice,Not Admitted,,33
751-06-2730,27-06-2024,11:20:00,S. Threadgill,Male,6,African American,Orthopedics,Admitted,3,30
719-37-8355,30-09-2023,07:11:00,I. Hatt,Female,9,White,None,Admitted,,41
722-84-3095,21-05-2023,20:20:00,F. Plank,Female,76,Two or More Races,Physiotherapy,Admitted,,43
747-96-6784,25-06-2023,05:25:00,E. Ethington,Male,68,Two or More Races,None,Not Admitted,10,45
170-62-0653,13-09-2024,18:47:00,S. Trevain,Female,44,White,None,Admitted,5,42
530-18-6594,06-04-2023,15:50:00,B. Delion,Male,69,African American,None,Not Admitted,,21
306-12-0501,10-08-2023,16:51:00,B. Korba,Female,5,Two or More Races,None,Admitted,,37
255-92-8939,09-08-2023,20:30:00,V. Dy,Male,65,Two or More Races,Renal,Admitted,8,26
171-23-3641,26-07-2024,19:21:00,H. Witcomb,Male,77,Two or More Races,None,Not Admitted,,24
450-28-3332,01-10-2024,04:30:00,B. Hindes,Male,26,White,None,Not Admitted,,17
569-24-2406,16-05-2024,19:09:00,Y. Whether,Male,48,Asian,None,Not Admitted,,32
697-73-4767,16-01-2024,13:56:00,B. Clewes,Female,57,White,General Practice,Not Admitted,,32
844-86-6653,12-11-2023,04:29:00,F. Trett,Male,3,White,General Practice,Not Admitted,3,38
502-06-9989,30-07-2023,03:40:00,C. Ikringill,Male,10,White,None,Admitted,,57
460-55-2507,29-08-2023,19:35:00,H. Goodisson,Female,44,African American,Orthopedics,Admitted,1,32
429-32-3098,16-04-2023,20:13:00,Z. Alldridge,Female,76,White,None,Admitted,,13
433-42-5910,02-04-2024,05:05:00,V. Schout,Female,74,Asian,Gastroenterology,Admitted,8,39
294-28-2369,08-03-2024,08:21:00,U. Motto,Female,48,White,None,Admitted,,46
191-36-0112,08-07-2023,22:56:00,L. Stoker,Male,39,White,None,Admitted,5,42
558-14-1217,12-07-2024,19:18:00,G. Lead,Male,53,Native American/Alaska Native,Orthopedics,Admitted,8,51
139-07-0452,21-09-2024,09:29:00,K. McGarva,Male,20,Declined to Identify,Orthopedics,Admitted,3,57
665-04-6942,26-04-2024,09:01:00,C. Leyden,Male,40,White,Orthopedics,Not Admitted,,23
392-82-1935,30-10-2024,03:49:00,Z. Ernshaw,Female,23,White,None,Not Admitted,,24
738-27-0084,13-08-2023,01:56:00,N. Proom,Female,37,Declined to Identify,General Practice,Admitted,,51
320-36-7101,20-06-2023,13:43:00,T. Fudge,Male,37,Asian,None,Admitted,,32
378-74-2509,18-10-2023,20:03:00,F. Watkinson,Male,30,African American,Orthopedics,Admitted,2,53
151-94-5863,13-07-2023,05:19:00,T. Union,Female,34,White,None,Admitted,,43
838-07-1763,02-06-2023,16:17:00,Y. Piwall,Female,6,White,General Practice,Not Admitted,,20
745-60-8922,13-04-2023,01:32:00,O. Jacson,Male,31,Two or More Races,None,Not Admitted,,14
162-86-9521,12-01-2024,06:56:00,A. Cudihy,Male,68,Native American/Alaska Native,General Practice,Admitted,,33
602-37-2587,30-12-2023,21:56:00,Q. Lutwyche,Female,73,African American,None,Admitted,4,20
148-56-6438,03-12-2023,02:05:00,Q. Farloe,Female,56,Two or More Races,None,Admitted,,28
674-39-3958,14-06-2023,22:10:00,L. Corradino,Female,63,White,None,Admitted,0,46
276-38-4682,11-02-2024,23:23:00,O. Theodore,Female,13,Declined to Identify,Cardiology,Not Admitted,,40
475-56-5117,07-10-2023,22:48:00,A. Zelner,Male,31,Two or More Races,None,Not Admitted,,18
232-81-4919,07-08-2023,15:21:00,T. Simonich,Female,61,Pacific Islander,Orthopedics,Not Admitted,,44
616-41-9787,01-09-2024,10:15:00,Q. Nanetti,Male,54,African American,Cardiology,Admitted,,34
334-65-8008,07-10-2024,15:40:00,K. Abrahams,Male,7,White,None,Admitted,,56
745-02-2194,30-05-2023,11:48:00,Q. MacSkeagan,Female,39,African American,None,Admitted,,17
583-91-6038,17-11-2023,07:19:00,W. Salmond,Male,76,African American,None,Not Admitted,,30
120-29-3911,19-03-2024,18:39:00,P. Corradini,Male,78,Two or More Races,None,Admitted,1,52
586-91-2074,17-09-2024,05:53:00,D. Emmitt,Male,21,Declined to Identify,None,Admitted,,22
557-57-3240,22-06-2023,12:26:00,I. Gethins,Male,42,African American,None,Not Admitted,,55
634-94-1438,05-01-2024,22:58:00,P. Baudichon,Male,27,Two or More Races,Orthopedics,Admitted,,49
524-89-7434,02-04-2024,04:00:00,I. Laven,Male,37,White,None,Not Admitted,,33
121-57-0594,07-09-2024,02:40:00,S. de Verson,Male,5,African American,None,Not Admitted,,17
251-33-7796,25-02-2024,20:02:00,H. Scown,Male,12,African American,None,Not Admitted,,22
805-72-1704,10-11-2023,06:16:00,Y. Whitear,Female,32,Declined to Identify,Gastroenterology,Not Admitted,5,11
500-12-4114,01-07-2023,22:29:00,E. Connal,Male,56,White,None,Admitted,,15
472-80-8183,13-08-2024,03:57:00,E. Simner,Male,19,White,Orthopedics,Not Admitted,1,52
445-48-0091,01-09-2023,08:46:00,J. Beckingham,Female,42,Declined to Identify,None,Admitted,,11
632-20-4911,14-05-2024,23:40:00,Q. Penwright,Male,25,African American,None,Admitted,0,35
331-48-0116,15-09-2023,23:10:00,T. Arnao,Female,54,White,None,Admitted,,31
792-04-6423,09-09-2024,14:00:00,K. Brittan,Female,59,White,General Practice,Admitted,,56
595-46-8071,10-03-2024,04:22:00,C. Drieu,Female,11,Two or More Races,None,Admitted,,39
896-82-2567,28-07-2024,04:44:00,X. Schoffel,Female,9,White,General Practice,Not Admitted,,48
580-30-1480,23-12-2023,18:24:00,Z. Bartrum,Female,7,Two or More Races,Orthopedics,Not Admitted,,27
697-21-0978,16-09-2023,22:37:00,X. Cicetti,Male,14,African American,None,Admitted,,38
178-03-0288,13-09-2023,05:11:00,F. Kunz,Female,73,Two or More Races,Physiotherapy,Not Admitted,,25
564-64-5838,19-09-2024,04:40:00,M. Driffill,Female,40,Asian,None,Admitted,,44
423-95-8777,15-02-2024,13:39:00,X. Doogan,Female,28,African American,General Practice,Admitted,,52
879-96-5283,11-09-2024,13:26:00,K. Gorvette,Female,69,Two or More Races,None,Admitted,,26
568-65-2667,16-06-2023,18:55:00,L. Mammatt,Male,64,Asian,None,Admitted,,50
282-26-7682,14-04-2024,13:08:00,X. Asker,Male,73,African American,Physiotherapy,Not Admitted,5,42
377-04-9725,05-02-2024,11:25:00,U. Jeens,Male,10,Native American/Alaska Native,None,Not Admitted,,44
368-97-6319,11-11-2023,18:24:00,S. Daughtery,Female,61,African American,None,Not Admitted,,24
226-10-3804,25-10-2023,08:45:00,J. Minghi,Male,39,Pacific Islander,Physiotherapy,Admitted,5,45
370-30-5916,04-11-2023,05:27:00,C. Slafford,Female,63,Two or More Races,None,Not Admitted,,10
318-96-4834,19-07-2024,08:24:00,E. Timewell,Female,6,White,None,Admitted,,18
651-40-0526,26-12-2023,17:38:00,E. Tatters,Female,4,Asian,None,Admitted,,59
735-88-4353,27-04-2023,08:59:00,G. Redbourn,Male,37,White,None,Not Admitted,,16
688-62-6860,09-01-2024,13:11:00,L. Hurdle,Female,27,Native American/Alaska Native,None,Admitted,,38
291-99-8598,11-07-2023,22:52:00,G. Hogbin,Male,11,Native American/Alaska Native,Cardiology,Not Admitted,,50
255-92-2375,19-06-2023,03:06:00,N. Jerdan,Male,70,Asian,None,Admitted,4,17
721-71-7824,22-08-2023,06:33:00,F. Troubridge,Female,31,Two or More Races,None,Not Admitted,,34
233-13-0126,28-03-2024,19:07:00,L. Murdy,Male,52,African American,Orthopedics,Not Admitted,,12
468-35-7714,18-05-2023,04:10:00,U. Harbertson,Male,41,Two or More Races,Orthopedics,Not Admitted,,46
774-35-2604,24-03-2024,11:55:00,K. Ginman,Female,25,White,None,Admitted,,25
787-98-6577,11-12-2023,13:31:00,C. Wherry,Male,59,Native American/Alaska Native,General Practice,Admitted,,15
344-08-7920,27-09-2023,19:07:00,J. McPharlain,Female,48,African American,Physiotherapy,Not Admitted,,34
454-88-1988,04-10-2024,21:51:00,P. Bravery,Male,5,White,None,Not Admitted,,27
632-40-8703,04-06-2024,04:29:00,F. Barensky,Male,37,Pacific Islander,None,Admitted,,54
784-61-7194,21-08-2023,02:23:00,A. Menguy,Female,17,Pacific Islander,None,Admitted,,23
370-02-5695,16-07-2023,03:06:00,Y. Yurikov,Male,39,Declined to Identify,None,Not Admitted,,31
609-51-6263,03-03-2024,07:28:00,P. Coda,Female,14,African American,None,Admitted,,60
644-58-1558,28-11-2023,18:58:00,N. Krimmer,Female,44,African American,Physiotherapy,Not Admitted,,44
258-60-6957,03-11-2023,15:44:00,X. Pomfrett,Female,20,Two or More Races,General Practice,Not Admitted,1,21
820-20-3247,30-11-2023,19:41:00,V. Kittley,Male,77,Asian,None,Admitted,7,56
862-66-9466,07-07-2023,01:50:00,C. Marchington,Female,72,Pacific Islander,None,Not Admitted,2,52
191-59-7336,14-05-2023,04:41:00,Z. Donovin,Female,21,Two or More Races,None,Not Admitted,,27
854-16-1184,10-05-2023,05:22:00,O. Crocetti,Female,12,Declined to Identify,None,Not Admitted,,39
673-44-9918,21-07-2024,01:30:00,O. Lindelof,Female,67,White,Orthopedics,Admitted,,34
263-10-1520,01-03-2024,07:26:00,M. Saipy,Male,37,White,Cardiology,Not Admitted,,27
296-40-3993,02-10-2023,08:27:00,P. Goodley,Male,8,Two or More Races,None,Admitted,,15
443-90-1086,02-03-2024,09:12:00,F. Harg,Female,77,Native American/Alaska Native,None,Not Admitted,,30
567-05-4342,09-10-2024,05:41:00,N. Emblin,Female,21,Two or More Races,General Practice,Admitted,,55
266-12-6783,14-10-2024,06:01:00,U. Henlon,Male,26,African American,General Practice,Not Admitted,,42
144-86-5245,31-05-2024,23:20:00,G. Squibbes,Female,76,White,None,Admitted,,31
497-45-3476,05-08-2023,21:03:00,K. Zanetto,Female,4,Two or More Races,None,Not Admitted,,51
457-25-0613,31-05-2024,20:44:00,K. Burnside,Male,33,African American,Orthopedics,Admitted,,24
136-16-3393,10-04-2023,08:45:00,U. Carswell,Male,27,White,Renal,Admitted,4,47
345-80-7681,16-06-2024,15:24:00,O. Buddington,Male,24,African American,None,Not Admitted,,46
778-31-9819,01-09-2023,16:58:00,M. Tolossi,Male,78,Asian,None,Admitted,,58
570-65-0181,28-08-2024,08:38:00,W. Schistl,Female,58,African American,None,Not Admitted,,42
678-33-6326,17-06-2023,13:03:00,H. O'Dowd,Female,59,White,Cardiology,Not Admitted,8,14
754-53-5621,18-12-2023,17:57:00,O. Corder,Male,34,Asian,None,Admitted,7,11
208-13-3546,24-04-2024,15:59:00,B. O'Kynsillaghe,Male,7,White,None,Admitted,,35
851-76-2999,17-08-2024,19:38:00,Z. Hammand,Female,62,African American,None,Admitted,,32
279-01-8909,31-03-2024,03:12:00,V. Di Franceshci,Male,41,Pacific Islander,General Practice,Not Admitted,,58
566-62-7832,19-09-2023,22:48:00,F. Hars,Female,52,Two or More Races,General Practice,Not Admitted,1,30
813-17-2531,26-04-2024,22:21:00,R. MacClinton,Female,70,Declined to Identify,None,Admitted,,20
860-43-2537,04-09-2024,06:27:00,D. Wessel,Male,31,Declined to Identify,Orthopedics,Admitted,,19
717-44-1754,09-11-2023,05:46:00,P. McIlvenna,Male,34,Declined to Identify,Gastroenterology,Not Admitted,1,26
788-05-7233,14-04-2024,22:53:00,W. Rosensaft,Male,52,White,General Practice,Not Admitted,,35
269-56-0676,15-01-2024,22:57:00,R. Tooth,Male,77,White,None,Admitted,2,59
432-19-9911,06-11-2023,15:07:00,S. Iamittii,Female,24,White,Orthopedics,Not Admitted,,51
824-31-0857,18-08-2024,01:14:00,I. MacKean,Female,71,Declined to Identify,None,Admitted,,53
180-73-9658,07-02-2024,03:38:00,A. Bewlay,Male,25,Two or More Races,None,Not Admitted,,59
759-33-6592,14-03-2024,14:18:00,I. Kochs,Male,56,Declined to Identify,None,Admitted,,32
462-57-0018,04-07-2023,16:24:00,W. Welman,Female,39,White,None,Not Admitted,,29
359-57-5243,21-04-2023,22:27:00,Y. Archanbault,Male,33,African American,General Practice,Not Admitted,,46
234-53-3039,06-05-2024,17:11:00,T. Brilleman,Female,46,African American,General Practice,Not Admitted,4,32
494-35-2410,01-04-2024,22:27:00,O. Mercy,Male,4,Two or More Races,Gastroenterology,Not Admitted,,30
421-47-5088,04-08-2024,20:13:00,I. Spelman,Male,45,African American,None,Not Admitted,,60
500-22-9975,07-05-2024,23:18:00,T. Hewes,Female,24,White,General Practice,Admitted,,40
567-64-8503,15-08-2024,00:05:00,A. Knight,Male,28,Two or More Races,Physiotherapy,Not Admitted,,58
482-31-9677,05-08-2024,18:16:00,Z. Prott,Male,5,White,Renal,Not Admitted,,19
457-93-2979,30-04-2024,00:26:00,R. Snelgrove,Female,53,White,Orthopedics,Admitted,,45
840-11-5082,05-01-2024,19:14:00,L. Wyburn,Female,9,Two or More Races,General Practice,Admitted,10,28
404-87-6936,03-01-2024,13:15:00,M. Caudrelier,Female,53,African American,None,Admitted,,31
557-05-5863,13-07-2024,06:12:00,L. Gillford,Male,64,Two or More Races,Orthopedics,Not Admitted,,29
801-66-2184,25-10-2024,19:27:00,N. Hearon,Male,56,White,Orthopedics,Not Admitted,,17
826-83-6796,26-05-2024,12:05:00,Q. Snoad,Female,35,Asian,None,Not Admitted,,39
395-41-5858,21-04-2023,01:13:00,E. Ervine,Female,70,African American,None,Not Admitted,,34
347-72-5118,13-04-2024,08:30:00,N. Fraczkiewicz,Male,59,Asian,None,Admitted,,37
114-45-5732,17-10-2024,11:37:00,I. Isham,Female,43,White,Cardiology,Admitted,,18
181-84-9858,14-06-2024,11:28:00,T. Lindenberg,Female,10,Two or More Races,General Practice,Not Admitted,,55
542-98-7304,25-12-2023,09:28:00,L. Jobe,Male,79,Two or More Races,None,Not Admitted,,39
615-16-5686,03-10-2023,06:45:00,D. McAvey,Female,11,African American,General Practice,Admitted,,49
156-26-5666,20-10-2024,17:44:00,N. Keysall,Female,2,Declined to Identify,General Practice,Admitted,2,10
245-37-8627,30-06-2023,15:47:00,I. Lilloe,Male,26,Asian,None,Admitted,1,33
696-86-6623,25-10-2024,00:14:00,J. Wilfing,Male,11,African American,Physiotherapy,Admitted,,10
414-64-8497,02-09-2023,12:18:00,A. Clempton,Male,65,Declined to Identify,None,Not Admitted,2,40
676-71-8991,03-03-2024,14:26:00,O. Wisby,Female,14,African American,None,Admitted,,10
806-55-2798,10-12-2023,00:22:00,A. Gulc,Female,40,Pacific Islander,None,Not Admitted,,17
757-21-9703,21-07-2023,02:00:00,P. Syncke,Female,42,Asian,None,Not Admitted,,45
788-38-9695,26-08-2023,11:21:00,I. Auchterlony,Female,7,White,General Practice,Not Admitted,5,31
601-49-6614,23-11-2023,18:30:00,G. Cleife,Male,58,White,General Practice,Not Admitted,,19
549-79-0918,08-06-2023,15:54:00,V. Vevers,Male,66,Two or More Races,Orthopedics,Admitted,,21
590-21-6350,16-12-2023,11:53:00,Q. Dalliwater,Male,49,Two or More Races,None,Admitted,,43
592-78-2378,08-10-2024,07:30:00,A. Funnell,Female,53,Declined to Identify,Neurology,Not Admitted,5,10
268-85-0735,09-01-2024,22:30:00,J. Sell,Female,48,White,None,Admitted,,11
285-58-7134,02-04-2024,23:57:00,S. McFadyen,Male,16,Two or More Races,Gastroenterology,Admitted,,54
325-98-4218,30-08-2023,19:49:00,Z. Teideman,Male,2,Two or More Races,General Practice,Not Admitted,,38
523-01-7161,22-07-2023,22:15:00,D. Edson,Male,7,African American,None,Admitted,5,12
258-52-1051,09-08-2023,18:13:00,R. Duddell,Male,15,White,Orthopedics,Not Admitted,2,36
232-91-0483,07-11-2023,02:53:00,A. Tavinor,Male,70,White,None,Admitted,5,13
346-95-1105,13-05-2024,17:44:00,K. Fairfoul,Male,40,Declined to Identify,Neurology,Admitted,,34
590-81-9405,09-10-2023,17:15:00,G. Gianullo,Male,50,African American,None,Admitted,,47
869-78-4400,10-10-2023,20:49:00,D. Binestead,Female,65,Native American/Alaska Native,Orthopedics,Admitted,,51
270-65-3632,27-07-2024,13:08:00,H. Northedge,Male,59,African American,None,Admitted,,34
237-84-8828,16-08-2024,19:55:00,R. Whitehouse,Male,35,Native American/Alaska Native,None,Not Admitted,6,53
619-20-9832,20-10-2023,07:55:00,E. Achurch,Male,58,Declined to Identify,None,Not Admitted,,21
176-89-2201,24-08-2023,19:41:00,H. Cooley,Female,76,Declined to Identify,None,Admitted,,38
363-33-8633,05-09-2023,04:15:00,O. Di Dello,Female,20,African American,None,Not Admitted,4,43
747-07-7323,30-05-2024,12:00:00,F. Dabinett,Female,11,White,Physiotherapy,Admitted,,59
748-83-0279,29-12-2023,05:18:00,G. Fursland,Male,58,White,None,Not Admitted,1,12
623-38-5573,27-06-2023,23:14:00,Z. Kynnd,Female,15,White,None,Admitted,,50
507-24-3607,22-06-2024,01:15:00,E. Clyburn,Female,2,African American,Physiotherapy,Admitted,,15
511-79-3919,03-04-2024,22:43:00,K. Dessaur,Female,72,White,General Practice,Not Admitted,,33
384-30-2755,10-09-2023,07:58:00,U. Widdocks,Male,39,White,None,Not Admitted,,21
561-92-4547,13-10-2023,17:36:00,V. Godridge,Male,7,White,None,Admitted,,57
228-43-4348,01-05-2023,18:28:00,D. McDowell,Male,65,African American,None,Admitted,,36
635-03-0538,30-01-2024,23:57:00,F. Mcwhinnie,Female,67,Two or More Races,General Practice,Not Admitted,,57
441-78-6203,28-08-2024,23:28:00,E. Sandys,Male,3,African American,Renal,Admitted,6,42
593-30-5918,09-05-2024,09:32:00,Z. De Hailes,Male,11,White,None,Admitted,,48
311-14-5921,13-06-2023,08:23:00,W. Canas,Female,9,White,None,Not Admitted,4,19
414-58-8930,14-03-2024,12:18:00,U. Grissett,Female,2,African American,None,Admitted,,25
408-29-0501,02-05-2024,00:33:00,M. Evenett,Male,25,White,Orthopedics,Admitted,,26
101-38-5868,08-10-2024,12:18:00,J. Saddington,Male,14,White,None,Admitted,,20
270-39-6593,24-08-2024,05:41:00,J. Gillie,Female,11,Asian,None,Not Admitted,,60
574-75-4280,22-08-2024,06:37:00,T. Wohlers,Female,6,Two or More Races,None,Admitted,1,57
602-64-6212,29-09-2023,02:21:00,N. Stive,Female,46,Declined to Identify,General Practice,Admitted,,52
477-07-4012,12-06-2023,23:51:00,M. Matzaitis,Male,23,Asian,General Practice,Admitted,,11
458-41-3724,23-05-2024,23:10:00,L. Grim,Female,34,African American,Orthopedics,Not Admitted,,13
200-87-7696,26-08-2024,13:49:00,V. Giovani,Female,13,African American,None,Admitted,4,10
177-38-4025,06-05-2024,05:14:00,R. Pilipyak,Male,63,Two or More Races,General Practice,Admitted,3,59
241-21-0506,17-10-2023,02:00:00,M. Lorie,Female,42,Declined to Identify,None,Admitted,3,54
644-76-1186,15-09-2023,10:16:00,L. Wasmuth,Female,47,Asian,None,Not Admitted,6,11
213-73-5378,29-10-2024,18:40:00,N. Strangeway,Male,27,Asian,Orthopedics,Not Admitted,,43
210-06-8525,10-06-2023,06:49:00,L. Bergstram,Female,38,White,Physiotherapy,Not Admitted,4,24
738-81-7786,27-07-2024,09:58:00,M. Michelin,Female,49,African American,General Practice,Admitted,,50
667-52-8382,04-08-2024,09:56:00,B. Georgel,Male,39,African American,General Practice,Admitted,,55
714-41-2161,01-05-2023,22:37:00,T. Solley,Female,31,African American,Neurology,Admitted,,41
599-40-2753,03-10-2024,13:39:00,A. Aspling,Female,16,African American,None,Admitted,,20
753-92-5377,21-08-2024,05:38:00,C. Elcoux,Male,46,Two or More Races,Physiotherapy,Admitted,,26
491-94-8271,04-06-2023,22:13:00,E. Cranch,Male,14,Two or More Races,Orthopedics,Not Admitted,,12
102-05-9716,20-10-2023,02:33:00,J. Addicott,Male,71,Two or More Races,General Practice,Not Admitted,,30
889-81-3794,02-07-2024,07:05:00,B. Corona,Female,18,Declined to Identify,None,Not Admitted,,27
422-91-8230,15-06-2023,05:24:00,M. Fullylove,Male,1,Declined to Identify,None,Not Admitted,,39
589-52-0548,29-08-2024,16:05:00,X. Carnson,Male,71,Two or More Races,None,Admitted,,21
559-99-5645,04-10-2023,03:52:00,I. Lowdyane,Male,32,Asian,Renal,Not Admitted,,41
613-37-8053,10-02-2024,22:13:00,W. Hale,Female,5,Native American/Alaska Native,None,Admitted,2,54
481-25-8959,01-02-2024,03:01:00,U. O'Kinneally,Male,8,Pacific Islander,Orthopedics,Not Admitted,,33
783-44-2077,05-08-2024,09:38:00,S. Stanesby,Female,74,African American,General Practice,Not Admitted,,54
820-32-2123,12-06-2023,14:01:00,M. Linfoot,Female,72,Two or More Races,Neurology,Admitted,,56
487-23-6531,27-03-2024,07:22:00,Y. Laughtisse,Male,6,Native American/Alaska Native,General Practice,Admitted,,48
806-06-2745,21-10-2024,04:23:00,K. Champniss,Female,52,White,None,Not Admitted,,12
413-62-4921,15-04-2024,05:26:00,R. Walsham,Male,57,White,None,Admitted,,56
252-77-6344,26-09-2023,14:52:00,K. Gettens,Male,58,Asian,None,Not Admitted,,16
540-87-5256,10-05-2024,05:41:00,L. Brighouse,Male,27,Asian,None,Admitted,,33
690-11-2110,24-07-2023,08:07:00,Z. Eastbrook,Male,40,Asian,None,Not Admitted,,45
734-15-2159,14-02-2024,19:36:00,K. Cockroft,Female,2,Asian,None,Admitted,,20
375-83-4770,17-05-2023,00:38:00,Y. Izakov,Female,47,Two or More Races,None,Not Admitted,,25
842-23-1921,18-05-2024,01:59:00,M. Pionter,Female,24,Asian,General Practice,Not Admitted,,37
440-64-1066,06-01-2024,14:04:00,K. Head,Male,55,Declined to Identify,None,Not Admitted,,38
186-34-2679,27-12-2023,17:56:00,M. Eberz,Male,25,White,None,Admitted,,53
205-92-6656,17-10-2023,11:37:00,B. Graine,Female,9,White,None,Admitted,,54
215-35-3486,31-08-2024,15:40:00,M. Gurry,Female,78,White,General Practice,Admitted,,26
830-21-0433,03-10-2023,00:01:00,H. Rheubottom,Male,5,Declined to Identify,Orthopedics,Admitted,,38
230-49-9379,01-12-2023,13:50:00,U. Zouch,Female,61,White,None,Admitted,,57
370-99-9209,14-08-2023,21:27:00,G. Tuckey,Male,67,African American,None,Not Admitted,,14
238-05-9108,29-08-2024,04:28:00,B. Tompkinson,Male,51,Pacific Islander,None,Admitted,,12
834-82-5675,18-04-2023,13:20:00,L. MacDermott,Female,18,White,None,Admitted,,51
648-27-9691,15-08-2023,06:56:00,J. Casini,Male,27,Asian,None,Not Admitted,,53
299-46-0910,05-11-2023,02:36:00,Y. Youtead,Female,50,White,None,Admitted,4,57
490-06-4815,10-06-2023,02:02:00,W. Ranald,Female,3,White,None,Not Admitted,,10
478-06-8771,10-06-2024,12:55:00,O. Gelsthorpe,Female,76,Two or More Races,General Practice,Admitted,,39
658-48-0259,25-08-2023,13:18:00,W. Bullman,Female,6,Asian,Orthopedics,Admitted,,10
115-20-5052,18-05-2023,07:27:00,I. Carff,Female,57,Asian,None,Not Admitted,,29
397-69-1392,01-08-2024,12:07:00,I. Oddie,Female,10,African American,General Practice,Not Admitted,,58
818-72-0858,19-08-2023,15:34:00,L. Mackilpatrick,Male,65,White,General Practice,Admitted,,15
108-24-4463,21-09-2023,06:33:00,I. McIlvoray,Male,46,Declined to Identify,Gastroenterology,Not Admitted,2,33
751-97-7123,29-08-2024,21:48:00,G. Creelman,Female,38,Two or More Races,None,Admitted,,11
599-12-3787,11-10-2023,07:35:00,S. Polding,Female,25,African American,None,Not Admitted,3,35
467-44-4359,04-08-2023,01:54:00,Q. Gartside,Male,40,African American,Orthopedics,Admitted,6,28
478-44-5649,07-07-2023,21:17:00,I. Bellelli,Female,22,White,None,Not Admitted,,60
375-30-9722,10-05-2023,14:16:00,M. Duddin,Male,46,African American,Orthopedics,Not Admitted,,10
852-96-3176,25-05-2024,03:29:00,D. Pink,Male,56,Two or More Races,None,Admitted,,34
789-25-4400,02-10-2024,22:12:00,C. Marcham,Male,74,Two or More Races,None,Not Admitted,,60
499-70-1959,18-02-2024,19:13:00,X. Gartshore,Male,67,Native American/Alaska Native,None,Admitted,,36
735-74-1211,10-08-2024,14:28:00,C. Rubinshtein,Male,23,White,None,Not Admitted,,15
689-53-7459,10-11-2023,12:19:00,E. Mixer,Male,6,White,General Practice,Admitted,,21
542-23-6028,24-11-2023,10:11:00,W. McKerron,Male,42,White,None,Admitted,,27
248-97-2178,28-01-2024,08:11:00,O. Gianninotti,Male,39,African American,None,Admitted,,37
639-32-1869,16-07-2024,06:58:00,U. Surby,Male,19,African American,None,Admitted,,43
247-92-4074,09-06-2023,10:14:00,H. Guinn,Female,36,White,Gastroenterology,Admitted,6,31
415-78-9426,03-07-2023,09:25:00,C. Simkins,Male,9,White,None,Admitted,,18
105-30-2335,20-05-2024,14:35:00,E. Pinnell,Female,13,White,Orthopedics,Admitted,,38
662-68-0306,23-08-2024,14:24:00,O. Pring,Male,6,Asian,None,Not Admitted,,36
320-79-0174,23-08-2023,01:08:00,P. Whiskerd,Female,79,African American,Neurology,Not Admitted,,41
564-30-6384,06-07-2024,01:04:00,D. Murtimer,Male,49,Pacific Islander,None,Not Admitted,,45
467-10-8749,25-05-2023,16:28:00,H. Cubbin,Male,47,African American,None,Not Admitted,,19
820-08-8919,14-10-2024,10:20:00,U. Phettiplace,Male,18,African American,None,Not Admitted,0,36
504-31-4021,20-08-2023,01:56:00,B. Loutheane,Male,79,White,None,Admitted,5,16
473-86-0631,28-01-2024,02:52:00,P. Veschi,Female,5,Asian,None,Admitted,,50
799-68-0713,26-06-2024,08:09:00,D. Bamlett,Female,5,Pacific Islander,General Practice,Admitted,3,19
369-02-0603,24-12-2023,00:26:00,F. Sagrott,Female,17,Declined to Identify,None,Not Admitted,,23
610-81-3745,01-07-2024,09:05:00,G. Hing,Male,53,White,Orthopedics,Admitted,,56
311-78-6420,02-06-2023,16:54:00,N. Tenniswood,Male,2,White,None,Not Admitted,10,48
427-70-7254,22-08-2024,20:27:00,F. Rosthorn,Female,52,Two or More Races,None,Not Admitted,,20
815-91-7298,28-07-2024,23:33:00,E. Stuchberry,Male,58,Declined to Identify,None,Not Admitted,,22
574-06-1810,04-06-2023,02:36:00,R. Curner,Male,70,White,None,Not Admitted,10,17
196-34-2784,24-11-2023,18:14:00,L. Nouch,Female,18,Asian,Gastroenterology,Not Admitted,,48
384-21-6166,18-08-2023,07:49:00,E. Muckloe,Female,30,White,None,Admitted,,30
524-32-9191,12-06-2024,14:50:00,F. Hacon,Male,50,Asian,General Practice,Not Admitted,,60
550-40-6794,28-06-2024,20:30:00,Q. Ludye,Male,75,Two or More Races,None,Admitted,,24
630-21-7470,11-06-2023,06:10:00,I. Crisp,Male,37,Declined to Identify,None,Not Admitted,,36
673-50-9490,04-06-2024,03:17:00,R. Clout,Female,13,Asian,Orthopedics,Admitted,,28
740-09-6067,26-09-2024,05:47:00,I. Seefeldt,Female,79,Asian,None,Admitted,,49
888-26-6668,09-05-2023,15:50:00,X. Loreit,Male,67,Two or More Races,None,Not Admitted,5,48
389-23-5284,24-10-2023,19:12:00,E. Shoreman,Female,25,White,None,Not Admitted,,12
300-02-4857,01-09-2024,13:44:00,D. Easman,Female,52,White,None,Not Admitted,,26
380-49-3383,20-10-2023,13:04:00,B. Olivella,Male,15,Two or More Races,None,Not Admitted,0,56
355-73-0319,21-05-2024,05:57:00,A. Alstead,Female,58,African American,None,Not Admitted,,17
417-96-2766,14-04-2023,15:52:00,E. Heyward,Female,22,Asian,None,Not Admitted,4,20
676-90-4688,12-09-2024,17:18:00,U. Reame,Female,29,Pacific Islander,None,Not Admitted,,18
245-88-7683,27-04-2024,23:49:00,W. Rowet,Female,25,Declined to Identify,None,Not Admitted,,53
230-36-9342,16-12-2023,11:20:00,P. Romeo,Male,46,White,None,Admitted,,28
878-03-2218,16-08-2023,21:46:00,S. Hutton,Female,3,White,None,Not Admitted,3,52
685-54-9380,30-05-2023,03:24:00,I. Turmel,Female,45,Declined to Identify,None,Admitted,,52
188-23-2789,03-06-2023,07:28:00,T. Dignam,Male,28,Declined to Identify,Orthopedics,Admitted,,37
797-54-3108,20-08-2023,11:44:00,E. Tottem,Male,3,Native American/Alaska Native,None,Not Admitted,10,40
136-97-6005,04-07-2023,15:43:00,C. Rattery,Male,64,African American,General Practice,Not Admitted,,28
557-77-2197,05-09-2024,19:04:00,C. Weir,Male,29,African American,Orthopedics,Not Admitted,7,54
574-99-8782,25-03-2024,19:21:00,E. Franchyonok,Male,13,Asian,General Practice,Admitted,1,59
222-46-6969,17-09-2024,23:03:00,Z. Livoir,Male,49,Declined to Identify,Orthopedics,Not Admitted,,60
480-08-1479,17-07-2023,09:24:00,H. Trimby,Female,23,Two or More Races,None,Admitted,,47
481-74-8563,13-06-2023,04:14:00,R. Poytheras,Male,30,White,None,Admitted,,38
454-82-8237,23-02-2024,11:44:00,J. Votier,Female,33,African American,None,Admitted,3,56
825-28-0932,01-06-2024,05:58:00,L. Escoffier,Female,38,Two or More Races,Orthopedics,Not Admitted,,56
689-04-9270,28-06-2024,07:18:00,U. Island,Male,21,White,None,Not Admitted,,41
321-64-6408,13-11-2023,21:45:00,B. Prestage,Male,11,African American,General Practice,Admitted,,31
296-35-4605,13-01-2024,00:46:00,Q. Kenset,Male,3,African American,None,Not Admitted,,50
171-50-1220,27-06-2023,16:51:00,Z. Dax,Female,38,White,None,Not Admitted,,52
163-81-9187,12-05-2024,08:24:00,F. Bloxham,Female,8,White,Orthopedics,Admitted,,23
656-26-2781,31-03-2024,21:38:00,Q. Dodge,Female,4,White,General Practice,Admitted,,32
526-80-6917,10-12-2023,19:17:00,C. Scones,Female,76,Two or More Races,None,Admitted,,57
753-19-0249,10-09-2024,23:58:00,Y. Arthars,Male,17,White,None,Not Admitted,,25
505-12-7655,20-04-2023,17:57:00,R. Kiss,Female,42,Two or More Races,Physiotherapy,Not Admitted,,29
179-75-0561,13-06-2024,09:29:00,Q. Pedler,Female,27,Native American/Alaska Native,Orthopedics,Admitted,7,52
350-81-5979,21-07-2023,05:17:00,G. Loghan,Female,55,Declined to Identify,None,Not Admitted,,31
857-53-5483,04-07-2024,12:20:00,F. Hutt,Male,30,Declined to Identify,None,Not Admitted,4,30
334-39-4208,14-10-2024,17:37:00,M. Hargitt,Male,36,Asian,None,Not Admitted,2,39
202-59-1460,14-05-2024,11:13:00,O. Eastlake,Female,3,White,None,Admitted,9,23
849-08-8017,26-07-2023,18:32:00,Z. Cattemull,Female,29,White,None,Not Admitted,,14
115-38-0568,29-03-2024,02:39:00,J. Labern,Female,52,African American,None,Not Admitted,,16
383-59-9953,24-04-2024,06:19:00,M. Petken,Female,66,Declined to Identify,None,Not Admitted,0,20
827-11-0047,10-09-2023,07:28:00,Y. Hatherleigh,Male,69,White,None,Admitted,,46
689-37-4544,12-09-2023,12:23:00,B. Rudsdale,Female,65,Asian,General Practice,Not Admitted,,15
115-32-2649,09-04-2023,23:54:00,W. Eyres,Male,30,White,None,Not Admitted,3,47
163-91-1804,23-01-2024,08:46:00,O. Kollasch,Male,57,White,General Practice,Not Admitted,10,26
664-09-7964,21-10-2024,21:02:00,N. O'Dulchonta,Male,63,White,None,Admitted,,13
482-84-7146,23-05-2024,07:01:00,Y. Rathbone,Female,36,Two or More Races,None,Admitted,,41
268-96-2123,14-05-2023,20:48:00,M. Bikker,Male,6,Declined to Identify,None,Admitted,,58
765-76-0326,13-08-2024,07:52:00,N. MacAlpyne,Female,3,Two or More Races,General Practice,Admitted,,40
698-73-6142,14-09-2024,09:45:00,R. Lamberteschi,Male,30,Two or More Races,None,Admitted,,45
411-64-9516,11-08-2024,12:24:00,I. Gehringer,Female,62,Asian,None,Admitted,,14
803-63-0438,25-09-2023,23:23:00,P. Briatt,Female,19,White,Orthopedics,Not Admitted,,27
744-22-3323,24-11-2023,02:49:00,D. Murra,Male,30,Asian,None,Admitted,0,38
654-54-6014,06-09-2024,05:46:00,S. Haddeston,Male,4,Native American/Alaska Native,General Practice,Admitted,5,33
338-36-3253,07-08-2023,14:44:00,Z. Pimblotte,Female,9,Asian,None,Not Admitted,,26
155-67-7834,01-09-2023,17:34:00,G. Guerrazzi,Male,51,White,None,Admitted,,24
429-22-2933,16-08-2023,10:05:00,S. Halms,Female,45,White,Cardiology,Not Admitted,,47
884-62-8043,14-08-2023,04:19:00,U. Nunson,Female,43,Two or More Races,None,Not Admitted,5,55
115-06-8540,19-09-2023,16:47:00,W. Jouannisson,Male,39,African American,General Practice,Not Admitted,,21
580-35-3681,20-08-2024,20:36:00,C. Maslin,Female,68,African American,Physiotherapy,Admitted,,26
844-55-2304,09-03-2024,10:20:00,R. Paroni,Male,74,White,General Practice,Not Admitted,,22
507-43-0074,26-04-2024,21:25:00,D. Clementson,Male,22,Asian,None,Admitted,,43
430-27-7131,26-11-2023,04:39:00,E. Brosh,Female,39,Pacific Islander,Physiotherapy,Admitted,,34
290-02-3208,22-01-2024,18:34:00,V. Brookesbie,Female,46,Two or More Races,None,Not Admitted,,57
257-10-3017,13-07-2023,14:45:00,R. Bedow,Male,16,African American,None,Not Admitted,4,26
546-24-9453,29-08-2023,20:24:00,I. Shyre,Female,41,White,General Practice,Not Admitted,,17
308-11-3429,02-01-2024,07:09:00,D. Wyldbore,Male,3,African American,General Practice,Admitted,,27
441-73-7448,09-07-2024,03:46:00,Z. Stickles,Male,60,African American,Gastroenterology,Not Admitted,9,45
409-90-4444,10-08-2023,13:40:00,Y. Eady,Male,65,African American,None,Admitted,,35
456-51-8577,27-08-2024,07:04:00,Y. Bonner,Female,75,White,None,Not Admitted,4,13
125-52-4944,01-04-2023,04:34:00,N. Sommerscales,Male,79,White,General Practice,Not Admitted,,21
784-07-5849,04-08-2024,20:04:00,R. Pezey,Female,11,Declined to Identify,None,Admitted,,38
387-11-4530,03-04-2024,07:49:00,J. Stanyer,Female,53,White,General Practice,Admitted,,43
493-60-9445,05-03-2024,16:35:00,C. Gallear,Female,26,White,None,Admitted,,28
243-12-8113,24-04-2023,19:44:00,N. Winborn,Female,63,White,General Practice,Not Admitted,1,26
655-01-4978,20-07-2024,10:06:00,O. Nettleship,Female,14,African American,None,Admitted,,35
712-66-6927,01-09-2024,14:04:00,H. Tolomei,Female,44,Pacific Islander,None,Not Admitted,7,36
298-48-4593,06-07-2024,10:50:00,H. Cabrer,Male,40,African American,Physiotherapy,Not Admitted,2,50
158-18-8065,04-09-2024,13:50:00,N. Reboul,Female,15,Asian,None,Admitted,,11
335-79-7657,16-05-2024,02:05:00,E. Kleinber,Female,39,African American,None,Admitted,,15
789-18-7648,07-10-2023,05:09:00,P. Battrum,Female,43,African American,None,Not Admitted,8,12
886-96-6452,03-06-2024,05:17:00,C. Mellhuish,Female,31,Two or More Races,None,Admitted,,47
812-72-2025,30-06-2024,15:23:00,E. Whitwam,Male,65,White,None,Not Admitted,,54
527-40-3617,22-08-2024,07:40:00,Q. Abeau,Male,37,Two or More Races,None,Admitted,,13
346-84-5825,01-07-2024,04:59:00,B. McGann,Female,50,White,None,Not Admitted,,60
758-01-9953,17-05-2023,03:29:00,P. Delafont,Female,33,Native American/Alaska Native,None,Not Admitted,,14
587-62-6740,25-12-2023,10:12:00,L. Nurse,Male,33,Pacific Islander,Cardiology,Admitted,1,26
125-12-2869,23-04-2024,07:09:00,Y. Dowbakin,Male,2,Two or More Races,Orthopedics,Not Admitted,6,47
300-67-3405,18-08-2024,19:37:00,E. Misk,Female,48,African American,None,Admitted,4,20
178-38-6834,19-07-2024,02:11:00,C. Strand,Female,16,African American,None,Not Admitted,,45
432-50-6802,09-09-2023,11:47:00,A. Keysel,Male,49,White,None,Admitted,,51
668-82-6440,16-04-2024,06:15:00,E. Dallicott,Female,79,Two or More Races,General Practice,Not Admitted,0,36
255-15-5945,31-07-2024,02:59:00,B. Shortcliffe,Male,44,Pacific Islander,Orthopedics,Admitted,,30
205-05-3780,25-07-2023,04:31:00,L. McColl,Male,21,Asian,Cardiology,Not Admitted,,52
884-77-2363,06-09-2024,13:39:00,S. Nazer,Male,56,African American,General Practice,Not Admitted,,55
192-05-5593,18-05-2024,12:58:00,Q. Borges,Female,33,African American,Cardiology,Not Admitted,3,55
434-14-2526,06-01-2024,14:30:00,R. McLugaish,Male,30,White,None,Not Admitted,7,58
670-67-2348,12-10-2024,19:55:00,R. Need,Female,76,Two or More Races,None,Admitted,,39
192-37-6592,07-11-2023,01:37:00,S. Rupel,Female,29,Native American/Alaska Native,None,Admitted,2,31
323-84-1604,22-06-2023,20:32:00,P. Yeld,Female,19,White,None,Not Admitted,,52
236-98-9389,06-11-2023,10:21:00,T. Gittings,Male,74,White,None,Not Admitted,3,12
536-49-3021,22-07-2023,19:56:00,A. Hullbrook,Female,8,African American,General Practice,Not Admitted,,22
489-93-0555,16-08-2023,07:07:00,V. Jouandet,Male,23,White,None,Not Admitted,,23
315-47-9666,11-02-2024,13:19:00,A. Gransden,Female,72,White,None,Admitted,,49
307-21-3022,24-08-2023,10:02:00,I. Berndtsson,Male,10,White,None,Admitted,,45
330-63-0627,07-10-2023,07:36:00,U. Beasant,Female,59,White,None,Not Admitted,,44
599-99-7003,15-07-2023,18:50:00,S. Simonard,Female,63,White,Orthopedics,Not Admitted,7,24
140-08-8473,04-03-2024,11:45:00,T. Pelcheur,Male,55,White,General Practice,Admitted,,41
571-81-9747,22-05-2023,04:40:00,S. Regorz,Female,65,Pacific Islander,None,Not Admitted,,23
790-37-0542,27-02-2024,20:39:00,E. Lankford,Male,52,Two or More Races,None,Not Admitted,,22
592-59-2509,19-09-2023,01:55:00,D. Flageul,Female,15,Declined to Identify,None,Admitted,0,43
170-92-2559,18-08-2023,05:25:00,O. Steere,Female,22,White,Orthopedics,Not Admitted,,49
234-94-2985,22-06-2023,23:50:00,P. Garlee,Female,22,Declined to Identify,Cardiology,Not Admitted,7,41
548-74-1022,02-08-2024,03:32:00,O. Shelford,Female,22,Pacific Islander,None,Not Admitted,,46
835-64-0452,22-06-2023,09:13:00,Y. Bereford,Male,41,Declined to Identify,None,Admitted,,58
587-71-6980,01-09-2024,04:25:00,P. Grieve,Female,37,White,None,Admitted,0,57
568-87-8772,15-09-2023,00:03:00,C. Fedoronko,Female,66,White,None,Not Admitted,,31
894-88-3223,07-03-2024,20:43:00,G. Beston,Male,68,African American,General Practice,Admitted,,17
457-45-3813,02-09-2024,20:20:00,R. Straffon,Female,78,African American,None,Not Admitted,,31
335-29-5695,23-11-2023,04:13:00,T. Fardy,Male,55,Pacific Islander,None,Not Admitted,8,12
701-64-7880,01-04-2023,01:21:00,L. Brothwell,Male,18,Two or More Races,None,Admitted,3,40
364-02-4362,04-03-2024,18:28:00,H. Grinikhinov,Female,56,African American,General Practice,Admitted,,55
716-47-4061,16-06-2024,22:19:00,Y. Fransinelli,Female,42,White,None,Not Admitted,4,22
463-10-9391,05-02-2024,10:53:00,Q. MacKellar,Female,40,African American,None,Not Admitted,0,50
511-18-6760,28-11-2023,18:57:00,M. Nellen,Female,67,African American,General Practice,Not Admitted,1,39
731-16-3469,05-08-2023,16:04:00,V. Fanner,Female,26,Asian,None,Not Admitted,,47
763-15-1169,08-05-2024,02:15:00,V. Wanne,Female,64,White,Cardiology,Admitted,,57
202-14-7624,07-05-2023,10:30:00,S. Whetson,Female,43,African American,None,Not Admitted,,28
394-88-7661,05-12-2023,03:02:00,X. Thornborrow,Female,79,African American,None,Admitted,4,13
695-28-2556,28-05-2024,19:25:00,W. Puttick,Female,64,Asian,None,Not Admitted,,32
170-42-6194,13-11-2023,02:46:00,N. Huntriss,Female,1,White,Orthopedics,Not Admitted,,29
883-22-1946,10-08-2024,12:08:00,P. Paulusch,Female,35,African American,None,Admitted,,15
131-17-8584,06-08-2023,18:05:00,T. Lorryman,Female,74,Pacific Islander,None,Admitted,,21
346-40-4027,18-10-2023,14:05:00,X. Archdeckne,Female,64,White,Orthopedics,Admitted,,26
359-53-6651,08-06-2024,16:01:00,G. Semerad,Male,61,African American,None,Not Admitted,,19
193-18-8479,29-10-2023,10:40:00,W. Golagley,Female,76,Two or More Races,None,Not Admitted,1,46
278-28-0801,23-05-2023,20:50:00,J. Tchaikovsky,Male,33,African American,None,Admitted,0,42
332-02-9468,19-04-2024,10:36:00,U. Beetham,Female,33,African American,Physiotherapy,Not Admitted,,19
770-80-9495,12-08-2023,07:33:00,V. Danick,Male,37,White,General Practice,Not Admitted,,42
552-17-8075,07-10-2024,01:24:00,J. Threlkeld,Male,15,Two or More Races,Orthopedics,Not Admitted,,35
749-77-6720,19-05-2024,03:33:00,V. Pollard,Male,2,White,None,Not Admitted,,51
506-80-3575,10-07-2024,12:11:00,W. Patshull,Female,70,Two or More Races,None,Admitted,,52
303-34-3215,03-12-2023,20:34:00,I. Cutajar,Male,30,White,None,Admitted,,39
438-35-3087,27-04-2023,11:46:00,L. Beau,Male,45,Two or More Races,None,Admitted,2,36
550-62-2048,19-01-2024,22:19:00,B. Spriggs,Female,73,Asian,None,Not Admitted,,43
263-15-6279,25-08-2024,05:37:00,B. Asplen,Female,68,White,Orthopedics,Not Admitted,,57
674-28-0052,15-05-2024,21:27:00,U. Mackriell,Female,26,Two or More Races,General Practice,Admitted,0,30
855-94-5606,07-10-2024,07:44:00,X. Lorking,Male,50,African American,None,Not Admitted,4,22
452-70-6133,17-01-2024,17:37:00,R. Seldner,Female,32,Pacific Islander,None,Not Admitted,6,45
518-33-8587,24-07-2023,23:17:00,W. Windus,Male,71,Declined to Identify,General Practice,Not Admitted,,58
279-66-1617,31-07-2023,21:30:00,F. Burgon,Male,58,African American,None,Not Admitted,10,31
791-74-3814,07-06-2023,11:37:00,H. Crammy,Male,76,Asian,General Practice,Admitted,5,32
761-02-7059,30-07-2024,03:22:00,T. Pietasch,Male,66,White,None,Not Admitted,5,16
520-44-2701,23-11-2023,18:53:00,J. Bayne,Male,74,White,None,Admitted,,53
125-20-9526,30-06-2023,06:10:00,N. Matzaitis,Female,16,White,None,Admitted,,24
774-37-2696,09-04-2023,11:56:00,Y. Mauchlen,Male,73,White,General Practice,Admitted,,53
587-09-0178,09-03-2024,18:37:00,K. Wilder,Male,52,White,General Practice,Not Admitted,,25
568-73-9574,29-06-2024,17:17:00,Z. Robuchon,Male,13,Declined to Identify,None,Admitted,,52
684-47-0953,25-02-2024,10:06:00,D. Growcock,Female,66,Two or More Races,None,Admitted,,47
335-24-1217,10-08-2023,10:26:00,Y. Boothman,Female,43,Pacific Islander,None,Admitted,,50
372-61-0636,10-08-2024,15:27:00,F. Threlkeld,Male,28,Asian,General Practice,Not Admitted,,55
680-60-0211,08-11-2023,07:28:00,V. Gellan,Male,42,White,None,Admitted,1,55
558-56-3966,31-08-2024,23:46:00,T. Longhi,Female,76,White,None,Admitted,10,42
615-25-9046,22-10-2024,13:37:00,I. McAlpin,Female,76,African American,General Practice,Not Admitted,,57
710-24-2270,15-05-2024,16:56:00,O. Dobbings,Male,63,Pacific Islander,None,Not Admitted,,33
256-81-6386,08-02-2024,18:29:00,R. Treslove,Male,44,White,Orthopedics,Admitted,,19
422-02-1134,20-02-2024,02:31:00,Q. Boole,Male,20,Declined to Identify,Orthopedics,Not Admitted,,52
353-18-1225,13-07-2023,08:24:00,R. Elam,Female,11,White,Orthopedics,Admitted,3,31
357-14-1841,05-12-2023,17:29:00,U. Binnall,Female,72,Declined to Identify,None,Not Admitted,3,48
794-84-8070,03-06-2024,06:41:00,C. Beining,Male,11,African American,None,Not Admitted,3,41
472-84-7278,22-06-2023,00:42:00,W. Needham,Male,73,Two or More Races,None,Admitted,,34
724-64-2811,18-06-2023,14:17:00,R. Wrennall,Female,31,White,None,Admitted,3,43
564-80-3063,10-02-2024,20:18:00,C. Qualtro,Female,26,Declined to Identify,None,Not Admitted,,16
444-43-8680,19-10-2023,21:10:00,L. Grandin,Male,74,Two or More Races,None,Admitted,,23
899-92-7948,22-09-2023,14:32:00,E. Ledson,Male,75,Native American/Alaska Native,None,Admitted,,11
888-09-0158,09-07-2023,20:42:00,H. Rossiter,Male,7,Asian,General Practice,Not Admitted,6,37
207-95-6685,29-04-2023,10:01:00,U. Shepton,Female,24,White,None,Admitted,,23
373-04-8920,25-08-2023,08:20:00,Q. Glide,Male,79,Two or More Races,None,Admitted,,39
438-69-9769,17-03-2024,22:46:00,X. Redmayne,Male,64,Asian,General Practice,Not Admitted,,47
308-46-0712,09-09-2023,15:09:00,X. Seabrocke,Female,8,Asian,None,Not Admitted,,60
163-34-3132,26-10-2023,03:02:00,X. Pimmocke,Male,71,Two or More Races,None,Admitted,,12
265-75-4107,21-10-2023,22:08:00,M. Alebrooke,Female,73,Two or More Races,General Practice,Not Admitted,,48
877-16-4474,29-01-2024,05:46:00,Z. Leather,Female,33,Asian,None,Admitted,6,23
602-29-7310,03-09-2024,01:37:00,N. Legrand,Male,10,White,None,Admitted,,21
311-70-6319,11-12-2023,04:51:00,N. Swannack,Male,16,African American,None,Admitted,,54
649-33-3703,08-08-2024,03:09:00,J. Rapaport,Female,60,Two or More Races,None,Not Admitted,1,27
719-06-1377,21-05-2023,01:04:00,B. Alfonsetto,Female,37,African American,Cardiology,Not Admitted,,48
563-41-7288,27-08-2024,20:33:00,D. Guido,Female,6,African American,Cardiology,Not Admitted,,60
111-50-6779,06-08-2023,03:14:00,E. Enrigo,Female,40,African American,Cardiology,Not Admitted,,51
268-45-1271,03-12-2023,22:12:00,G. Gillino,Female,21,African American,Cardiology,Not Admitted,,17
347-03-3021,14-09-2023,18:36:00,I. Featherby,Female,74,African American,Cardiology,Not Admitted,,27
388-90-9318,29-03-2024,00:55:00,K. MacKeague,Female,12,African American,Cardiology,Not Admitted,,21
894-34-5445,24-06-2024,12:30:00,P. Mariolle,Female,18,African American,Cardiology,Not Admitted,,32
616-67-9062,06-11-2023,19:01:00,Z. Lusgdin,Female,40,African American,Cardiology,Not Admitted,,30
182-89-0226,12-04-2023,18:12:00,R. Lothlorien,Female,74,African American,Cardiology,Not Admitted,9,26
886-24-8880,18-09-2024,06:14:00,D. Gilbart,Female,53,African American,Cardiology,Not Admitted,10,59
782-56-2604,01-12-2023,15:54:00,C. Vogeler,Female,4,African American,Gastroenterology,Not Admitted,,14
106-91-6612,21-05-2023,00:15:00,H. Riguard,Female,63,African American,Gastroenterology,Not Admitted,,27
130-38-4655,08-07-2023,17:49:00,L. Clemetts,Female,5,African American,Gastroenterology,Not Admitted,,40
174-12-4814,18-09-2023,00:05:00,R. Suche,Female,74,African American,Gastroenterology,Not Admitted,,51
409-08-4045,06-04-2023,01:35:00,O. Spillane,Female,35,African American,Gastroenterology,Not Admitted,4,27
568-07-4724,19-12-2023,05:31:00,Z. Meeke,Female,9,African American,Gastroenterology,Not Admitted,8,51
285-69-9065,25-06-2024,21:11:00,B. Duinkerk,Female,79,African American,General Practice,Not Admitted,,14
126-95-6355,26-07-2024,17:59:00,B. Negri,Female,35,African American,General Practice,Not Admitted,,22
855-81-5760,27-05-2023,00:10:00,B. Maclean,Female,40,African American,General Practice,Not Admitted,,25
490-58-8278,27-08-2024,09:11:00,B. Bythway,Female,54,African American,General Practice,Not Admitted,,47
852-85-2515,02-05-2024,06:16:00,C. Jammes,Female,58,African American,General Practice,Not Admitted,,19
301-60-1162,30-04-2023,15:33:00,C. Pitts,Female,14,African American,General Practice,Not Admitted,,27
329-16-8015,14-11-2023,00:00:00,C. Epps,Female,74,African American,General Practice,Not Admitted,,33
469-53-8098,26-11-2023,16:42:00,C. Kosel,Female,70,African American,General Practice,Not Admitted,,60
771-62-4236,14-08-2024,19:58:00,D. Turbill,Female,1,African American,General Practice,Not Admitted,,35
176-69-3010,16-05-2024,22:09:00,D. Winchester,Female,32,African American,General Practice,Not Admitted,,42
256-03-6469,14-03-2024,20:16:00,E. Plummer,Female,30,African American,General Practice,Not Admitted,,11
608-77-1218,16-06-2024,05:23:00,E. Aggio,Female,60,African American,General Practice,Not Admitted,,12
826-43-2977,21-08-2023,16:18:00,E. Greenfield,Female,48,African American,General Practice,Not Admitted,,14
647-03-6974,09-05-2024,00:48:00,E. Dolphin,Female,8,African American,General Practice,Not Admitted,,33
672-66-3624,16-01-2024,05:55:00,E. Battista,Female,1,African American,General Practice,Not Admitted,,47
385-55-7187,18-12-2023,11:49:00,G. Kaysor,Female,62,African American,General Practice,Not Admitted,,12
821-22-8596,20-04-2023,18:28:00,G. Gergher,Female,23,African American,General Practice,Not Admitted,,19
312-87-8639,17-04-2023,17:35:00,G. D'Acth,Female,16,African American,General Practice,Not Admitted,,25
515-48-8143,31-01-2024,12:42:00,G. Fetherstonhaugh,Female,67,African American,General Practice,Not Admitted,,41
408-26-1392,29-06-2024,14:25:00,H. Hupka,Female,13,African American,General Practice,Not Admitted,,33
150-41-7960,26-06-2024,09:05:00,H. Manders,Female,27,African American,General Practice,Not Admitted,,43
476-53-5824,08-02-2024,01:06:00,I. Germon,Female,45,African American,General Practice,Not Admitted,,18
699-53-9072,18-10-2023,09:39:00,J. Whittle,Female,60,African American,General Practice,Not Admitted,,29
742-71-3088,23-09-2023,18:11:00,K. Goodby,Female,22,African American,General Practice,Not Admitted,,17
548-38-7756,11-02-2024,20:36:00,L. Otham,Female,14,African American,General Practice,Not Admitted,,40
768-74-9911,04-03-2024,09:07:00,L. Dureden,Female,55,African American,General Practice,Not Admitted,,46
555-04-4632,19-07-2024,10:42:00,M. Cooksey,Female,32,African American,General Practice,Not Admitted,,36
132-59-6486,27-11-2023,06:52:00,M. Orneblow,Female,68,African American,General Practice,Not Admitted,,56
678-71-1257,18-06-2024,09:53:00,N. Gumery,Female,42,African American,General Practice,Not Admitted,,21
602-27-8019,08-03-2024,23:01:00,N. Saunderson,Female,66,African American,General Practice,Not Admitted,,32
307-79-4993,10-09-2024,02:35:00,N. Tortoishell,Female,8,African American,General Practice,Not Admitted,,36
887-70-0249,12-08-2024,19:45:00,O. Milward,Female,56,African American,General Practice,Not Admitted,,35
268-52-0413,03-04-2023,21:56:00,O. Hailston,Female,36,African American,General Practice,Not Admitted,,36
415-79-3375,30-12-2023,04:23:00,P. Taks,Female,17,African American,General Practice,Not Admitted,,45
193-65-5672,05-08-2023,08:53:00,Q. Clowes,Female,70,African American,General Practice,Not Admitted,,48
740-47-5663,06-03-2024,11:03:00,Q. Marke,Female,33,African American,General Practice,Not Admitted,,60
616-33-9502,10-08-2023,11:19:00,Q. McRoberts,Female,70,African American,General Practice,Not Admitted,,60
481-07-6937,12-04-2023,21:51:00,S. Garrard,Female,46,African American,General Practice,Not Admitted,,42
257-74-9742,17-06-2023,00:52:00,T. Olin,Female,19,African American,General Practice,Not Admitted,,15
816-20-1565,11-07-2024,06:35:00,T. Conyard,Female,9,African American,General Practice,Not Admitted,,31
249-43-7801,31-03-2024,17:04:00,T. Harverson,Female,36,African American,General Practice,Not Admitted,,39
127-11-9600,25-04-2024,23:31:00,U. Budcock,Female,38,African American,General Practice,Not Admitted,,34
434-36-4693,26-08-2024,04:59:00,U. Anderl,Female,41,African American,General Practice,Not Admitted,,51
629-66-8713,08-09-2023,00:04:00,U. Khidr,Female,46,African American,General Practice,Not Admitted,,54
399-83-2838,16-08-2024,09:17:00,V. Borrie,Female,11,African American,General Practice,Not Admitted,,39
403-12-7738,03-04-2024,06:24:00,W. Blenkinsop,Female,18,African American,General Practice,Not Admitted,,23
723-96-0625,11-01-2024,11:51:00,W. Baythrop,Female,39,African American,General Practice,Not Admitted,,23
509-96-8931,21-08-2023,18:39:00,W. Chessell,Female,33,African American,General Practice,Not Admitted,,49
286-15-2377,30-12-2023,18:39:00,W. Roelofsen,Female,48,African American,General Practice,Not Admitted,,50
895-44-5421,22-11-2023,17:16:00,W. Gormally,Female,18,African American,General Practice,Not Admitted,,51
744-37-2731,19-05-2023,07:21:00,X. Cassels,Female,38,African American,General Practice,Not Admitted,,30
534-15-5048,01-05-2023,20:20:00,X. Vasilyonok,Female,10,African American,General Practice,Not Admitted,,43
713-55-9408,23-08-2023,07:24:00,X. Castelot,Female,11,African American,General Practice,Not Admitted,,46
655-60-5604,15-05-2023,04:55:00,X. Southway,Female,54,African American,General Practice,Not Admitted,,46
225-04-1769,04-10-2023,16:35:00,X. Martynikhin,Female,16,African American,General Practice,Not Admitted,,60
288-65-1997,13-09-2023,07:18:00,Y. Geater,Female,50,African American,General Practice,Not Admitted,,20
576-10-9140,15-08-2024,18:34:00,Y. Ewles,Female,19,African American,General Practice,Not Admitted,,38
299-19-3267,15-06-2023,00:03:00,Z. Ragless,Female,26,African American,General Practice,Not Admitted,,43
613-38-1181,18-08-2024,11:14:00,Z. Loker,Female,5,African American,General Practice,Not Admitted,,49
555-34-2893,09-07-2023,00:09:00,Z. Swiers,Female,29,African American,General Practice,Not Admitted,,53
503-61-0053,26-08-2023,19:25:00,Z. Scarfe,Female,5,African American,General Practice,Not Admitted,,54
102-20-6596,11-06-2024,19:06:00,V. Asson,Female,69,African American,General Practice,Not Admitted,0,33
611-35-2228,04-07-2024,13:59:00,N. Cashen,Female,38,African American,General Practice,Not Admitted,1,33
465-81-9018,20-06-2023,07:47:00,T. Dome,Female,55,African American,General Practice,Not Admitted,1,56
769-70-5050,12-12-2023,14:19:00,Y. McQuilkin,Female,4,African American,General Practice,Not Admitted,1,10
535-01-7739,14-05-2024,22:45:00,N. Slessor,Female,7,African American,General Practice,Not Admitted,2,31
691-66-2729,20-01-2024,14:19:00,P. Downgate,Female,5,African American,General Practice,Not Admitted,2,56
218-33-6566,22-08-2024,22:28:00,U. Walbrun,Female,8,African American,General Practice,Not Admitted,2,49
820-39-7118,26-10-2024,19:24:00,O. Casolla,Female,13,African American,General Practice,Not Admitted,3,39
672-05-7311,17-07-2023,03:25:00,S. Jennens,Female,13,African American,General Practice,Not Admitted,3,58
660-26-9221,22-05-2024,09:06:00,Z. Blaylock,Female,51,African American,General Practice,Not Admitted,3,52
897-92-4692,30-09-2024,09:55:00,N. Parrington,Female,10,African American,General Practice,Not Admitted,4,12
421-32-5744,30-05-2024,11:22:00,P. Oke,Female,71,African American,General Practice,Not Admitted,4,19
876-21-0868,19-08-2023,12:06:00,Q. Pheazey,Female,29,African American,General Practice,Not Admitted,4,45
344-87-8606,24-08-2023,18:49:00,B. Gooderick,Female,7,African American,General Practice,Not Admitted,5,34
188-73-2556,20-01-2024,18:31:00,E. Campo,Female,56,African American,General Practice,Not Admitted,5,37
857-28-7777,22-02-2024,19:14:00,X. Markushkin,Female,38,African American,General Practice,Not Admitted,5,46
198-10-9009,21-05-2024,23:05:00,A. Jamison,Female,21,African American,General Practice,Not Admitted,6,34
215-64-9064,07-11-2023,05:22:00,E. Kynforth,Female,63,African American,General Practice,Not Admitted,6,56
637-78-4643,25-01-2024,20:27:00,P. Klessmann,Female,77,African American,General Practice,Not Admitted,6,12
768-93-9567,07-05-2023,04:28:00,P. Sheran,Female,11,African American,General Practice,Not Admitted,6,29
852-52-8451,01-05-2024,22:32:00,Q. Andrivot,Female,31,African American,General Practice,Not Admitted,6,12
871-89-4819,10-02-2024,08:54:00,J. Turmall,Female,36,African American,General Practice,Not Admitted,7,39
170-12-3064,22-08-2023,07:20:00,M. Brandrick,Female,22,African American,General Practice,Not Admitted,7,10
613-18-7721,16-02-2024,05:10:00,E. Greeson,Female,46,African American,General Practice,Not Admitted,8,51
160-60-1177,14-10-2023,00:50:00,E. Baiss,Female,66,African American,General Practice,Not Admitted,9,21
703-90-9423,23-06-2023,09:01:00,E. Killiner,Female,45,African American,General Practice,Not Admitted,10,14
575-30-5215,14-10-2024,19:04:00,L. Pimerick,Female,38,African American,General Practice,Not Admitted,10,47
128-04-8702,11-07-2024,16:39:00,U. Albion,Female,68,African American,General Practice,Not Admitted,10,34
535-20-8984,09-10-2024,01:10:00,E. Braunthal,Female,13,African American,Neurology,Not Admitted,,46
816-61-0800,12-07-2024,13:45:00,F. Dumbell,Female,59,African American,Neurology,Not Admitted,,58
786-86-2035,20-11-2023,04:27:00,N. Sugge,Female,41,African American,Neurology,Not Admitted,,23
410-26-6916,27-03-2024,21:11:00,O. Cabrera,Female,31,African American,Neurology,Not Admitted,,54
109-39-8231,25-08-2023,21:54:00,G. Truse,Female,5,African American,Neurology,Not Admitted,8,48
210-44-1324,01-04-2024,13:59:00,A. Oates,Female,11,African American,None,Not Admitted,,20
495-29-7252,09-09-2023,22:31:00,A. Belt,Female,21,African American,None,Not Admitted,,23
196-02-1199,18-08-2024,16:20:00,A. Picker,Female,34,African American,None,Not Admitted,,30
437-57-7623,16-08-2023,01:37:00,A. Pockey,Female,71,African American,None,Not Admitted,,41
475-87-9207,03-11-2023,12:16:00,A. Gjerde,Female,30,African American,None,Not Admitted,,54
207-23-0750,09-04-2023,08:04:00,B. Grevile,Female,6,African American,None,Not Admitted,,11
748-32-8916,09-03-2024,13:25:00,B. O'Longain,Female,77,African American,None,Not Admitted,,14
301-25-5648,09-12-2023,21:46:00,B. Thibodeaux,Female,31,African American,None,Not Admitted,,17
641-44-1366,21-11-2023,04:13:00,B. Witherop,Female,22,African American,None,Not Admitted,,48
446-18-6335,28-01-2024,06:38:00,C. Faughny,Female,52,African American,None,Not Admitted,,18
258-16-3895,06-09-2023,13:28:00,C. Sneller,Female,14,African American,None,Not Admitted,,21
663-48-3553,07-07-2024,11:18:00,C. Di Francesco,Female,8,African American,None,Not Admitted,,35
887-49-6202,17-10-2024,16:29:00,C. Dugan,Female,77,African American,None,Not Admitted,,40
153-35-5072,18-01-2024,09:38:00,C. Yeats,Female,13,African American,None,Not Admitted,,54
298-98-5532,23-04-2023,17:43:00,D. Spira,Female,14,African American,None,Not Admitted,,22
365-36-6718,22-12-2023,08:49:00,D. Chick,Female,79,African American,None,Not Admitted,,31
595-32-0861,21-07-2023,11:22:00,D. Toon,Female,39,African American,None,Not Admitted,,36
374-05-7474,08-06-2023,00:11:00,E. Darko,Female,69,African American,None,Not Admitted,,24
240-48-1291,10-08-2023,21:02:00,E. Bellchamber,Female,31,African American,None,Not Admitted,,27
897-33-5602,06-07-2024,15:47:00,E. Redsell,Female,58,African American,None,Not Admitted,,31
863-91-3510,22-06-2024,03:19:00,E. Snelgar,Female,56,African American,None,Not Admitted,,32
236-73-7073,18-09-2024,04:01:00,E. Brandon,Female,69,African American,None,Not Admitted,,36
512-79-1834,07-07-2024,23:31:00,E. Mattimoe,Female,24,African American,None,Not Admitted,,41
343-72-2599,21-06-2023,03:01:00,E. Jonke,Female,68,African American,None,Not Admitted,,47
442-16-7954,23-08-2024,04:31:00,E. Leeson,Female,19,African American,None,Not Admitted,,50
338-68-5955,21-12-2023,14:49:00,E. Maxwell,Female,79,African American,None,Not Admitted,,51
300-98-8851,24-09-2024,09:41:00,E. Giovannazzi,Female,8,African American,None,Not Admitted,,55
389-05-1442,01-11-2023,14:27:00,F. Batch,Female,33,African American,None,Not Admitted,,30
854-27-6593,18-01-2024,18:28:00,F. Feely,Female,61,African American,None,Not Admitted,,30
828-82-9788,19-12-2023,17:32:00,F. Dienes,Female,19,African American,None,Not Admitted,,32
294-44-8935,29-09-2023,01:15:00,F. Bellefant,Female,63,African American,None,Not Admitted,,33
549-22-5714,02-09-2023,06:19:00,F. Prewett,Female,41,African American,None,Not Admitted,,34
392-21-9704,16-09-2024,18:27:00,F. Kisting,Female,72,African American,None,Not Admitted,,42
327-14-0232,24-06-2024,13:58:00,F. Fullard,Female,39,African American,None,Not Admitted,,44
892-76-7900,28-09-2023,13:56:00,F. Matuszyk,Female,44,African American,None,Not Admitted,,49
530-35-3296,21-04-2024,09:04:00,F. Brockest,Female,28,African American,None,Not Admitted,,50
281-46-2340,14-08-2023,20:53:00,F. Patel,Female,39,African American,None,Not Admitted,,51
559-24-9165,08-08-2024,11:26:00,F. Ipgrave,Female,77,African American,None,Not Admitted,,52
260-36-3785,17-07-2024,08:46:00,F. Katte,Female,42,African American,None,Not Admitted,,54
672-38-5049,11-08-2024,06:38:00,G. Ranger,Female,61,African American,None,Not Admitted,,39
157-03-9970,16-06-2023,21:17:00,G. Capelin,Female,60,African American,None,Not Admitted,,40
606-56-7861,25-12-2023,13:16:00,G. Downing,Female,53,African American,None,Not Admitted,,44
350-25-0027,27-10-2024,01:42:00,H. Streeter,Female,33,African American,None,Not Admitted,,14
304-98-5113,05-10-2023,16:34:00,H. Magwood,Female,65,African American,None,Not Admitted,,16
260-06-9563,01-05-2023,23:20:00,H. Sherville,Female,41,African American,None,Not Admitted,,17
505-68-4956,28-12-2023,02:06:00,H. Miles,Female,55,African American,None,Not Admitted,,24
702-19-4450,21-06-2023,14:45:00,H. Garry,Female,23,African American,None,Not Admitted,,25
462-70-2628,28-01-2024,08:35:00,H. Loudon,Female,17,African American,None,Not Admitted,,42
243-22-8875,24-03-2024,09:08:00,H. Keefe,Female,55,African American,None,Not Admitted,,52
745-93-9728,27-03-2024,10:37:00,H. Riding,Female,64,African American,None,Not Admitted,,52
506-78-3537,11-05-2024,09:38:00,I. Bullcock,Female,39,African American,None,Not Admitted,,10
172-56-8559,27-08-2023,18:05:00,I. Sitwell,Female,33,African American,None,Not Admitted,,15
376-61-1160,20-04-2023,10:27:00,I. Gudgeon,Female,77,African American,None,Not Admitted,,24
883-57-0781,17-09-2023,11:46:00,I. Skill,Female,77,African American,None,Not Admitted,,25
249-54-0354,19-03-2024,14:01:00,I. Snook,Female,28,African American,None,Not Admitted,,45
518-52-9027,11-10-2024,12:12:00,I. Morsley,Female,65,African American,None,Not Admitted,,45
543-26-8730,02-05-2023,07:52:00,I. Chaperling,Female,11,African American,None,Not Admitted,,48
186-37-5209,09-03-2024,14:06:00,J. Terrington,Female,48,African American,None,Not Admitted,,16
673-55-3238,01-11-2023,00:00:00,J. Kasting,Female,41,African American,None,Not Admitted,,22
492-27-5140,15-10-2023,10:25:00,J. Franschini,Female,78,African American,None,Not Admitted,,30
378-54-6356,04-08-2024,06:39:00,J. Piggen,Female,69,African American,None,Not Admitted,,44
193-02-5632,12-06-2023,23:04:00,J. Ivermee,Female,68,African American,None,Not Admitted,,49
202-34-5918,06-10-2024,23:55:00,J. Coyte,Female,77,African American,None,Not Admitted,,54
360-11-4625,09-07-2023,22:08:00,K. Beak,Female,27,African American,None,Not Admitted,,11
605-38-9414,06-03-2024,06:07:00,K. Lung,Female,40,African American,None,Not Admitted,,21
255-37-8774,02-04-2024,05:58:00,K. Melsom,Female,71,African American,None,Not Admitted,,22
887-18-7294,06-03-2024,14:19:00,K. Mathan,Female,56,African American,None,Not Admitted,,30
813-42-2947,02-10-2023,14:06:00,K. Lumbers,Female,25,African American,None,Not Admitted,,34
336-78-5411,02-05-2023,13:44:00,K. Forcer,Female,73,African American,None,Not Admitted,,58
196-55-4306,27-06-2023,08:59:00,L. Caghan,Female,79,African American,None,Not Admitted,,37
305-98-3609,06-07-2023,02:28:00,L. Fransemai,Female,10,African American,None,Not Admitted,,38
198-86-0248,16-11-2023,05:53:00,M. Fairhead,Female,43,African American,None,Not Admitted,,32
684-59-6729,09-09-2023,06:44:00,M. Harsent,Female,31,African American,None,Not Admitted,,43
705-59-1580,04-05-2023,07:22:00,M. Beiderbecke,Female,20,African American,None,Not Admitted,,49
433-09-6429,24-03-2024,18:29:00,M. Detoc,Female,37,African American,None,Not Admitted,,52
165-19-8083,24-07-2024,01:20:00,M. Ancliffe,Female,78,African American,None,Not Admitted,,55
814-54-8042,13-08-2024,02:04:00,M. Surr,Female,2,African American,None,Not Admitted,,59
829-08-9408,05-01-2024,11:12:00,N. Cranmor,Female,20,African American,None,Not Admitted,,16
782-54-1244,29-08-2023,21:58:00,N. Kellough,Female,54,African American,None,Not Admitted,,17
165-45-0585,26-10-2023,02:36:00,N. Lanfare,Female,11,African American,None,Not Admitted,,18
592-54-1896,22-04-2024,05:39:00,N. Gallyhaock,Female,47,African American,None,Not Admitted,,24
495-30-3359,16-08-2024,16:34:00,N. Leemans,Female,55,African American,None,Not Admitted,,35
249-59-1568,06-05-2024,08:13:00,N. Conyer,Female,58,African American,None,Not Admitted,,41
207-05-0110,03-08-2023,11:06:00,N. Poleye,Female,11,African American,None,Not Admitted,,45
462-88-3724,25-05-2023,20:48:00,N. Cottam,Female,27,African American,None,Not Admitted,,52
564-99-6715,02-05-2024,22:37:00,O. Rookes,Female,36,African American,None,Not Admitted,,35
478-70-3474,17-07-2023,15:03:00,O. Winchcombe,Female,61,African American,None,Not Admitted,,50
687-50-1228,09-02-2024,09:51:00,P. Porcas,Female,48,African American,None,Not Admitted,,14
545-39-0155,07-10-2024,17:49:00,P. Rebert,Female,52,African American,None,Not Admitted,,25
818-64-0082,30-06-2024,14:40:00,P. Patrie,Female,69,African American,None,Not Admitted,,32
203-87-1234,14-01-2024,08:56:00,P. Abrahart,Female,77,African American,None,Not Admitted,,34
411-72-1989,14-10-2023,11:31:00,P. Andrichuk,Female,47,African American,None,Not Admitted,,44
606-58-0499,11-10-2024,23:37:00,P. Connett,Female,76,African American,None,Not Admitted,,47
564-53-7946,21-05-2024,05:44:00,Q. Gerleit,Female,5,African American,None,Not Admitted,,14
850-57-6988,18-10-2023,14:46:00,Q. Cosgrave,Female,6,African American,None,Not Admitted,,26
824-35-1947,16-09-2023,06:00:00,Q. Moyles,Female,44,African American,None,Not Admitted,,33
440-96-6453,20-09-2023,02:44:00,Q. Artindale,Female,2,African American,None,Not Admitted,,34
338-40-8634,28-01-2024,14:58:00,Q. Dinneges,Female,25,African American,None,Not Admitted,,36
678-92-8622,06-11-2023,03:52:00,Q. Locket,Female,53,African American,None,Not Admitted,,54
416-85-7059,13-07-2024,02:57:00,Q. Rees,Female,17,African American,None,Not Admitted,,56
742-99-7117,09-10-2023,11:43:00,Q. Sacase,Female,38,African American,None,Not Admitted,,57
311-29-1521,14-06-2023,05:30:00,Q. Turfs,Female,76,African American,None,Not Admitted,,60
746-61-3889,04-08-2023,06:05:00,R. Wince,Female,48,African American,None,Not Admitted,,28
855-64-6102,24-10-2023,12:38:00,R. Hamlin,Female,41,African American,None,Not Admitted,,32
599-42-0177,25-05-2023,09:29:00,R. Summerfield,Female,1,African American,None,Not Admitted,,35
152-28-2503,07-10-2024,16:43:00,R. Raithbie,Female,77,African American,None,Not Admitted,,46
435-83-6917,04-06-2024,10:08:00,S. Nemchinov,Female,35,African American,None,Not Admitted,,10
455-28-4709,28-12-2023,02:52:00,S. Allot,Female,73,African American,None,Not Admitted,,11
355-96-0567,28-06-2023,11:27:00,T. Pavis,Female,64,African American,None,Not Admitted,,12
708-79-4106,08-05-2024,17:35:00,T. Chasle,Female,8,African American,None,Not Admitted,,37
489-95-2505,21-07-2023,07:22:00,T. Conrard,Female,7,African American,None,Not Admitted,,44
307-33-2596,05-01-2024,05:58:00,T. Trenfield,Female,54,African American,None,Not Admitted,,55
291-48-9297,17-06-2023,17:07:00,T. Bennit,Female,61,African American,None,Not Admitted,,56
155-91-4793,21-03-2024,08:22:00,U. Elders,Female,51,African American,None,Not Admitted,,18
388-56-6915,11-01-2024,19:08:00,U. Feather,Female,38,African American,None,Not Admitted,,36
459-41-9027,22-10-2023,10:12:00,U. Spooner,Female,61,African American,None,Not Admitted,,43
497-79-0802,20-10-2024,21:26:00,U. Ochiltree,Female,4,African American,None,Not Admitted,,47
398-81-8943,31-03-2024,01:09:00,U. Gurnee,Female,48,African American,None,Not Admitted,,60
225-11-8653,10-05-2023,14:21:00,V. Whitebread,Female,55,African American,None,Not Admitted,,17
614-25-0773,21-01-2024,14:28:00,V. Boldry,Female,5,African American,None,Not Admitted,,39
510-78-2623,06-11-2023,20:28:00,V. Bootherstone,Female,38,African American,None,Not Admitted,,55
176-55-3727,09-04-2024,10:01:00,W. Sawdon,Female,45,African American,None,Not Admitted,,19
872-04-2237,03-12-2023,15:41:00,W. Northcliffe,Female,52,African American,None,Not Admitted,,22
231-82-7606,09-06-2023,20:36:00,W. Mathes,Female,78,African American,None,Not Admitted,,35
290-43-2174,18-09-2024,07:27:00,W. Smallshaw,Female,28,African American,None,Not Admitted,,39
213-36-0331,03-06-2024,23:07:00,W. Feechum,Female,72,African American,None,Not Admitted,,44
260-42-5687,24-06-2023,16:59:00,W. Nicklinson,Female,9,African American,None,Not Admitted,,47
858-73-2347,05-02-2024,08:21:00,W. Goodley,Female,1,African American,None,Not Admitted,,56
835-17-8259,17-07-2023,19:38:00,X. Stangroom,Female,38,African American,None,Not Admitted,,15
519-39-3056,14-10-2023,14:47:00,X. Barrow,Female,52,African American,None,Not Admitted,,17
706-88-2106,08-11-2023,15:47:00,X. Zelley,Female,12,African American,None,Not Admitted,,18
766-36-9799,02-08-2023,18:18:00,X. Kivlin,Female,8,African American,None,Not Admitted,,19
873-06-2405,24-09-2024,04:41:00,X. Dohms,Female,56,African American,None,Not Admitted,,20
310-10-1774,08-09-2024,15:13:00,X. Fassman,Female,39,African American,None,Not Admitted,,21
641-55-4227,22-06-2023,20:23:00,X. Edeson,Female,2,African American,None,Not Admitted,,27
638-81-1348,08-01-2024,05:32:00,X. Herion,Female,58,African American,None,Not Admitted,,28
124-05-9790,19-12-2023,23:45:00,X. Bohman,Female,56,African American,None,Not Admitted,,30
821-01-1065,20-09-2023,06:19:00,X. Kimbly,Female,75,African American,None,Not Admitted,,56
357-39-6143,29-04-2023,02:32:00,X. Connew,Female,42,African American,None,Not Admitted,,59
848-38-5877,23-08-2024,06:52:00,Y. Noe,Female,7,African American,None,Not Admitted,,13
875-86-2290,11-02-2024,12:21:00,Y. Hawarden,Female,30,African American,None,Not Admitted,,19
667-03-3602,26-04-2023,21:04:00,Y. Lampen,Female,73,African American,None,Not Admitted,,32
844-11-6053,17-09-2023,21:50:00,Z. Tribe,Female,47,African American,None,Not Admitted,,19
250-23-2067,25-04-2024,15:29:00,Z. Wallace,Female,36,African American,None,Not Admitted,,24
345-22-7048,27-08-2023,00:53:00,Z. Hilliam,Female,61,African American,None,Not Admitted,,42
311-70-7578,06-05-2023,20:18:00,Z. Wyld,Female,36,African American,None,Not Admitted,,49
167-50-7288,28-01-2024,19:26:00,Z. Hunnable,Female,6,African American,None,Not Admitted,,50
869-19-5286,16-11-2023,17:56:00,Z. Pratte,Female,4,African American,None,Not Admitted,,59
527-81-7213,21-09-2023,21:46:00,Z. Chidwick,Female,22,African American,None,Not Admitted,,60
509-22-9173,04-06-2023,07:40:00,Z. McKibben,Female,78,African American,None,Not Admitted,,60
769-16-8734,04-07-2023,05:12:00,F. Miquelet,Female,53,African American,None,Not Admitted,0,10
141-74-4458,26-12-2023,10:24:00,R. Richt,Female,54,African American,None,Not Admitted,0,21
679-38-3458,22-06-2023,22:39:00,W. Trustram,Female,24,African American,None,Not Admitted,0,29
743-50-8009,05-12-2023,13:28:00,B. Wheeliker,Female,9,African American,None,Not Admitted,1,29
848-13-6227,03-02-2024,08:15:00,D. Reeves,Female,77,African American,None,Not Admitted,1,25
850-19-4604,03-06-2024,19:37:00,H. Cheeke,Female,67,African American,None,Not Admitted,1,40
543-99-4748,01-08-2024,12:27:00,R. Corradi,Female,62,African American,None,Not Admitted,1,35
315-73-8679,30-05-2023,17:02:00,S. Duinkerk,Female,36,African American,None,Not Admitted,1,14
215-96-3099,01-06-2023,14:17:00,S. Millan,Female,70,African American,None,Not Admitted,1,37
780-28-1491,02-01-2024,17:16:00,U. Lambert-Ciorwyn,Female,16,African American,None,Not Admitted,1,29
595-33-7472,07-06-2023,03:24:00,V. Vaughn,Female,72,African American,None,Not Admitted,1,48
746-03-9818,10-11-2023,03:04:00,C. Glaum,Female,11,African American,None,Not Admitted,2,11
699-87-8336,10-07-2024,19:14:00,E. Denekamp,Female,19,African American,None,Not Admitted,2,30
229-94-6883,01-07-2023,10:47:00,K. Sibly,Female,4,African American,None,Not Admitted,2,26
683-61-8328,28-04-2024,17:08:00,O. Crichley,Female,10,African American,None,Not Admitted,2,40
275-97-9757,11-10-2024,11:11:00,S. Alkin,Female,59,African American,None,Not Admitted,2,13
537-53-0651,04-07-2023,13:24:00,I. Whiteway,Female,26,African American,None,Not Admitted,3,48
843-36-4800,10-09-2023,19:02:00,N. Guiett,Female,42,African American,None,Not Admitted,3,13
519-73-0586,25-10-2024,05:11:00,S. Dockwray,Female,37,African American,None,Not Admitted,3,24
552-80-5445,09-09-2023,12:28:00,U. Bento,Female,17,African American,None,Not Admitted,3,37
822-56-9864,31-10-2023,19:49:00,Y. Doche,Female,65,African American,None,Not Admitted,3,39
621-97-5594,14-08-2023,20:02:00,A. Cordes,Female,57,African American,None,Not Admitted,4,58
649-96-4440,13-04-2024,07:45:00,D. Dagnan,Female,36,African American,None,Not Admitted,4,15
104-44-8448,18-06-2023,22:14:00,I. Hatherley,Female,10,African American,None,Not Admitted,4,26
797-16-0807,04-06-2023,10:57:00,L. McCullogh,Female,71,African American,None,Not Admitted,4,54
362-04-6227,17-12-2023,23:39:00,B. Orrick,Female,49,African American,None,Not Admitted,5,33
310-63-1799,15-01-2024,15:31:00,E. Castanos,Female,39,African American,None,Not Admitted,5,28
175-46-2862,18-10-2024,02:03:00,E. Boules,Female,6,African American,None,Not Admitted,5,56
467-99-8996,19-01-2024,03:28:00,G. Brame,Female,19,African American,None,Not Admitted,5,42
460-15-6586,24-04-2023,03:16:00,P. Stillmann,Female,27,African American,None,Not Admitted,5,32
627-37-4516,04-09-2024,07:52:00,R. Jersh,Female,68,African American,None,Not Admitted,5,42
580-39-5361,28-08-2023,13:46:00,U. Colbert,Female,37,African American,None,Not Admitted,5,22
677-05-5953,20-08-2024,18:01:00,U. Kimber,Female,70,African American,None,Not Admitted,5,32
780-96-6113,09-09-2024,09:25:00,W. Breede,Female,63,African American,None,Not Admitted,5,32
482-40-7597,03-09-2024,18:54:00,X. Lyndon,Female,27,African American,None,Not Admitted,5,18
384-22-6406,12-05-2024,02:21:00,Y. Ebben,Female,56,African American,None,Not Admitted,5,60
127-77-9547,23-01-2024,00:17:00,R. De Ruggero,Female,66,African American,None,Not Admitted,6,45
604-61-1731,29-02-2024,08:46:00,T. Abade,Female,40,African American,None,Not Admitted,6,32
125-88-7366,18-06-2023,20:35:00,U. Bulfield,Female,24,African American,None,Not Admitted,6,54
514-44-5278,12-06-2024,07:52:00,V. Dominelli,Female,28,African American,None,Not Admitted,6,19
385-86-5654,24-12-2023,17:51:00,Y. Balls,Female,17,African American,None,Not Admitted,6,41
578-05-4342,17-05-2023,18:06:00,Z. Maber,Female,13,African American,None,Not Admitted,6,50
131-31-2028,20-06-2024,02:45:00,C. Triplow,Female,23,African American,None,Not Admitted,7,22
442-31-5916,24-05-2023,17:06:00,T. Oatley,Female,39,African American,None,Not Admitted,7,37
128-10-0306,23-06-2024,23:33:00,P. Boyett,Female,45,African American,None,Not Admitted,8,10
426-66-7893,16-05-2023,20:44:00,U. Luckings,Female,33,African American,None,Not Admitted,8,28
259-86-4387,17-12-2023,03:50:00,W. Hukins,Female,41,African American,None,Not Admitted,8,32
472-72-8473,11-11-2023,22:32:00,A. Kildahl,Female,23,African American,None,Not Admitted,9,54
711-46-8573,02-07-2023,16:28:00,V. Chapelhow,Female,74,African American,None,Not Admitted,9,25
128-24-3514,31-03-2024,09:06:00,Y. Sussams,Female,19,African American,None,Not Admitted,9,55
208-88-3128,20-08-2024,20:33:00,D. Coryndon,Female,72,African American,None,Not Admitted,10,37
727-78-9302,27-07-2024,13:18:00,D. Beechcraft,Female,31,African American,None,Not Admitted,10,57
340-41-2981,18-10-2023,07:06:00,I. Deshorts,Female,69,African American,None,Not Admitted,10,20
460-64-4936,15-12-2023,05:38:00,I. Danhel,Female,8,African American,None,Not Admitted,10,42
280-79-5942,21-12-2023,08:50:00,J. Harron,Female,46,African American,None,Not Admitted,10,34
860-54-9346,05-08-2023,15:24:00,S. Erasmus,Female,39,African American,None,Not Admitted,10,54
438-98-4639,05-04-2023,06:25:00,T. Pawfoot,Female,26,African American,None,Not Admitted,10,46
381-92-2973,06-06-2023,17:51:00,U. Chitham,Female,79,African American,None,Not Admitted,10,15
584-74-6723,25-08-2024,07:43:00,X. Stockau,Female,67,African American,None,Not Admitted,10,20
483-20-0302,28-03-2024,09:22:00,B. Dyzart,Female,47,African American,Orthopedics,Not Admitted,,30
634-38-7814,27-03-2024,15:55:00,C. Pagan,Female,4,African American,Orthopedics,Not Admitted,,45
578-73-4353,08-04-2023,23:49:00,E. Siccombe,Female,15,African American,Orthopedics,Not Admitted,,33
442-97-4394,22-05-2024,16:23:00,F. Deakins,Female,60,African American,Orthopedics,Not Admitted,,47
180-27-1558,02-11-2023,14:32:00,F. Stacy,Female,20,African American,Orthopedics,Not Admitted,,52
196-80-7773,15-08-2023,06:55:00,G. Whimper,Female,74,African American,Orthopedics,Not Admitted,,13
774-04-3304,28-04-2023,05:13:00,G. Ruddy,Female,34,African American,Orthopedics,Not Admitted,,27
708-77-3192,14-11-2023,07:27:00,G. Coite,Female,23,African American,Orthopedics,Not Admitted,,30
777-67-6604,25-02-2024,15:02:00,H. Harsant,Female,65,African American,Orthopedics,Not Admitted,,29
559-67-0354,09-11-2023,11:58:00,H. Agron,Female,43,African American,Orthopedics,Not Admitted,,43
443-36-2330,06-04-2023,06:42:00,J. Ballin,Female,10,African American,Orthopedics,Not Admitted,,21
884-65-0896,27-06-2024,06:21:00,J. Newgrosh,Female,48,African American,Orthopedics,Not Admitted,,54
809-10-0879,01-06-2023,19:46:00,J. Duffy,Female,60,African American,Orthopedics,Not Admitted,,58
219-45-8034,23-06-2024,16:24:00,K. Hakewell,Female,73,African American,Orthopedics,Not Admitted,,14
819-83-4431,28-05-2023,22:50:00,K. Farrear,Female,16,African American,Orthopedics,Not Admitted,,17
416-95-3368,03-02-2024,10:36:00,K. Mushart,Female,54,African American,Orthopedics,Not Admitted,,19
645-90-4320,18-11-2023,19:25:00,L. Simpkins,Female,4,African American,Orthopedics,Not Admitted,,26
293-18-7287,02-03-2024,16:03:00,M. Hortop,Female,63,African American,Orthopedics,Not Admitted,,49
754-26-5507,31-01-2024,16:28:00,N. Antonazzi,Female,32,African American,Orthopedics,Not Admitted,,33
429-49-3591,15-07-2024,16:49:00,N. Polon,Female,6,African American,Orthopedics,Not Admitted,,44
698-20-8468,09-10-2024,00:44:00,O. Bohlsen,Female,23,African American,Orthopedics,Not Admitted,,33
123-27-5720,14-10-2023,03:14:00,P. Gilardengo,Female,55,African American,Orthopedics,Not Admitted,,11
482-13-8422,30-11-2023,08:20:00,R. Kikke,Female,5,African American,Orthopedics,Not Admitted,,14
122-73-4557,30-09-2024,19:55:00,R. Godar,Female,2,African American,Orthopedics,Not Admitted,,23
875-20-1020,09-06-2023,05:03:00,R. Perrygo,Female,10,African American,Orthopedics,Not Admitted,,46
409-52-4416,03-05-2024,10:25:00,S. Gately,Female,74,African American,Orthopedics,Not Admitted,,43
554-09-0300,10-02-2024,23:31:00,S. Brierley,Female,42,African American,Orthopedics,Not Admitted,,56
124-36-9054,22-10-2024,04:32:00,T. Le Clercq,Female,44,African American,Orthopedics,Not Admitted,,38
814-11-2492,03-06-2024,04:20:00,T. Fedorski,Female,64,African American,Orthopedics,Not Admitted,,43
364-41-2788,23-07-2023,17:48:00,U. Amar,Female,46,African American,Orthopedics,Not Admitted,,30
801-75-4801,08-10-2024,22:18:00,V. McShee,Female,38,African American,Orthopedics,Not Admitted,,35
643-88-8465,28-10-2023,11:51:00,V. Kynforth,Female,79,African American,Orthopedics,Not Admitted,,41
309-34-4512,03-03-2024,22:53:00,V. Everill,Female,8,African American,Orthopedics,Not Admitted,,51
143-12-4621,17-08-2024,21:33:00,V. Brindle,Female,66,African American,Orthopedics,Not Admitted,,52
649-47-0696,18-05-2024,19:39:00,X. Habble,Female,4,African American,Orthopedics,Not Admitted,,38
418-68-8857,19-07-2024,06:27:00,X. Sawkin,Female,4,African American,Orthopedics,Not Admitted,,58
663-52-0761,09-11-2023,12:52:00,Y. Videan,Female,3,African American,Orthopedics,Not Admitted,,32
110-15-3555,20-03-2024,09:45:00,Y. Veryan,Female,70,African American,Orthopedics,Not Admitted,,33
611-20-6971,14-04-2023,16:33:00,Z. Gonnel,Female,12,African American,Orthopedics,Not Admitted,,12
891-13-0532,02-04-2024,06:03:00,Z. Dayes,Female,7,African American,Orthopedics,Not Admitted,,54
102-54-1653,27-04-2024,02:32:00,J. Mowson,Female,50,African American,Orthopedics,Not Admitted,0,51
333-28-5802,25-06-2023,20:02:00,O. Kohneke,Female,33,African American,Orthopedics,Not Admitted,0,32
493-10-9938,01-02-2024,06:47:00,A. Haworth,Female,66,African American,Orthopedics,Not Admitted,1,16
809-77-6432,25-04-2023,11:21:00,V. Spelling,Female,47,African American,Orthopedics,Not Admitted,1,55
142-24-2360,22-06-2023,05:53:00,O. Sheward,Female,67,African American,Orthopedics,Not Admitted,2,60
749-62-2279,17-04-2024,09:49:00,P. Gerhold,Female,10,African American,Orthopedics,Not Admitted,2,30
875-56-3403,28-08-2024,22:33:00,U. Hornbuckle,Female,64,African American,Orthopedics,Not Admitted,3,34
713-23-9419,26-07-2023,02:30:00,Z. Vivien,Female,15,African American,Orthopedics,Not Admitted,4,28
721-57-7739,18-10-2023,11:17:00,D. Canby,Female,34,African American,Orthopedics,Not Admitted,5,21
748-29-8054,05-07-2024,00:36:00,C. Wollers,Female,29,African American,Orthopedics,Not Admitted,7,55
679-04-2649,30-05-2023,04:08:00,L. Witherow,Female,47,African American,Orthopedics,Not Admitted,7,37
565-38-3119,30-06-2023,15:03:00,M. McClaurie,Female,3,African American,Orthopedics,Not Admitted,9,53
322-99-9924,29-08-2023,20:57:00,T. Franchyonok,Female,30,African American,Orthopedics,Not Admitted,9,24
679-29-9661,04-04-2024,07:23:00,B. Geeves,Female,34,African American,Orthopedics,Not Admitted,10,49
146-07-1057,06-05-2024,00:44:00,G. Hanselmann,Female,67,African American,Physiotherapy,Not Admitted,,56
711-07-7795,28-11-2023,03:33:00,I. Cruickshanks,Female,18,African American,Physiotherapy,Not Admitted,,25
805-02-0749,22-07-2023,08:52:00,K. Milton-White,Female,26,African American,Physiotherapy,Not Admitted,,40
657-05-4117,02-05-2023,03:29:00,O. Eglise,Female,18,African American,Physiotherapy,Not Admitted,,11
445-96-8347,28-10-2023,11:01:00,P. Brinsden,Female,40,African American,Physiotherapy,Not Admitted,,18
528-88-1999,28-10-2024,16:52:00,P. Stagg,Female,6,African American,Physiotherapy,Not Admitted,,57
267-89-0681,30-06-2024,13:22:00,Q. Dangl,Female,22,African American,Physiotherapy,Not Admitted,,46
511-46-2159,24-01-2024,14:10:00,H. Wiseman,Female,56,African American,Physiotherapy,Not Admitted,0,17
721-28-4161,08-07-2023,23:44:00,X. Standish-Brooks,Female,28,African American,Physiotherapy,Not Admitted,4,49
759-61-2096,25-11-2023,10:45:00,C. Cicerone,Female,43,African American,Renal,Not Admitted,,59
369-24-4662,21-05-2024,07:13:00,D. Shadrack,Female,16,African American,Renal,Not Admitted,,11
625-84-2319,16-09-2024,17:27:00,L. Hamby,Female,77,African American,Renal,Not Admitted,,43
291-47-8677,12-12-2023,08:49:00,W. Verling,Female,12,African American,Renal,Not Admitted,,28
202-68-7145,01-10-2023,16:15:00,X. Bastock,Female,38,African American,Renal,Not Admitted,,20
786-23-7303,25-09-2024,09:59:00,Y. Loraine,Female,17,African American,Renal,Not Admitted,4,25
729-44-7586,13-01-2024,22:55:00,D. Ornillos,Female,32,Asian,Cardiology,Not Admitted,,35
142-87-7640,14-09-2024,05:00:00,P. Shallcross,Female,41,Asian,Cardiology,Not Admitted,,20
210-09-0959,06-03-2024,16:17:00,Q. Chansonne,Female,60,Asian,Cardiology,Not Admitted,1,56
770-69-8526,05-02-2024,10:24:00,X. Helis,Female,9,Asian,Cardiology,Not Admitted,3,49
444-32-3923,01-06-2024,06:19:00,T. Lawie,Female,36,Asian,Cardiology,Not Admitted,5,15
477-43-3427,07-09-2024,16:02:00,B. Pardew,Female,58,Asian,Cardiology,Not Admitted,7,10
193-39-9512,14-08-2023,05:46:00,I. Hiscocks,Female,66,Asian,Gastroenterology,Not Admitted,,49
791-28-9797,02-06-2024,07:59:00,T. Gunton,Female,28,Asian,Gastroenterology,Not Admitted,,50
772-47-3814,10-12-2023,21:31:00,V. Sokill,Female,69,Asian,Gastroenterology,Not Admitted,,55
389-14-6190,01-04-2023,15:10:00,E. Bygate,Female,20,Asian,General Practice,Not Admitted,,30
100-66-8222,23-12-2023,12:07:00,F. Mullane,Female,65,Asian,General Practice,Not Admitted,,17
401-04-4348,25-05-2024,14:38:00,F. Thynne,Female,21,Asian,General Practice,Not Admitted,,33
178-35-6443,04-01-2024,01:00:00,F. Lippett,Female,67,Asian,General Practice,Not Admitted,,40
556-75-8409,13-06-2023,20:07:00,K. Stellino,Female,10,Asian,General Practice,Not Admitted,,56
349-40-9306,04-11-2023,04:56:00,N. Ghioni,Female,30,Asian,General Practice,Not Admitted,,20
509-62-2204,23-12-2023,16:43:00,P. Cornbill,Female,40,Asian,General Practice,Not Admitted,,57
665-50-9637,06-09-2024,12:41:00,R. Renowden,Female,27,Asian,General Practice,Not Admitted,,10
505-85-5884,29-04-2024,08:20:00,S. Link,Female,45,Asian,General Practice,Not Admitted,,14
254-67-7783,05-04-2023,18:19:00,T. Gatherell,Female,76,Asian,General Practice,Not Admitted,,54
385-36-3839,07-06-2023,04:18:00,W. Thornebarrow,Female,40,Asian,General Practice,Not Admitted,,33
407-66-8499,27-05-2024,11:27:00,W. Bester,Female,11,Asian,General Practice,Not Admitted,,36
443-92-1671,13-06-2024,03:12:00,W. Fatharly,Female,72,Asian,General Practice,Not Admitted,,43
556-28-7915,03-06-2023,12:33:00,X. Spandley,Female,78,Asian,General Practice,Not Admitted,,21
858-84-0931,19-04-2023,12:02:00,Y. Eynald,Female,61,Asian,General Practice,Not Admitted,,59
400-43-2749,14-05-2023,16:01:00,R. Jagoe,Female,34,Asian,General Practice,Not Admitted,0,50
863-95-9525,30-09-2024,10:20:00,C. Keddle,Female,38,Asian,General Practice,Not Admitted,2,55
749-04-9739,05-12-2023,08:28:00,G. McEvoy,Female,61,Asian,General Practice,Not Admitted,5,22
820-21-7142,25-07-2023,01:13:00,K. Jaray,Female,59,Asian,General Practice,Not Admitted,5,15
615-80-8527,31-07-2023,13:17:00,M. Brissard,Female,36,Asian,General Practice,Not Admitted,8,20
535-81-8385,31-10-2023,07:50:00,V. Gally,Female,54,Asian,General Practice,Not Admitted,9,31
620-60-2232,26-06-2024,08:07:00,B. Carress,Female,47,Asian,General Practice,Not Admitted,10,38
662-75-3787,11-05-2023,03:45:00,R. Eates,Female,33,Asian,General Practice,Not Admitted,10,37
358-64-0690,25-07-2024,17:31:00,C. Jerrim,Female,61,Asian,Neurology,Not Admitted,,41
686-06-9347,30-10-2023,05:18:00,J. Garnsworthy,Female,36,Asian,Neurology,Not Admitted,,22
138-11-0080,02-04-2024,00:21:00,M. Heenan,Female,78,Asian,Neurology,Not Admitted,,23
679-34-7055,23-06-2023,04:20:00,O. Bockmaster,Female,62,Asian,Neurology,Not Admitted,,57
406-30-2620,24-07-2024,19:20:00,U. Shutt,Female,77,Asian,Neurology,Not Admitted,,52
814-81-8129,23-08-2023,05:23:00,W. Peters,Female,6,Asian,Neurology,Not Admitted,,49
838-27-1967,02-10-2023,14:35:00,Y. Haining,Female,66,Asian,Neurology,Not Admitted,6,45
824-90-7037,10-07-2023,06:31:00,X. Whalley,Female,25,Asian,Neurology,Not Admitted,8,26
134-42-6830,03-03-2024,04:05:00,A. Sprackling,Female,16,Asian,None,Not Admitted,,13
559-43-9962,01-05-2023,06:25:00,A. Destouche,Female,36,Asian,None,Not Admitted,,13
493-86-6497,21-03-2024,03:57:00,A. Hancill,Female,54,Asian,None,Not Admitted,,15
200-75-7847,19-07-2024,22:49:00,A. Minghetti,Female,74,Asian,None,Not Admitted,,51
372-20-5389,13-07-2024,23:24:00,A. Aleksich,Female,5,Asian,None,Not Admitted,,58
886-83-6515,04-12-2023,16:18:00,A. Polglase,Female,47,Asian,None,Not Admitted,,59
492-03-5767,07-03-2024,17:28:00,C. Killford,Female,1,Asian,None,Not Admitted,,17
796-02-2960,04-09-2023,11:18:00,C. Gwatkins,Female,55,Asian,None,Not Admitted,,21
832-25-9816,23-06-2024,12:28:00,C. MacSherry,Female,30,Asian,None,Not Admitted,,40
542-49-2911,29-09-2024,05:08:00,C. Frankcombe,Female,36,Asian,None,Not Admitted,,55
223-48-3317,05-01-2024,14:14:00,D. Zeplin,Female,12,Asian,None,Not Admitted,,15
692-52-8598,16-02-2024,16:09:00,D. Cuniam,Female,30,Asian,None,Not Admitted,,55
217-49-5486,31-08-2023,08:16:00,D. Johnstone,Female,58,Asian,None,Not Admitted,,59
271-45-0948,02-08-2024,05:43:00,E. McAvin,Female,17,Asian,None,Not Admitted,,33
572-74-8397,13-07-2023,05:22:00,E. Segeswoeth,Female,2,Asian,None,Not Admitted,,48
319-68-1866,17-06-2024,21:18:00,F. Harriagn,Female,8,Asian,None,Not Admitted,,23
729-73-0284,21-05-2024,06:44:00,G. Wilcher,Female,46,Asian,None,Not Admitted,,24
644-15-9218,09-07-2024,18:27:00,G. Deadman,Female,56,Asian,None,Not Admitted,,43
832-56-7060,07-04-2024,13:16:00,G. Timothy,Female,63,Asian,None,Not Admitted,,44
385-25-7103,18-09-2023,00:56:00,G. Hercules,Female,62,Asian,None,Not Admitted,,52
400-75-0237,07-12-2023,09:51:00,G. Swalwell,Female,25,Asian,None,Not Admitted,,59
520-83-1270,14-11-2023,01:21:00,H. Thicking,Female,49,Asian,None,Not Admitted,,13
613-20-5618,25-07-2023,23:42:00,H. Tubritt,Female,78,Asian,None,Not Admitted,,19
614-91-8822,14-08-2023,23:11:00,H. Penas,Female,59,Asian,None,Not Admitted,,30
674-99-3177,14-12-2023,06:09:00,H. Cowlin,Female,31,Asian,None,Not Admitted,,38
839-76-6725,25-01-2024,05:34:00,I. Abrahamovitz,Female,78,Asian,None,Not Admitted,,22
894-34-4848,11-01-2024,03:54:00,I. Bedborough,Female,11,Asian,None,Not Admitted,,23
154-86-0769,25-08-2023,15:34:00,I. Colliford,Female,69,Asian,None,Not Admitted,,26
193-35-5764,05-11-2023,23:01:00,I. Searle,Female,49,Asian,None,Not Admitted,,31
820-68-0040,10-07-2023,03:12:00,I. Pandya,Female,55,Asian,None,Not Admitted,,34
877-55-1245,26-10-2023,00:41:00,I. Draude,Female,19,Asian,None,Not Admitted,,39
436-53-0891,20-08-2024,09:27:00,I. Giacopazzi,Female,15,Asian,None,Not Admitted,,55
780-36-8575,22-04-2023,09:28:00,J. Gopsill,Female,33,Asian,None,Not Admitted,,24
328-74-8801,12-06-2023,09:02:00,J. Layson,Female,15,Asian,None,Not Admitted,,30
880-82-9131,26-09-2023,13:08:00,J. Corhard,Female,79,Asian,None,Not Admitted,,43
726-73-5570,02-07-2024,05:20:00,K. Hutchcraft,Female,46,Asian,None,Not Admitted,,38
309-54-6523,04-09-2023,00:58:00,K. Elloit,Female,59,Asian,None,Not Admitted,,45
735-51-2783,27-06-2024,23:27:00,K. Ind,Female,8,Asian,None,Not Admitted,,54
487-94-8562,07-06-2024,03:27:00,K. Brigstock,Female,74,Asian,None,Not Admitted,,59
844-64-3064,06-10-2023,19:46:00,L. Rydzynski,Female,3,Asian,None,Not Admitted,,11
487-60-3573,18-10-2024,10:46:00,L. Ciottoi,Female,22,Asian,None,Not Admitted,,13
223-22-7407,04-11-2023,17:35:00,L. Trewett,Female,5,Asian,None,Not Admitted,,14
632-33-1275,14-02-2024,00:06:00,L. Grindley,Female,78,Asian,None,Not Admitted,,20
284-16-9688,29-01-2024,21:16:00,L. Worvell,Female,25,Asian,None,Not Admitted,,42
536-56-4427,15-03-2024,01:23:00,M. Skeldon,Female,38,Asian,None,Not Admitted,,11
387-82-3558,12-06-2023,07:14:00,M. Borman,Female,64,Asian,None,Not Admitted,,16
845-04-1216,07-06-2024,23:27:00,M. Carus,Female,39,Asian,None,Not Admitted,,46
730-36-4244,11-06-2024,18:16:00,M. Cade,Female,26,Asian,None,Not Admitted,,52
488-56-1587,15-12-2023,11:46:00,M. Schellig,Female,42,Asian,None,Not Admitted,,52
488-42-2856,10-05-2024,06:09:00,N. Dudley,Female,2,Asian,None,Not Admitted,,12
897-23-2167,27-08-2024,16:44:00,N. McConnel,Female,71,Asian,None,Not Admitted,,26
807-87-0849,12-04-2024,10:57:00,N. Hadenton,Female,21,Asian,None,Not Admitted,,40
426-61-6009,23-09-2024,00:55:00,N. MacAiline,Female,69,Asian,None,Not Admitted,,40
828-59-6248,26-05-2023,00:32:00,O. Grut,Female,53,Asian,None,Not Admitted,,36
416-31-7468,30-10-2023,16:45:00,O. Gligoraci,Female,23,Asian,None,Not Admitted,,40
117-06-6307,23-05-2024,16:26:00,O. Abrehart,Female,78,Asian,None,Not Admitted,,41
400-75-0750,03-03-2024,18:21:00,O. Moriarty,Female,14,Asian,None,Not Admitted,,42
504-09-9129,18-08-2023,20:58:00,O. Renneke,Female,7,Asian,None,Not Admitted,,58
127-86-2344,20-05-2023,08:57:00,P. Waryk,Female,42,Asian,None,Not Admitted,,20
428-71-5074,08-06-2024,05:38:00,P. Myrkus,Female,15,Asian,None,Not Admitted,,32
541-50-7505,31-12-2023,01:34:00,P. Stoffels,Female,66,Asian,None,Not Admitted,,41
801-77-4739,22-09-2023,09:35:00,P. Loyns,Female,76,Asian,None,Not Admitted,,54
383-64-6636,20-01-2024,23:52:00,P. Loalday,Female,74,Asian,None,Not Admitted,,60
730-80-4986,15-04-2024,16:02:00,Q. Spackman,Female,56,Asian,None,Not Admitted,,16
323-15-5382,08-04-2023,00:02:00,Q. Dreye,Female,64,Asian,None,Not Admitted,,17
358-88-4969,18-06-2024,23:22:00,Q. Levett,Female,25,Asian,None,Not Admitted,,23
705-95-8195,06-10-2024,18:31:00,Q. Dyneley,Female,67,Asian,None,Not Admitted,,25
208-89-0119,11-05-2023,03:28:00,R. Plane,Female,54,Asian,None,Not Admitted,,50
557-05-5900,21-06-2023,04:49:00,S. Westgate,Female,46,Asian,None,Not Admitted,,25
609-79-0405,04-05-2024,16:49:00,S. D'Aubney,Female,72,Asian,None,Not Admitted,,47
519-96-7743,28-11-2023,15:03:00,T. Lamminam,Female,52,Asian,None,Not Admitted,,11
324-36-5374,12-08-2024,22:03:00,T. Pamphilon,Female,44,Asian,None,Not Admitted,,15
183-15-0828,12-01-2024,17:06:00,T. Fernez,Female,66,Asian,None,Not Admitted,,19
713-88-3339,19-08-2024,15:27:00,T. Scrowston,Female,41,Asian,None,Not Admitted,,48
874-60-4529,06-05-2023,09:23:00,T. Wegman,Female,19,Asian,None,Not Admitted,,51
127-06-6159,19-04-2023,08:48:00,T. Matthessen,Female,19,Asian,None,Not Admitted,,54
877-89-1517,04-11-2023,09:41:00,U. Possel,Female,74,Asian,None,Not Admitted,,10
587-16-0608,21-08-2024,12:49:00,U. Hilley,Female,53,Asian,None,Not Admitted,,11
768-10-9983,17-08-2023,09:09:00,U. Elsbury,Female,31,Asian,None,Not Admitted,,45
687-36-3981,05-05-2024,23:39:00,V. Biesty,Female,24,Asian,None,Not Admitted,,11
590-19-6541,27-02-2024,10:47:00,V. Blasio,Female,77,Asian,None,Not Admitted,,12
707-44-8386,18-10-2024,15:36:00,V. Scantlebury,Female,3,Asian,None,Not Admitted,,15
308-16-8481,23-04-2023,10:06:00,V. Catterick,Female,40,Asian,None,Not Admitted,,35
248-87-1718,02-08-2024,12:39:00,V. Grabban,Female,40,Asian,None,Not Admitted,,43
857-68-2721,18-04-2023,16:09:00,W. Corradino,Female,29,Asian,None,Not Admitted,,26
736-54-2232,10-07-2024,20:34:00,W. Yoxen,Female,56,Asian,None,Not Admitted,,37
252-67-0809,23-08-2024,09:57:00,W. Colclough,Female,73,Asian,None,Not Admitted,,49
754-27-4650,16-08-2023,03:43:00,X. Birtonshaw,Female,48,Asian,None,Not Admitted,,51
381-69-6342,28-04-2023,23:27:00,X. Spirit,Female,65,Asian,None,Not Admitted,,56
659-42-8898,02-09-2024,18:38:00,Y. Enevold,Female,16,Asian,None,Not Admitted,,13
214-94-9998,04-05-2023,08:50:00,Y. Fullerton,Female,35,Asian,None,Not Admitted,,13
418-76-1742,01-06-2024,22:26:00,Y. Kock,Female,43,Asian,None,Not Admitted,,25
290-17-4655,01-06-2024,06:10:00,Y. Whitington,Female,79,Asian,None,Not Admitted,,37
864-37-9908,19-04-2023,13:17:00,Y. Chicco,Female,76,Asian,None,Not Admitted,,48
442-72-9831,04-12-2023,06:21:00,Y. Kennermann,Female,46,Asian,None,Not Admitted,,51
765-85-5657,23-08-2023,12:26:00,Z. Vaughten,Female,4,Asian,None,Not Admitted,,16
642-14-4801,27-08-2024,21:06:00,Z. Chessell,Female,47,Asian,None,Not Admitted,,16
323-52-6658,16-08-2023,14:20:00,Z. Benoix,Female,58,Asian,None,Not Admitted,,21
327-71-5579,03-08-2023,07:52:00,Z. Keighly,Female,14,Asian,None,Not Admitted,,24
161-11-8631,20-05-2024,07:14:00,Z. Stanlock,Female,10,Asian,None,Not Admitted,,30
574-48-5950,04-07-2024,06:25:00,Z. Trace,Female,42,Asian,None,Not Admitted,,46
345-42-0466,20-08-2023,01:25:00,C. Hansell,Female,31,Asian,None,Not Admitted,0,40
281-67-7646,15-09-2023,16:02:00,L. Stood,Female,12,Asian,None,Not Admitted,0,45
351-60-6045,20-10-2023,21:35:00,S. Morrowe,Female,73,Asian,None,Not Admitted,0,41
196-42-4139,18-07-2023,23:58:00,G. Espadas,Female,39,Asian,None,Not Admitted,1,36
784-97-6948,14-07-2024,03:44:00,V. Butteris,Female,61,Asian,None,Not Admitted,1,48
110-38-1973,06-04-2024,09:56:00,X. Dysart,Female,76,Asian,None,Not Admitted,1,41
879-31-2414,08-08-2023,22:40:00,Y. Creaser,Female,62,Asian,None,Not Admitted,1,23
213-23-7376,23-02-2024,19:35:00,M. Vasenkov,Female,27,Asian,None,Not Admitted,2,60
538-74-2222,31-07-2024,14:03:00,B. Geator,Female,18,Asian,None,Not Admitted,3,44
438-20-6869,05-06-2024,01:29:00,C. Pepin,Female,18,Asian,None,Not Admitted,3,15
345-56-2522,29-07-2024,21:55:00,D. Coull,Female,18,Asian,None,Not Admitted,3,35
382-04-7586,24-05-2024,10:09:00,I. Peto,Female,28,Asian,None,Not Admitted,3,53
127-78-2954,29-07-2024,10:38:00,N. Faustian,Female,13,Asian,None,Not Admitted,3,45
843-20-8997,15-09-2023,18:09:00,S. Stockow,Female,51,Asian,None,Not Admitted,3,26
325-53-6475,29-07-2024,12:11:00,Z. Denslow,Female,68,Asian,None,Not Admitted,3,45
597-64-3246,24-04-2023,04:24:00,Q. Doody,Female,78,Asian,None,Not Admitted,4,22
821-38-7964,29-06-2023,14:21:00,T. McPike,Female,58,Asian,None,Not Admitted,5,43
628-24-0324,30-05-2023,16:27:00,Z. Codner,Female,10,Asian,None,Not Admitted,5,24
313-99-3667,29-11-2023,06:05:00,E. Caws,Female,4,Asian,None,Not Admitted,6,23
384-25-8158,13-01-2024,11:00:00,F. Camblin,Female,71,Asian,None,Not Admitted,6,42
577-72-3497,06-01-2024,10:02:00,I. Defond,Female,8,Asian,None,Not Admitted,6,30
282-36-6038,23-12-2023,16:03:00,I. Slack,Female,37,Asian,None,Not Admitted,6,58
832-36-7335,11-10-2023,01:56:00,J. Landrick,Female,29,Asian,None,Not Admitted,6,52
709-27-5618,23-02-2024,16:49:00,P. Coping,Female,50,Asian,None,Not Admitted,6,55
749-52-0280,26-04-2023,01:57:00,H. Swanne,Female,54,Asian,None,Not Admitted,7,43
453-37-7733,28-07-2024,18:57:00,T. Blann,Female,67,Asian,None,Not Admitted,7,14
461-43-8162,31-05-2023,19:53:00,X. Beetlestone,Female,3,Asian,None,Not Admitted,7,53
429-49-7880,15-08-2023,09:47:00,V. Mowsdell,Female,2,Asian,None,Not Admitted,8,24
262-61-0435,01-10-2024,08:14:00,E. Landon,Female,18,Asian,None,Not Admitted,9,30
215-31-6186,17-02-2024,17:19:00,H. Frape,Female,6,Asian,None,Not Admitted,9,42
739-96-9502,05-07-2024,18:32:00,I. Helks,Female,6,Asian,None,Not Admitted,9,52
380-97-2809,19-08-2024,02:17:00,T. Gosford,Female,43,Asian,None,Not Admitted,9,47
511-98-1628,20-10-2024,15:46:00,X. Bentame,Female,25,Asian,None,Not Admitted,9,19
534-57-7812,01-05-2024,03:39:00,A. Newns,Female,20,Asian,None,Not Admitted,10,17
590-94-5630,09-10-2024,01:38:00,A. Klementz,Female,77,Asian,Orthopedics,Not Admitted,,26
493-57-5938,29-06-2024,11:57:00,B. Sherwen,Female,37,Asian,Orthopedics,Not Admitted,,24
576-68-0482,01-11-2023,13:54:00,D. Hosier,Female,33,Asian,Orthopedics,Not Admitted,,49
480-59-4442,26-04-2024,02:21:00,F. Gitting,Female,33,Asian,Orthopedics,Not Admitted,,35
368-31-2124,15-08-2024,05:41:00,I. Sealeaf,Female,69,Asian,Orthopedics,Not Admitted,,45
477-47-0020,15-06-2023,15:36:00,J. Coey,Female,19,Asian,Orthopedics,Not Admitted,,39
875-57-2036,20-07-2024,13:34:00,K. Raggles,Female,3,Asian,Orthopedics,Not Admitted,,30
804-44-8560,14-01-2024,21:59:00,L. Capitano,Female,74,Asian,Orthopedics,Not Admitted,,59
206-57-6026,07-05-2023,06:02:00,N. Clopton,Female,59,Asian,Orthopedics,Not Admitted,,19
795-71-6463,22-06-2024,23:34:00,P. McCarty,Female,12,Asian,Orthopedics,Not Admitted,,56
832-72-0329,18-01-2024,02:20:00,Q. Lethbury,Female,25,Asian,Orthopedics,Not Admitted,,44
840-62-1287,17-11-2023,22:17:00,Q. Marrow,Female,72,Asian,Orthopedics,Not Admitted,,55
219-04-6134,17-06-2023,14:54:00,R. Govier,Female,45,Asian,Orthopedics,Not Admitted,,29
539-97-0120,14-02-2024,08:22:00,R. Ducker,Female,25,Asian,Orthopedics,Not Admitted,,52
552-28-2494,18-06-2024,07:13:00,T. Hanes,Female,54,Asian,Orthopedics,Not Admitted,,23
541-22-8120,01-03-2024,19:44:00,T. Shreeves,Female,53,Asian,Orthopedics,Not Admitted,,48
216-38-8198,22-10-2023,14:23:00,X. Coad,Female,41,Asian,Orthopedics,Not Admitted,,19
595-81-5298,21-04-2023,06:43:00,Y. Fantham,Female,38,Asian,Orthopedics,Not Admitted,,33
374-27-4733,15-02-2024,09:33:00,H. Gaudon,Female,47,Asian,Orthopedics,Not Admitted,0,24
579-47-5526,12-10-2023,05:09:00,T. Lahrs,Female,56,Asian,Orthopedics,Not Admitted,2,16
470-65-1385,14-06-2024,18:44:00,T. Davidowsky,Female,56,Asian,Orthopedics,Not Admitted,3,45
156-38-9827,06-09-2023,12:57:00,L. Chapellow,Female,76,Asian,Orthopedics,Not Admitted,4,60
764-90-1391,08-06-2023,20:54:00,X. Casbolt,Female,68,Asian,Orthopedics,Not Admitted,9,11
507-76-1018,02-03-2024,23:03:00,C. Ezzy,Female,34,Asian,Physiotherapy,Not Admitted,,30
551-55-2010,16-04-2024,15:18:00,E. Hazell,Female,21,Asian,Physiotherapy,Not Admitted,,47
187-39-7367,15-01-2024,02:56:00,G. Hankard,Female,10,Asian,Physiotherapy,Not Admitted,,48
663-65-5691,13-11-2023,18:32:00,H. Baumann,Female,19,Asian,Physiotherapy,Not Admitted,,20
733-13-6784,14-07-2023,12:45:00,J. Eglese,Female,22,Asian,Physiotherapy,Not Admitted,,14
123-18-3686,29-03-2024,13:31:00,J. Orneblow,Female,74,Asian,Physiotherapy,Not Admitted,,33
323-05-5893,24-09-2023,13:44:00,S. Plumm,Female,77,Asian,Physiotherapy,Not Admitted,,58
207-58-3631,28-06-2024,15:10:00,W. MacElharge,Female,1,Asian,Physiotherapy,Not Admitted,,32
317-66-7650,16-05-2023,07:38:00,Y. Pettyfer,Female,70,Asian,Physiotherapy,Not Admitted,,11
334-60-2957,20-05-2023,05:07:00,X. Millichip,Female,56,Asian,Physiotherapy,Not Admitted,0,50
691-60-9872,30-05-2024,03:36:00,A. D'orsay,Female,59,Asian,Physiotherapy,Not Admitted,8,46
515-56-0003,22-03-2024,21:49:00,P. Fluin,Female,37,Asian,Physiotherapy,Not Admitted,8,41
792-98-0919,03-08-2024,04:00:00,K. Thompson,Female,19,Asian,Physiotherapy,Not Admitted,9,56
722-74-4559,20-10-2024,09:50:00,S. Bortolutti,Female,77,Asian,Physiotherapy,Not Admitted,10,42
818-20-9986,10-09-2023,03:24:00,B. Emanuele,Female,30,Asian,Renal,Not Admitted,,10
645-18-1740,18-12-2023,15:02:00,I. Kopmann,Female,24,Asian,Renal,Not Admitted,,37
765-53-4095,08-01-2024,17:36:00,B. Santostefano.,Female,28,Declined to Identify,Cardiology,Not Admitted,,18
884-30-0023,10-06-2024,13:30:00,C. Rechert,Female,58,Declined to Identify,Cardiology,Not Admitted,,35
212-43-9461,19-04-2024,08:15:00,L. Pichmann,Female,39,Declined to Identify,Cardiology,Not Admitted,,13
699-78-0927,27-09-2023,12:16:00,W. Hyndson,Female,19,Declined to Identify,Cardiology,Not Admitted,,30
373-56-3448,16-08-2024,07:20:00,W. Hrachovec,Female,29,Declined to Identify,Cardiology,Not Admitted,,39
856-96-4267,05-02-2024,07:41:00,B. Ashpital,Female,32,Declined to Identify,Cardiology,Not Admitted,1,11
208-45-8047,11-11-2023,08:37:00,A. Pickton,Female,37,Declined to Identify,Gastroenterology,Not Admitted,,57
282-04-2756,24-08-2024,12:36:00,N. Matissoff,Female,50,Declined to Identify,Gastroenterology,Not Admitted,,42
658-57-9431,27-08-2024,09:29:00,N. Yegoshin,Female,51,Declined to Identify,Gastroenterology,Not Admitted,,60
321-57-9470,24-08-2024,16:17:00,Q. Micheau,Female,2,Declined to Identify,Gastroenterology,Not Admitted,,15
378-01-8926,28-10-2024,01:41:00,U. MacKonochie,Female,47,Declined to Identify,Gastroenterology,Not Admitted,,19
722-44-1826,26-11-2023,15:03:00,U. Yateman,Female,4,Declined to Identify,Gastroenterology,Not Admitted,,57
711-53-0902,23-07-2024,04:54:00,V. Huckel,Female,14,Declined to Identify,Gastroenterology,Not Admitted,,36
271-50-1988,12-09-2024,13:20:00,W. Du Plantier,Female,65,Declined to Identify,Gastroenterology,Not Admitted,,11
620-37-6376,02-09-2023,04:21:00,Y. Billyard,Female,33,Declined to Identify,Gastroenterology,Not Admitted,,50
199-43-4653,17-06-2024,23:04:00,Y. Casley,Female,78,Declined to Identify,Gastroenterology,Not Admitted,6,32
126-63-0154,26-08-2023,05:20:00,B. Tsarovic,Female,38,Declined to Identify,General Practice,Not Admitted,,18
521-23-1966,18-07-2023,18:53:00,C. Bestwick,Female,51,Declined to Identify,General Practice,Not Admitted,,51
107-06-8299,05-09-2023,06:36:00,D. Jeynes,Female,50,Declined to Identify,General Practice,Not Admitted,,10
108-70-2706,14-09-2024,10:04:00,D. Demer,Female,15,Declined to Identify,General Practice,Not Admitted,,40
308-72-6633,01-07-2023,12:07:00,E. Tregidga,Female,51,Declined to Identify,General Practice,Not Admitted,,40
324-67-2447,24-08-2024,16:01:00,E. Guillou,Female,8,Declined to Identify,General Practice,Not Admitted,,41
409-71-7005,15-09-2024,07:06:00,E. Lamp,Female,18,Declined to Identify,General Practice,Not Admitted,,56
669-90-6148,27-04-2024,11:49:00,F. Bratchell,Female,63,Declined to Identify,General Practice,Not Admitted,,60
778-57-1512,19-06-2024,02:14:00,G. MacCall,Female,3,Declined to Identify,General Practice,Not Admitted,,40
406-76-0752,29-04-2024,04:41:00,G. O'Hederscoll,Female,64,Declined to Identify,General Practice,Not Admitted,,53
833-30-3540,26-06-2023,05:23:00,I. Currao,Female,66,Declined to Identify,General Practice,Not Admitted,,43
802-23-8575,17-04-2024,04:16:00,J. Leeburne,Female,66,Declined to Identify,General Practice,Not Admitted,,36
683-70-1477,11-04-2023,13:49:00,J. MacLese,Female,51,Declined to Identify,General Practice,Not Admitted,,53
197-94-1715,27-04-2024,20:13:00,J. Yanne,Female,26,Declined to Identify,General Practice,Not Admitted,,60
214-90-2105,27-05-2024,06:04:00,K. Reeders,Female,46,Declined to Identify,General Practice,Not Admitted,,17
403-64-1560,29-08-2023,14:05:00,N. Daubeny,Female,26,Declined to Identify,General Practice,Not Admitted,,18
566-34-5549,28-10-2023,19:52:00,N. Lamartine,Female,51,Declined to Identify,General Practice,Not Admitted,,55
822-72-9742,23-05-2023,05:36:00,Q. Durdle,Female,61,Declined to Identify,General Practice,Not Admitted,,21
168-12-2195,01-02-2024,06:31:00,Q. Willett,Female,48,Declined to Identify,General Practice,Not Admitted,,25
236-05-7260,08-10-2024,00:30:00,Q. Neicho,Female,9,Declined to Identify,General Practice,Not Admitted,,49
605-22-9708,05-05-2024,14:12:00,R. Mackilpatrick,Female,1,Declined to Identify,General Practice,Not Admitted,,35
506-11-6490,18-06-2024,00:00:00,S. Norwood,Female,39,Declined to Identify,General Practice,Not Admitted,,49
827-24-1321,23-11-2023,05:50:00,T. Burnel,Female,67,Declined to Identify,General Practice,Not Admitted,,33
424-53-4633,24-05-2024,00:43:00,T. Whithorn,Female,46,Declined to Identify,General Practice,Not Admitted,,34
532-03-7351,31-10-2023,11:37:00,U. Giacobillo,Female,50,Declined to Identify,General Practice,Not Admitted,,14
111-47-3660,12-08-2024,18:52:00,U. Fasham,Female,63,Declined to Identify,General Practice,Not Admitted,,26
860-83-7481,26-01-2024,06:13:00,U. Offener,Female,60,Declined to Identify,General Practice,Not Admitted,,51
483-31-5667,22-04-2024,23:23:00,V. Garrand,Female,72,Declined to Identify,General Practice,Not Admitted,,16
293-98-5213,21-03-2024,08:17:00,W. Vannar,Female,73,Declined to Identify,General Practice,Not Admitted,,21
609-06-0462,21-09-2024,19:49:00,X. Butlin,Female,61,Declined to Identify,General Practice,Not Admitted,,21
198-75-4129,04-02-2024,00:45:00,X. Pullin,Female,52,Declined to Identify,General Practice,Not Admitted,,52
102-60-4609,17-01-2024,11:35:00,Y. Rutt,Female,52,Declined to Identify,General Practice,Not Admitted,,60
528-41-4373,05-01-2024,09:12:00,Z. Corcut,Female,51,Declined to Identify,General Practice,Not Admitted,,16
431-96-7393,10-05-2024,10:47:00,Z. Sumbler,Female,38,Declined to Identify,General Practice,Not Admitted,,59
394-41-1822,20-07-2024,00:12:00,Q. Enderwick,Female,30,Declined to Identify,General Practice,Not Admitted,0,14
465-37-0015,11-05-2023,08:01:00,C. Rothery,Female,57,Declined to Identify,General Practice,Not Admitted,1,15
459-55-5731,18-09-2023,00:31:00,S. Jeandot,Female,11,Declined to Identify,General Practice,Not Admitted,1,40
888-27-0270,22-09-2023,03:30:00,G. Neild,Female,55,Declined to Identify,General Practice,Not Admitted,2,27
491-26-4841,31-08-2024,16:03:00,F. O'Scannill,Female,24,Declined to Identify,General Practice,Not Admitted,3,53
109-15-0945,13-01-2024,21:44:00,Z. Keddle,Female,63,Declined to Identify,General Practice,Not Admitted,3,13
102-93-0960,28-04-2024,01:23:00,F. Lyddiard,Female,47,Declined to Identify,General Practice,Not Admitted,5,35
736-33-9095,20-09-2023,09:48:00,P. De Leek,Female,28,Declined to Identify,General Practice,Not Admitted,5,25
389-53-1872,05-09-2024,17:26:00,Z. Gockelen,Female,68,Declined to Identify,General Practice,Not Admitted,5,38
535-23-2938,10-08-2024,07:40:00,O. Scarfe,Female,75,Declined to Identify,General Practice,Not Admitted,6,59
828-32-9719,17-07-2024,10:32:00,G. Linch,Female,2,Declined to Identify,General Practice,Not Admitted,7,17
270-31-5063,23-05-2023,04:39:00,G. Saltsberg,Female,61,Declined to Identify,General Practice,Not Admitted,10,59
707-07-4757,07-04-2023,03:56:00,G. Whaplington,Female,11,Declined to Identify,Neurology,Not Admitted,,15
875-16-4799,12-08-2023,17:53:00,L. Byart,Female,73,Declined to Identify,Neurology,Not Admitted,,16
617-05-4834,29-01-2024,18:22:00,L. Chalfont,Female,16,Declined to Identify,Neurology,Not Admitted,,30
734-07-6364,26-04-2023,07:01:00,O. Fridaye,Female,16,Declined to Identify,Neurology,Not Admitted,,38
592-60-7210,24-08-2024,02:24:00,Y. Carik,Female,29,Declined to Identify,Neurology,Not Admitted,,32
414-85-6039,22-04-2024,10:53:00,Y. Nestle,Female,30,Declined to Identify,Neurology,Not Admitted,,48
381-26-1729,03-04-2024,13:19:00,U. Sagg,Female,25,Declined to Identify,Neurology,Not Admitted,6,52
879-45-1427,20-11-2023,01:50:00,A. Hastin,Female,35,Declined to Identify,None,Not Admitted,,13
271-06-3676,11-05-2024,09:28:00,A. Reisen,Female,32,Declined to Identify,None,Not Admitted,,18
853-23-2745,02-06-2023,16:08:00,A. Riding,Female,47,Declined to Identify,None,Not Admitted,,23
688-36-6207,05-05-2023,05:48:00,A. Biggadyke,Female,23,Declined to Identify,None,Not Admitted,,30
405-16-6690,01-04-2024,03:36:00,A. Russam,Female,21,Declined to Identify,None,Not Admitted,,40
754-26-1685,11-05-2023,18:00:00,A. Reckless,Female,45,Declined to Identify,None,Not Admitted,,57
657-55-2240,26-08-2024,03:20:00,B. Edelston,Female,65,Declined to Identify,None,Not Admitted,,20
238-32-7536,30-01-2024,19:17:00,B. Draude,Female,57,Declined to Identify,None,Not Admitted,,23
137-38-3833,14-07-2023,17:24:00,C. Faley,Female,6,Declined to Identify,None,Not Admitted,,35
150-61-5269,31-01-2024,01:25:00,C. Amery,Female,41,Declined to Identify,None,Not Admitted,,46
696-37-8120,19-05-2023,10:24:00,C. Mattheeuw,Female,74,Declined to Identify,None,Not Admitted,,53
123-91-6253,17-07-2024,00:56:00,D. Cornewall,Female,57,Declined to Identify,None,Not Admitted,,26
836-11-8759,13-12-2023,07:25:00,D. Sommer,Female,32,Declined to Identify,None,Not Admitted,,27
345-53-1572,02-08-2024,02:14:00,D. Pippard,Female,24,Declined to Identify,None,Not Admitted,,34
173-60-7745,29-04-2024,19:35:00,D. MacInerney,Female,21,Declined to Identify,None,Not Admitted,,36
879-42-2067,13-03-2024,09:42:00,E. Ridpath,Female,45,Declined to Identify,None,Not Admitted,,26
287-36-4022,15-01-2024,04:48:00,E. Fisbburne,Female,12,Declined to Identify,None,Not Admitted,,43
115-73-0605,14-08-2023,19:00:00,F. Oliver-Paull,Female,28,Declined to Identify,None,Not Admitted,,57
158-48-9575,21-10-2023,02:04:00,F. Cirlos,Female,8,Declined to Identify,None,Not Admitted,,58
237-06-2675,14-09-2024,07:33:00,G. Kristof,Female,75,Declined to Identify,None,Not Admitted,,44
156-47-1692,05-04-2024,07:12:00,G. Branton,Female,33,Declined to Identify,None,Not Admitted,,47
146-06-4600,03-06-2023,02:15:00,G. Gilfether,Female,31,Declined to Identify,None,Not Admitted,,52
299-82-6754,04-01-2024,06:34:00,H. Hannon,Female,9,Declined to Identify,None,Not Admitted,,30
899-54-0115,30-08-2024,07:11:00,H. Bolf,Female,43,Declined to Identify,None,Not Admitted,,43
625-44-0923,09-10-2023,08:21:00,H. Price,Female,41,Declined to Identify,None,Not Admitted,,48
581-87-1825,19-06-2024,15:26:00,H. Benstead,Female,52,Declined to Identify,None,Not Admitted,,55
886-97-8272,23-01-2024,10:05:00,I. Skittles,Female,67,Declined to Identify,None,Not Admitted,,15
267-79-9141,30-07-2023,09:45:00,I. Davitti,Female,57,Declined to Identify,None,Not Admitted,,31
466-85-7293,24-04-2024,21:45:00,J. Marchelli,Female,68,Declined to Identify,None,Not Admitted,,47
546-81-6118,19-04-2024,02:23:00,K. Prickett,Female,39,Declined to Identify,None,Not Admitted,,14
130-75-0192,25-06-2023,14:23:00,K. Dutch,Female,2,Declined to Identify,None,Not Admitted,,25
607-83-7802,03-05-2024,22:56:00,K. Coumbe,Female,26,Declined to Identify,None,Not Admitted,,42
727-69-3613,06-11-2023,01:52:00,K. Urion,Female,76,Declined to Identify,None,Not Admitted,,50
696-09-2882,12-05-2024,18:27:00,K. Burl,Female,64,Declined to Identify,None,Not Admitted,,58
136-49-5712,09-02-2024,02:23:00,L. Mixworthy,Female,22,Declined to Identify,None,Not Admitted,,22
562-49-3994,20-09-2024,20:50:00,L. Fryman,Female,32,Declined to Identify,None,Not Admitted,,23
877-36-1240,20-04-2024,22:42:00,L. Shulver,Female,4,Declined to Identify,None,Not Admitted,,45
132-29-2684,22-03-2024,20:17:00,L. Bondar,Female,8,Declined to Identify,None,Not Admitted,,48
627-82-2159,28-02-2024,02:27:00,L. Maus,Female,15,Declined to Identify,None,Not Admitted,,54
388-76-9438,07-03-2024,14:42:00,L. Andreix,Female,4,Declined to Identify,None,Not Admitted,,56
344-83-4015,02-09-2023,07:15:00,M. Cantu,Female,2,Declined to Identify,None,Not Admitted,,27
864-76-8775,26-06-2023,04:35:00,M. Brailey,Female,37,Declined to Identify,None,Not Admitted,,32
698-75-1885,25-07-2023,04:15:00,M. Tippler,Female,76,Declined to Identify,None,Not Admitted,,53
596-83-3465,10-03-2024,19:34:00,N. Boothe,Female,77,Declined to Identify,None,Not Admitted,,34
883-95-6206,03-05-2024,08:42:00,N. Whooley,Female,54,Declined to Identify,None,Not Admitted,,42
279-68-0582,06-04-2024,19:52:00,N. Bernetti,Female,28,Declined to Identify,None,Not Admitted,,57
814-79-4525,09-07-2024,17:51:00,O. Seago,Female,41,Declined to Identify,None,Not Admitted,,36
777-40-5097,19-05-2024,12:09:00,O. Pancoast,Female,40,Declined to Identify,None,Not Admitted,,49
157-86-4961,13-08-2024,16:18:00,P. Stodd,Female,19,Declined to Identify,None,Not Admitted,,27
580-36-1803,18-07-2023,13:08:00,P. Wride,Female,3,Declined to Identify,None,Not Admitted,,33
422-91-7695,21-04-2024,17:17:00,P. Tregunnah,Female,25,Declined to Identify,None,Not Admitted,,36
562-43-5030,21-07-2024,01:56:00,P. Huey,Female,5,Declined to Identify,None,Not Admitted,,38
289-52-5345,09-07-2024,09:10:00,P. Schollar,Female,23,Declined to Identify,None,Not Admitted,,43
458-83-6410,10-03-2024,13:21:00,Q. Cajkler,Female,10,Declined to Identify,None,Not Admitted,,35
422-40-6058,11-04-2024,06:43:00,R. Hele,Female,38,Declined to Identify,None,Not Admitted,,19
595-35-5840,24-09-2023,18:52:00,R. Siley,Female,26,Declined to Identify,None,Not Admitted,,27
585-53-3267,19-09-2024,23:50:00,R. Alpine,Female,5,Declined to Identify,None,Not Admitted,,31
227-96-1846,21-02-2024,15:36:00,R. Keeri,Female,49,Declined to Identify,None,Not Admitted,,34
707-84-6922,07-11-2023,09:07:00,R. Wedon,Female,7,Declined to Identify,None,Not Admitted,,42
181-11-9701,22-07-2023,00:04:00,R. Wetwood,Female,79,Declined to Identify,None,Not Admitted,,44
427-21-9330,10-05-2023,09:31:00,R. Peasgood,Female,71,Declined to Identify,None,Not Admitted,,46
194-12-1935,30-10-2024,05:23:00,R. Woodgate,Female,48,Declined to Identify,None,Not Admitted,,47
467-31-2192,07-07-2024,17:16:00,S. Meechan,Female,58,Declined to Identify,None,Not Admitted,,16
226-06-4231,10-08-2023,01:05:00,S. Brownsall,Female,26,Declined to Identify,None,Not Admitted,,31
277-71-3106,26-09-2023,19:34:00,S. Lampard,Female,6,Declined to Identify,None,Not Admitted,,32
789-64-5001,07-08-2024,11:35:00,S. Craigmyle,Female,16,Declined to Identify,None,Not Admitted,,47
345-64-5043,30-04-2024,16:22:00,S. Gunner,Female,45,Declined to Identify,None,Not Admitted,,56
563-25-3708,09-05-2023,05:34:00,T. Fransinelli,Female,50,Declined to Identify,None,Not Admitted,,14
698-41-1781,15-05-2024,22:12:00,T. Horrigan,Female,35,Declined to Identify,None,Not Admitted,,38
156-56-1378,17-07-2024,13:42:00,T. Swidenbank,Female,54,Declined to Identify,None,Not Admitted,,56
878-75-0356,12-05-2024,06:14:00,T. Barber,Female,49,Declined to Identify,None,Not Admitted,,59
716-73-0115,11-07-2023,00:02:00,U. Lillecrop,Female,32,Declined to Identify,None,Not Admitted,,29
123-43-4428,13-09-2024,14:47:00,U. MacDowall,Female,69,Declined to Identify,None,Not Admitted,,33
576-10-7587,18-07-2023,09:14:00,U. Wilsee,Female,56,Declined to Identify,None,Not Admitted,,51
706-06-5485,03-05-2023,22:00:00,U. Dyka,Female,48,Declined to Identify,None,Not Admitted,,53
495-98-0302,24-06-2024,17:13:00,V. Neumann,Female,62,Declined to Identify,None,Not Admitted,,48
656-96-8620,22-08-2023,03:53:00,W. Chetwin,Female,18,Declined to Identify,None,Not Admitted,,10
468-99-2447,03-08-2024,01:33:00,W. Galea,Female,66,Declined to Identify,None,Not Admitted,,11
567-46-9140,09-08-2023,05:41:00,W. Kirmond,Female,39,Declined to Identify,None,Not Admitted,,23
811-37-2655,16-08-2024,16:29:00,W. Stockford,Female,2,Declined to Identify,None,Not Admitted,,33
197-38-3949,13-10-2024,00:58:00,W. Sertin,Female,6,Declined to Identify,None,Not Admitted,,38
624-34-1229,12-09-2024,18:25:00,W. Carlon,Female,50,Declined to Identify,None,Not Admitted,,41
292-42-3785,24-06-2023,11:41:00,W. Wannop,Female,8,Declined to Identify,None,Not Admitted,,42
686-65-2784,02-05-2024,13:04:00,W. Scriver,Female,25,Declined to Identify,None,Not Admitted,,42
691-55-9602,02-03-2024,23:23:00,W. Besson,Female,34,Declined to Identify,None,Not Admitted,,48
659-83-0379,25-10-2024,15:32:00,X. Merman,Female,67,Declined to Identify,None,Not Admitted,,11
246-70-9180,08-03-2024,07:47:00,X. Chismon,Female,74,Declined to Identify,None,Not Admitted,,16
800-71-0609,09-09-2024,00:57:00,X. McCart,Female,1,Declined to Identify,None,Not Admitted,,17
142-71-5420,18-05-2024,06:26:00,X. Logue,Female,69,Declined to Identify,None,Not Admitted,,17
443-42-3313,24-05-2023,07:25:00,X. Peron,Female,77,Declined to Identify,None,Not Admitted,,20
797-71-8189,20-01-2024,13:37:00,X. Graalmans,Female,55,Declined to Identify,None,Not Admitted,,29
769-41-8217,19-10-2024,02:18:00,X. Gentzsch,Female,55,Declined to Identify,None,Not Admitted,,58
282-74-9638,17-08-2024,12:21:00,Y. Mc Caughen,Female,73,Declined to Identify,None,Not Admitted,,37
450-86-4624,25-03-2024,06:07:00,Y. Barthorpe,Female,26,Declined to Identify,None,Not Admitted,,39
878-80-5617,08-06-2023,15:57:00,Y. Coare,Female,35,Declined to Identify,None,Not Admitted,,53
727-39-2144,18-08-2024,06:47:00,Z. Robillart,Female,5,Declined to Identify,None,Not Admitted,,24
429-56-5566,19-08-2024,01:20:00,Z. Groundwator,Female,70,Declined to Identify,None,Not Admitted,,27
589-31-7830,05-04-2024,16:36:00,Z. Llewellyn,Female,69,Declined to Identify,None,Not Admitted,,32
895-22-2501,21-08-2024,15:06:00,Z. Bleasdille,Female,20,Declined to Identify,None,Not Admitted,,41
414-62-2209,25-04-2024,14:02:00,M. Landor,Female,17,Declined to Identify,None,Not Admitted,0,21
100-74-5636,13-08-2024,06:07:00,A. Warwicker,Female,47,Declined to Identify,None,Not Admitted,1,25
407-03-6416,22-10-2023,00:33:00,C. Linck,Female,66,Declined to Identify,None,Not Admitted,1,56
108-82-5384,23-09-2024,18:25:00,H. Rodie,Female,79,Declined to Identify,None,Not Admitted,1,56
744-41-8368,23-02-2024,18:53:00,L. Dobing,Female,46,Declined to Identify,None,Not Admitted,1,51
891-38-4475,01-11-2023,08:04:00,B. Heymann,Female,77,Declined to Identify,None,Not Admitted,3,10
771-06-1894,25-10-2023,18:31:00,D. Blind,Female,39,Declined to Identify,None,Not Admitted,3,20
745-50-8958,10-03-2024,13:51:00,I. Longhurst,Female,53,Declined to Identify,None,Not Admitted,3,42
217-91-6642,12-07-2024,19:33:00,C. Chevins,Female,48,Declined to Identify,None,Not Admitted,4,42
625-87-2048,16-10-2024,06:23:00,E. Eland,Female,52,Declined to Identify,None,Not Admitted,4,20
432-30-2709,18-08-2023,09:39:00,N. Darte,Female,69,Declined to Identify,None,Not Admitted,4,41
199-31-7512,30-05-2024,23:51:00,P. Razzell,Female,15,Declined to Identify,None,Not Admitted,4,15
553-38-9596,23-03-2024,09:45:00,T. Rojel,Female,27,Declined to Identify,None,Not Admitted,4,18
272-79-6573,27-09-2024,12:50:00,W. Lake,Female,38,Declined to Identify,None,Not Admitted,4,19
734-87-7467,25-09-2023,06:59:00,Z. McKeller,Female,19,Declined to Identify,None,Not Admitted,4,56
754-18-8812,20-08-2024,10:31:00,A. Cusack,Female,22,Declined to Identify,None,Not Admitted,5,31
427-84-2175,16-06-2024,00:33:00,D. Palmar,Female,10,Declined to Identify,None,Not Admitted,5,41
183-30-4656,12-10-2024,23:20:00,M. Venes,Female,35,Declined to Identify,None,Not Admitted,5,52
678-92-7542,17-06-2023,02:55:00,Z. Lettuce,Female,79,Declined to Identify,None,Not Admitted,5,27
163-38-0459,19-07-2023,15:50:00,N. Lisamore,Female,28,Declined to Identify,None,Not Admitted,6,48
809-12-5668,21-03-2024,17:13:00,P. Qusklay,Female,13,Declined to Identify,None,Not Admitted,6,17
337-26-9688,20-03-2024,05:57:00,S. Eede,Female,6,Declined to Identify,None,Not Admitted,6,35
594-82-3015,17-01-2024,10:47:00,U. Fegan,Female,63,Declined to Identify,None,Not Admitted,6,27
787-80-4731,06-04-2024,18:25:00,F. Antonucci,Female,4,Declined to Identify,None,Not Admitted,7,42
639-84-8500,04-05-2024,19:51:00,I. Monelle,Female,1,Declined to Identify,None,Not Admitted,7,46
243-48-7191,18-06-2023,23:07:00,L. Brockbank,Female,73,Declined to Identify,None,Not Admitted,7,27
294-98-4120,12-09-2024,08:51:00,O. Cultcheth,Female,28,Declined to Identify,None,Not Admitted,7,43
221-94-0515,24-01-2024,22:57:00,S. Stillman,Female,79,Declined to Identify,None,Not Admitted,7,49
376-35-2661,29-05-2023,19:41:00,Y. Goodhew,Female,67,Declined to Identify,None,Not Admitted,7,16
161-03-2325,01-04-2023,13:31:00,Q. Everson,Female,26,Declined to Identify,None,Not Admitted,8,44
154-20-3673,07-02-2024,16:02:00,A. Matchitt,Female,38,Declined to Identify,None,Not Admitted,9,23
496-34-7420,30-07-2023,21:12:00,A. Corbally,Female,49,Declined to Identify,None,Not Admitted,9,36
184-24-9099,28-08-2024,03:39:00,D. Burkwood,Female,62,Declined to Identify,None,Not Admitted,9,57
789-21-6607,08-05-2024,15:53:00,I. Moulster,Female,13,Declined to Identify,None,Not Admitted,10,18
281-43-0611,27-04-2023,14:35:00,V. Barthelme,Female,48,Declined to Identify,None,Not Admitted,10,21
664-85-2224,13-01-2024,01:28:00,A. Shovell,Female,5,Declined to Identify,Orthopedics,Not Admitted,,30
413-42-2249,08-04-2023,17:06:00,C. Fruser,Female,1,Declined to Identify,Orthopedics,Not Admitted,,50
785-37-4017,21-01-2024,15:53:00,E. McCunn,Female,31,Declined to Identify,Orthopedics,Not Admitted,,22
204-57-1964,06-05-2023,13:25:00,H. Le Bosse,Female,52,Declined to Identify,Orthopedics,Not Admitted,,11
286-31-5737,06-04-2024,10:22:00,J. Louder,Female,34,Declined to Identify,Orthopedics,Not Admitted,,50
398-76-7789,02-08-2024,00:06:00,K. Putt,Female,50,Declined to Identify,Orthopedics,Not Admitted,,26
848-11-1990,03-10-2023,12:48:00,L. Pacht,Female,27,Declined to Identify,Orthopedics,Not Admitted,,25
347-50-6945,26-08-2023,14:41:00,N. Schustl,Female,56,Declined to Identify,Orthopedics,Not Admitted,,13
757-22-3933,18-01-2024,11:38:00,O. Gosden,Female,22,Declined to Identify,Orthopedics,Not Admitted,,25
754-84-7965,21-08-2023,23:16:00,O. Von Brook,Female,5,Declined to Identify,Orthopedics,Not Admitted,,33
656-57-4812,29-07-2024,13:55:00,R. Lowing,Female,74,Declined to Identify,Orthopedics,Not Admitted,,49
143-15-8333,01-12-2023,03:11:00,S. Merle,Female,12,Declined to Identify,Orthopedics,Not Admitted,,35
480-22-9841,23-09-2024,18:59:00,U. Wrefford,Female,37,Declined to Identify,Orthopedics,Not Admitted,,59
763-35-7575,16-07-2024,02:15:00,V. Snarie,Female,78,Declined to Identify,Orthopedics,Not Admitted,,51
570-93-0122,01-04-2023,22:29:00,X. Olech,Female,43,Declined to Identify,Orthopedics,Not Admitted,,47
727-48-0641,08-06-2023,20:33:00,Y. Sheardown,Female,41,Declined to Identify,Orthopedics,Not Admitted,,35
605-02-4485,06-09-2024,10:01:00,Z. Elam,Female,38,Declined to Identify,Orthopedics,Not Admitted,,21
521-01-3986,03-06-2024,04:29:00,N. Stych,Female,12,Declined to Identify,Orthopedics,Not Admitted,0,57
636-37-2797,10-10-2024,11:44:00,A. Isenor,Female,16,Declined to Identify,Physiotherapy,Not Admitted,,14
409-49-9794,17-06-2024,23:44:00,B. Humerstone,Female,26,Declined to Identify,Physiotherapy,Not Admitted,,17
426-46-7370,28-10-2023,06:51:00,F. Misselbrook,Female,62,Declined to Identify,Physiotherapy,Not Admitted,,23
107-37-1769,04-09-2024,06:07:00,H. Correa,Female,66,Declined to Identify,Physiotherapy,Not Admitted,,40
642-24-9833,24-04-2024,11:25:00,J. Muttitt,Female,4,Declined to Identify,Physiotherapy,Not Admitted,,22
557-22-1939,05-10-2024,19:15:00,J. Derricoat,Female,7,Declined to Identify,Physiotherapy,Not Admitted,,37
810-50-5131,16-09-2023,06:25:00,J. Batstone,Female,56,Declined to Identify,Physiotherapy,Not Admitted,,55
340-53-3945,23-04-2024,03:51:00,Q. Achurch,Female,53,Declined to Identify,Physiotherapy,Not Admitted,,20
217-67-7835,02-05-2024,00:11:00,U. Stovell,Female,57,Declined to Identify,Physiotherapy,Not Admitted,,28
630-50-3515,09-04-2023,01:00:00,K. Collett,Female,48,Declined to Identify,Physiotherapy,Not Admitted,4,60
576-53-4816,09-05-2023,11:08:00,C. Warder,Female,7,Declined to Identify,Physiotherapy,Not Admitted,6,37
269-69-8639,19-09-2024,10:49:00,O. Rochester,Female,55,Declined to Identify,Renal,Not Admitted,,18
699-27-8178,22-06-2024,06:07:00,E. Ascraft,Female,34,Declined to Identify,Renal,Not Admitted,5,50
385-35-4502,10-05-2024,05:46:00,F. Tarney,Female,54,Native American/Alaska Native,Cardiology,Not Admitted,,21
382-93-4355,15-03-2024,09:43:00,L. Beechcraft,Female,62,Native American/Alaska Native,Cardiology,Not Admitted,,32
872-24-6667,21-04-2023,19:43:00,O. Tippings,Female,70,Native American/Alaska Native,Cardiology,Not Admitted,,50
671-07-3129,17-06-2024,17:57:00,R. Dumbrill,Female,59,Native American/Alaska Native,Cardiology,Not Admitted,,42
661-65-1950,15-04-2023,23:38:00,X. Belin,Female,44,Native American/Alaska Native,Cardiology,Not Admitted,,18
515-13-6589,28-01-2024,17:04:00,A. McCree,Female,6,Native American/Alaska Native,Gastroenterology,Not Admitted,,22
238-90-8285,01-08-2024,20:05:00,C. Quodling,Female,39,Native American/Alaska Native,Gastroenterology,Not Admitted,,15
416-07-7616,24-03-2024,20:22:00,I. O'Fihily,Female,51,Native American/Alaska Native,Gastroenterology,Not Admitted,,44
264-67-9050,28-08-2023,18:12:00,J. Grunder,Female,58,Native American/Alaska Native,Gastroenterology,Not Admitted,,42
586-64-8784,29-10-2023,12:50:00,O. Maddison,Female,56,Native American/Alaska Native,Gastroenterology,Not Admitted,,60
223-51-4016,05-01-2024,18:28:00,Y. O'Dennehy,Female,24,Native American/Alaska Native,Gastroenterology,Not Admitted,,27
343-81-3023,27-04-2024,08:20:00,A. Ritchman,Female,51,Native American/Alaska Native,General Practice,Not Admitted,,57
604-08-4200,10-12-2023,07:19:00,C. McChesney,Female,2,Native American/Alaska Native,General Practice,Not Admitted,,20
241-88-5414,30-05-2023,06:57:00,D. Keeton,Female,20,Native American/Alaska Native,General Practice,Not Admitted,,16
154-02-3266,19-01-2024,22:49:00,E. Behne,Female,64,Native American/Alaska Native,General Practice,Not Admitted,,47
716-21-5059,05-05-2023,00:52:00,F. Dosdale,Female,42,Native American/Alaska Native,General Practice,Not Admitted,,11
881-12-0948,22-07-2024,03:57:00,G. Helmke,Female,64,Native American/Alaska Native,General Practice,Not Admitted,,22
818-44-0174,15-11-2023,20:35:00,G. McPeice,Female,38,Native American/Alaska Native,General Practice,Not Admitted,,25
596-30-2000,31-10-2023,11:04:00,H. Hoyte,Female,17,Native American/Alaska Native,General Practice,Not Admitted,,40
550-87-6540,22-09-2023,19:42:00,H. Stooders,Female,12,Native American/Alaska Native,General Practice,Not Admitted,,53
729-96-4169,29-09-2024,02:35:00,I. Di Bernardo,Female,9,Native American/Alaska Native,General Practice,Not Admitted,,51
415-42-6730,19-10-2024,16:42:00,K. Pastor,Female,12,Native American/Alaska Native,General Practice,Not Admitted,,26
773-78-9065,22-04-2024,19:35:00,M. Getcliffe,Female,18,Native American/Alaska Native,General Practice,Not Admitted,,12
201-24-7259,02-10-2023,22:45:00,M. Ambrosini,Female,70,Native American/Alaska Native,General Practice,Not Admitted,,25
688-37-3649,23-10-2024,15:45:00,M. Walby,Female,6,Native American/Alaska Native,General Practice,Not Admitted,,27
567-43-8959,30-05-2023,08:38:00,M. Barrington,Female,18,Native American/Alaska Native,General Practice,Not Admitted,,48
753-46-2250,26-05-2024,07:43:00,O. Carpe,Female,38,Native American/Alaska Native,General Practice,Not Admitted,,44
765-73-7914,18-04-2023,06:26:00,P. Senior,Female,68,Native American/Alaska Native,General Practice,Not Admitted,,49
762-53-4550,16-07-2023,00:12:00,Q. Farrens,Female,21,Native American/Alaska Native,General Practice,Not Admitted,,14
541-67-3152,08-06-2023,21:29:00,T. Gogin,Female,73,Native American/Alaska Native,General Practice,Not Admitted,,35
326-28-5845,29-05-2024,12:18:00,U. Feely,Female,49,Native American/Alaska Native,General Practice,Not Admitted,,22
791-12-6278,13-02-2024,13:49:00,W. Sharvell,Female,35,Native American/Alaska Native,General Practice,Not Admitted,,33
823-23-8979,09-05-2023,16:20:00,W. Shank,Female,54,Native American/Alaska Native,General Practice,Not Admitted,,43
208-30-8894,10-06-2024,02:36:00,Y. Quiddinton,Female,59,Native American/Alaska Native,General Practice,Not Admitted,,43
510-65-2769,30-10-2023,15:50:00,Z. Pont,Female,44,Native American/Alaska Native,General Practice,Not Admitted,,20
239-92-6784,18-03-2024,04:30:00,Z. Cousins,Female,13,Native American/Alaska Native,General Practice,Not Admitted,,45
507-76-1618,20-10-2023,13:53:00,C. Houdhury,Female,8,Native American/Alaska Native,General Practice,Not Admitted,2,16
186-99-9670,25-09-2023,00:36:00,F. De Wolfe,Female,21,Native American/Alaska Native,General Practice,Not Admitted,5,43
832-05-2705,06-06-2023,18:32:00,K. O' Faherty,Female,72,Native American/Alaska Native,General Practice,Not Admitted,6,24
862-69-3765,18-09-2023,13:21:00,N. Sumers,Female,17,Native American/Alaska Native,General Practice,Not Admitted,7,10
209-42-5594,08-03-2024,18:31:00,G. Prendergrass,Female,3,Native American/Alaska Native,General Practice,Not Admitted,8,26
270-73-7146,23-10-2024,11:06:00,Q. Pendre,Female,25,Native American/Alaska Native,General Practice,Not Admitted,8,31
440-26-9007,10-05-2024,02:30:00,D. Halms,Female,22,Native American/Alaska Native,General Practice,Not Admitted,10,43
586-51-5316,01-12-2023,18:21:00,I. Imason,Female,59,Native American/Alaska Native,Neurology,Not Admitted,,24
870-81-1512,30-04-2023,12:38:00,K. Massard,Female,56,Native American/Alaska Native,Neurology,Not Admitted,,46
854-90-8395,12-04-2023,22:55:00,P. Gossop,Female,69,Native American/Alaska Native,Neurology,Not Admitted,,53
245-53-1118,30-06-2024,20:24:00,V. Adaway,Female,57,Native American/Alaska Native,Neurology,Not Admitted,,44
488-25-0630,28-07-2023,18:20:00,C. O'Hickey,Female,73,Native American/Alaska Native,None,Not Admitted,,18
381-04-1367,27-12-2023,17:48:00,C. Corrao,Female,1,Native American/Alaska Native,None,Not Admitted,,31
589-42-6404,27-05-2023,00:40:00,C. Kilmary,Female,42,Native American/Alaska Native,None,Not Admitted,,44
483-12-3614,13-03-2024,05:14:00,D. Duggen,Female,55,Native American/Alaska Native,None,Not Admitted,,47
388-92-5029,03-05-2023,00:33:00,D. Titterell,Female,15,Native American/Alaska Native,None,Not Admitted,,49
394-92-4663,05-07-2023,14:00:00,E. Brawley,Female,39,Native American/Alaska Native,None,Not Admitted,,19
678-44-4772,16-04-2023,15:42:00,E. Devons,Female,27,Native American/Alaska Native,None,Not Admitted,,32
563-36-2067,23-02-2024,20:52:00,E. Lindberg,Female,33,Native American/Alaska Native,None,Not Admitted,,37
814-22-4537,13-10-2024,23:48:00,F. Shorto,Female,64,Native American/Alaska Native,None,Not Admitted,,34
724-24-4676,16-06-2023,11:58:00,G. Colpus,Female,8,Native American/Alaska Native,None,Not Admitted,,16
679-86-0535,24-08-2023,14:33:00,G. Guise,Female,37,Native American/Alaska Native,None,Not Admitted,,41
763-76-2075,16-09-2024,12:14:00,J. Reims,Female,48,Native American/Alaska Native,None,Not Admitted,,24
207-42-8643,14-12-2023,10:50:00,J. Hattigan,Female,6,Native American/Alaska Native,None,Not Admitted,,47
529-13-1674,17-10-2024,07:58:00,J. Agus,Female,58,Native American/Alaska Native,None,Not Admitted,,55
646-91-7660,11-09-2024,12:19:00,J. Gleeton,Female,21,Native American/Alaska Native,None,Not Admitted,,57
831-87-6198,08-01-2024,13:51:00,J. Hendrickson,Female,29,Native American/Alaska Native,None,Not Admitted,,57
360-43-5383,20-10-2023,13:22:00,K. Elderton,Female,46,Native American/Alaska Native,None,Not Admitted,,45
738-40-0844,19-08-2024,22:20:00,K. Seymer,Female,71,Native American/Alaska Native,None,Not Admitted,,45
394-14-4149,12-08-2024,17:09:00,K. Older,Female,33,Native American/Alaska Native,None,Not Admitted,,46
404-62-8402,16-06-2023,10:25:00,N. Ardern,Female,44,Native American/Alaska Native,None,Not Admitted,,21
231-48-2951,02-12-2023,21:24:00,N. Spry,Female,22,Native American/Alaska Native,None,Not Admitted,,35
293-61-2486,04-10-2023,00:31:00,O. Jeanequin,Female,74,Native American/Alaska Native,None,Not Admitted,,32
277-77-1790,12-04-2023,15:18:00,O. Lilion,Female,73,Native American/Alaska Native,None,Not Admitted,,59
185-06-7426,15-06-2024,01:52:00,P. Tooke,Female,41,Native American/Alaska Native,None,Not Admitted,,22
735-24-8199,19-10-2023,04:05:00,P. Causton,Female,6,Native American/Alaska Native,None,Not Admitted,,40
296-24-7025,22-08-2023,11:12:00,P. Turone,Female,40,Native American/Alaska Native,None,Not Admitted,,53
610-65-5308,29-11-2023,00:28:00,P. Dunbobin,Female,55,Native American/Alaska Native,None,Not Admitted,,56
132-85-8091,29-07-2024,07:21:00,Q. Goucher,Female,10,Native American/Alaska Native,None,Not Admitted,,54
322-47-9764,26-02-2024,23:18:00,Q. Deveral,Female,41,Native American/Alaska Native,None,Not Admitted,,55
237-71-1040,22-08-2024,17:55:00,R. Skelcher,Female,61,Native American/Alaska Native,None,Not Admitted,,15
864-13-9865,06-04-2024,03:54:00,S. Valadez,Female,52,Native American/Alaska Native,None,Not Admitted,,36
693-16-4853,17-09-2023,18:22:00,S. Braznell,Female,9,Native American/Alaska Native,None,Not Admitted,,41
880-32-4372,03-09-2023,14:13:00,S. Castlake,Female,76,Native American/Alaska Native,None,Not Admitted,,50
513-71-9675,13-07-2024,15:02:00,T. Stading,Female,43,Native American/Alaska Native,None,Not Admitted,,36
535-15-4291,12-10-2024,20:42:00,T. Sherel,Female,15,Native American/Alaska Native,None,Not Admitted,,48
659-18-3600,16-05-2024,16:37:00,U. Muzzollo,Female,40,Native American/Alaska Native,None,Not Admitted,,52
695-66-1991,16-03-2024,05:47:00,V. Stiddard,Female,49,Native American/Alaska Native,None,Not Admitted,,52
437-45-4896,05-10-2024,17:57:00,W. Bockh,Female,56,Native American/Alaska Native,None,Not Admitted,,15
330-31-6300,15-06-2023,03:59:00,W. Neads,Female,7,Native American/Alaska Native,None,Not Admitted,,29
586-89-1969,11-09-2024,08:22:00,W. Keele,Female,75,Native American/Alaska Native,None,Not Admitted,,53
806-40-3954,03-12-2023,10:09:00,W. Labbati,Female,35,Native American/Alaska Native,None,Not Admitted,,60
701-34-7176,12-02-2024,01:34:00,X. Isakson,Female,57,Native American/Alaska Native,None,Not Admitted,,11
738-79-3665,05-06-2023,14:18:00,X. Snape,Female,68,Native American/Alaska Native,None,Not Admitted,,23
731-56-8237,02-10-2024,20:29:00,Z. Trunkfield,Female,20,Native American/Alaska Native,None,Not Admitted,,28
330-18-1664,05-05-2024,17:05:00,Z. Zanni,Female,2,Native American/Alaska Native,None,Not Admitted,,48
387-19-7057,01-09-2024,12:41:00,Z. Stannering,Female,49,Native American/Alaska Native,None,Not Admitted,,48
549-82-3245,03-10-2023,10:29:00,B. Thirlwall,Female,43,Native American/Alaska Native,None,Not Admitted,0,45
736-66-9425,21-04-2023,23:10:00,K. Blaik,Female,64,Native American/Alaska Native,None,Not Admitted,0,29
591-36-6992,08-10-2023,12:29:00,C. Beauchop,Female,63,Native American/Alaska Native,None,Not Admitted,1,35
717-62-8354,29-04-2023,09:50:00,M. Kynder,Female,12,Native American/Alaska Native,None,Not Admitted,1,39
898-30-3232,09-09-2024,10:47:00,L. Week,Female,33,Native American/Alaska Native,None,Not Admitted,2,42
163-66-2295,16-04-2024,01:24:00,S. Pile,Female,14,Native American/Alaska Native,None,Not Admitted,2,37
624-99-6669,07-09-2024,03:54:00,S. Tran,Female,19,Native American/Alaska Native,None,Not Admitted,2,53
199-38-6785,21-09-2023,13:29:00,G. Fullick,Female,19,Native American/Alaska Native,None,Not Admitted,5,53
761-76-0921,25-09-2023,06:16:00,Q. Caudwell,Female,27,Native American/Alaska Native,None,Not Admitted,6,50
795-36-0038,29-12-2023,04:17:00,Z. Eastabrook,Female,44,Native American/Alaska Native,None,Not Admitted,6,52
645-59-5135,13-09-2024,01:16:00,A. Pund,Female,22,Native American/Alaska Native,None,Not Admitted,7,28
736-70-5924,19-11-2023,12:15:00,D. Stares,Female,56,Native American/Alaska Native,None,Not Admitted,7,24
888-77-0325,10-04-2023,01:51:00,J. Jerzycowski,Female,55,Native American/Alaska Native,None,Not Admitted,7,18
172-22-0283,03-07-2024,02:38:00,J. Soall,Female,75,Native American/Alaska Native,None,Not Admitted,8,14
773-13-7194,27-12-2023,18:19:00,T. Corbin,Female,21,Native American/Alaska Native,None,Not Admitted,8,18
552-43-0912,28-06-2023,03:40:00,J. Hamlet,Female,21,Native American/Alaska Native,None,Not Admitted,9,47
754-82-0930,10-06-2023,01:39:00,E. Scamerdine,Female,51,Native American/Alaska Native,None,Not Admitted,10,11
663-19-4215,14-04-2023,19:05:00,X. Hardwin,Female,10,Native American/Alaska Native,None,Not Admitted,10,22
825-27-0713,14-08-2024,05:58:00,E. Doumer,Female,59,Native American/Alaska Native,Orthopedics,Not Admitted,,35
786-79-1881,28-04-2023,07:42:00,I. Abrahmson,Female,11,Native American/Alaska Native,Orthopedics,Not Admitted,,20
389-42-6852,12-11-2023,02:42:00,M. Tomsu,Female,4,Native American/Alaska Native,Orthopedics,Not Admitted,,34
367-49-7229,13-03-2024,04:45:00,N. Maynell,Female,30,Native American/Alaska Native,Orthopedics,Not Admitted,,36
651-29-6896,29-06-2024,03:09:00,N. Birdwhistell,Female,60,Native American/Alaska Native,Orthopedics,Not Admitted,,58
115-96-2596,13-04-2023,13:49:00,R. Dmitrovic,Female,16,Native American/Alaska Native,Orthopedics,Not Admitted,,39
500-31-0203,03-07-2024,14:40:00,T. Congdon,Female,23,Native American/Alaska Native,Orthopedics,Not Admitted,,11
611-71-8999,01-10-2024,08:56:00,V. Kmietsch,Female,33,Native American/Alaska Native,Orthopedics,Not Admitted,,17
728-34-1870,10-07-2024,02:24:00,W. Duester,Female,13,Native American/Alaska Native,Orthopedics,Not Admitted,,30
363-26-2671,03-06-2024,12:16:00,N. Adran,Female,25,Native American/Alaska Native,Orthopedics,Not Admitted,0,32
204-51-5061,13-10-2024,02:23:00,I. Thys,Female,64,Native American/Alaska Native,Orthopedics,Not Admitted,2,50
851-08-9115,20-06-2023,08:06:00,R. Allawy,Female,44,Native American/Alaska Native,Orthopedics,Not Admitted,3,34
250-44-9023,01-08-2024,08:55:00,A. Paaso,Female,7,Native American/Alaska Native,Orthopedics,Not Admitted,6,15
736-20-4728,05-04-2024,21:47:00,L. Danielsson,Female,78,Native American/Alaska Native,Orthopedics,Not Admitted,7,54
237-31-2711,07-09-2024,22:32:00,Q. Gouinlock,Female,33,Native American/Alaska Native,Renal,Not Admitted,,31
873-88-5082,17-04-2023,04:08:00,V. Lyfield,Female,19,Pacific Islander,Cardiology,Not Admitted,,34
505-65-9125,18-02-2024,04:07:00,V. Rosenfield,Female,22,Pacific Islander,Gastroenterology,Not Admitted,,13
207-75-3168,28-10-2024,07:03:00,W. Stronge,Female,57,Pacific Islander,Gastroenterology,Not Admitted,,23
174-46-8097,01-06-2023,11:24:00,Q. Dickie,Female,65,Pacific Islander,Gastroenterology,Not Admitted,10,53
307-17-3983,09-11-2023,15:33:00,A. Rulf,Female,12,Pacific Islander,General Practice,Not Admitted,,56
439-26-1988,31-03-2024,01:03:00,A. Misselbrook,Female,29,Pacific Islander,General Practice,Not Admitted,,58
770-33-6276,26-04-2024,19:00:00,D. Shankland,Female,13,Pacific Islander,General Practice,Not Admitted,,59
757-41-6226,28-10-2023,16:13:00,H. Haysar,Female,78,Pacific Islander,General Practice,Not Admitted,,53
731-68-3692,25-04-2024,18:15:00,O. Teresi,Female,65,Pacific Islander,General Practice,Not Admitted,,36
362-51-7082,04-01-2024,13:16:00,P. Kegg,Female,1,Pacific Islander,General Practice,Not Admitted,,25
620-83-1871,24-06-2024,08:14:00,Q. Helmke,Female,55,Pacific Islander,General Practice,Not Admitted,,42
426-90-9395,30-12-2023,11:40:00,U. Olver,Female,5,Pacific Islander,General Practice,Not Admitted,,49
559-84-3252,02-09-2023,05:08:00,V. Woolsey,Female,42,Pacific Islander,General Practice,Not Admitted,,14
812-46-2011,26-05-2024,06:17:00,W. Gerish,Female,41,Pacific Islander,General Practice,Not Admitted,,34
258-98-8342,26-10-2024,07:53:00,Z. MacGauhy,Female,10,Pacific Islander,General Practice,Not Admitted,,15
451-16-3659,07-03-2024,17:05:00,O. Cogzell,Female,30,Pacific Islander,General Practice,Not Admitted,0,57
464-52-3680,13-01-2024,08:38:00,M. Dary,Female,66,Pacific Islander,General Practice,Not Admitted,3,44
873-48-5465,29-11-2023,19:35:00,O. Prazor,Female,3,Pacific Islander,General Practice,Not Admitted,5,43
583-46-6074,21-09-2023,15:59:00,O. Caine,Female,65,Pacific Islander,General Practice,Not Admitted,8,47
473-16-4015,27-06-2024,21:21:00,V. New,Female,5,Pacific Islander,Neurology,Not Admitted,,33
353-64-0549,31-12-2023,00:55:00,Z. Bachelar,Female,56,Pacific Islander,Neurology,Not Admitted,,56
721-88-0520,27-05-2024,03:47:00,A. Adney,Female,56,Pacific Islander,None,Not Admitted,,28
163-06-7174,14-03-2024,05:07:00,A. Yerborn,Female,8,Pacific Islander,None,Not Admitted,,34
710-59-7802,10-12-2023,10:55:00,A. Beakes,Female,27,Pacific Islander,None,Not Admitted,,46
649-24-1146,26-05-2024,15:25:00,A. Gwyllt,Female,48,Pacific Islander,None,Not Admitted,,54
664-68-6335,23-08-2024,07:57:00,A. Proschke,Female,42,Pacific Islander,None,Not Admitted,,56
684-60-4060,12-06-2024,15:49:00,B. Blose,Female,59,Pacific Islander,None,Not Admitted,,21
628-70-4170,31-08-2024,11:16:00,B. Russilll,Female,19,Pacific Islander,None,Not Admitted,,47
820-96-9624,30-06-2023,18:19:00,B. Mottini,Female,16,Pacific Islander,None,Not Admitted,,59
272-30-8327,25-04-2023,16:40:00,C. Kilgour,Female,56,Pacific Islander,None,Not Admitted,,20
282-35-0843,14-10-2024,12:52:00,C. MacCaughey,Female,69,Pacific Islander,None,Not Admitted,,25
457-28-8255,08-05-2023,01:00:00,C. Burchess,Female,65,Pacific Islander,None,Not Admitted,,31
652-38-9065,24-07-2023,09:49:00,D. Hallaways,Female,56,Pacific Islander,None,Not Admitted,,11
698-81-4550,05-11-2023,09:50:00,D. Kleanthous,Female,41,Pacific Islander,None,Not Admitted,,21
641-96-0611,30-08-2024,06:46:00,D. Yakobovicz,Female,22,Pacific Islander,None,Not Admitted,,25
235-51-3074,05-05-2023,19:46:00,E. Woollons,Female,6,Pacific Islander,None,Not Admitted,,14
290-27-2255,17-06-2024,13:23:00,F. Spink,Female,79,Pacific Islander,None,Not Admitted,,14
246-11-7277,07-04-2023,23:45:00,F. Petkov,Female,2,Pacific Islander,None,Not Admitted,,44
640-24-2305,27-05-2023,12:56:00,G. Frodsham,Female,37,Pacific Islander,None,Not Admitted,,12
526-02-9534,07-08-2024,14:57:00,G. Mollnar,Female,47,Pacific Islander,None,Not Admitted,,34
708-89-8415,23-03-2024,19:19:00,H. Ghioni,Female,33,Pacific Islander,None,Not Admitted,,15
263-26-6831,13-10-2023,15:05:00,H. Thurlborn,Female,60,Pacific Islander,None,Not Admitted,,35
887-07-3859,31-01-2024,01:07:00,H. Muzzi,Female,49,Pacific Islander,None,Not Admitted,,41
613-30-3074,24-09-2024,16:31:00,H. Toulson,Female,47,Pacific Islander,None,Not Admitted,,51
397-75-3081,19-07-2023,01:56:00,H. Jahan,Female,44,Pacific Islander,None,Not Admitted,,52
532-52-7052,12-11-2023,08:09:00,I. Nannini,Female,25,Pacific Islander,None,Not Admitted,,32
760-48-3541,29-04-2024,22:08:00,I. Klessmann,Female,19,Pacific Islander,None,Not Admitted,,35
526-22-4659,19-08-2024,13:41:00,J. Howitt,Female,64,Pacific Islander,None,Not Admitted,,15
543-17-9313,01-08-2024,16:07:00,J. Rolls,Female,23,Pacific Islander,None,Not Admitted,,30
148-59-4378,08-04-2023,07:24:00,J. Hullett,Female,6,Pacific Islander,None,Not Admitted,,33
693-79-7901,19-08-2024,12:38:00,K. Martinyuk,Female,16,Pacific Islander,None,Not Admitted,,28
371-99-9321,10-04-2024,17:35:00,K. Gubbins,Female,49,Pacific Islander,None,Not Admitted,,29
122-31-6146,09-07-2023,07:47:00,K. McLaverty,Female,27,Pacific Islander,None,Not Admitted,,42
479-37-5258,15-05-2024,07:56:00,L. Hurdedge,Female,3,Pacific Islander,None,Not Admitted,,49
890-71-5629,01-10-2024,13:42:00,L. Philipeaux,Female,37,Pacific Islander,None,Not Admitted,,54
221-17-3849,16-06-2023,23:41:00,M. Brookton,Female,18,Pacific Islander,None,Not Admitted,,14
179-02-0347,04-09-2024,15:15:00,M. Jime,Female,35,Pacific Islander,None,Not Admitted,,21
250-32-8345,22-03-2024,17:46:00,M. Presley,Female,63,Pacific Islander,None,Not Admitted,,27
318-48-2808,14-11-2023,17:09:00,N. Freddi,Female,16,Pacific Islander,None,Not Admitted,,57
597-56-8859,25-09-2024,19:25:00,O. Banes,Female,55,Pacific Islander,None,Not Admitted,,44
155-09-0503,11-12-2023,21:32:00,P. Greenhalgh,Female,62,Pacific Islander,None,Not Admitted,,58
222-98-4258,03-09-2024,01:19:00,Q. Leyborne,Female,37,Pacific Islander,None,Not Admitted,,29
234-11-2272,28-04-2023,22:02:00,Q. Bretherick,Female,71,Pacific Islander,None,Not Admitted,,44
424-57-9056,19-05-2023,07:37:00,Q. Onthank,Female,73,Pacific Islander,None,Not Admitted,,58
664-79-4058,05-01-2024,17:20:00,R. Rosenbarg,Female,13,Pacific Islander,None,Not Admitted,,44
283-30-7634,07-04-2023,20:30:00,S. La Batie,Female,51,Pacific Islander,None,Not Admitted,,55
489-27-7349,19-05-2023,02:44:00,T. Searl,Female,27,Pacific Islander,None,Not Admitted,,25
258-25-3910,18-06-2023,23:15:00,T. McCahey,Female,5,Pacific Islander,None,Not Admitted,,52
730-47-9716,16-05-2024,06:31:00,T. Djurkovic,Female,37,Pacific Islander,None,Not Admitted,,53
553-11-6120,29-02-2024,11:36:00,V. Chevis,Female,50,Pacific Islander,None,Not Admitted,,36
364-91-4564,16-03-2024,14:56:00,V. Andrzejowski,Female,43,Pacific Islander,None,Not Admitted,,43
888-34-9278,04-07-2023,02:35:00,V. Sapwell,Female,49,Pacific Islander,None,Not Admitted,,49
807-48-5800,23-04-2024,08:45:00,V. Pirozzi,Female,11,Pacific Islander,None,Not Admitted,,54
545-31-9630,01-07-2024,15:14:00,W. Pendlebery,Female,44,Pacific Islander,None,Not Admitted,,50
185-43-6846,20-01-2024,10:39:00,W. Forgie,Female,1,Pacific Islander,None,Not Admitted,,54
253-83-6791,30-10-2023,14:37:00,X. Janicijevic,Female,61,Pacific Islander,None,Not Admitted,,13
621-62-1086,28-08-2023,06:43:00,Y. Deeney,Female,2,Pacific Islander,None,Not Admitted,,22
367-28-5660,03-07-2023,13:12:00,Y. Skouling,Female,70,Pacific Islander,None,Not Admitted,,35
685-47-1688,07-10-2023,07:34:00,Z. Haighton,Female,67,Pacific Islander,None,Not Admitted,,14
490-69-7016,09-05-2023,21:49:00,Z. Dalli,Female,72,Pacific Islander,None,Not Admitted,,34
613-89-4721,22-12-2023,03:40:00,G. Guerre,Female,41,Pacific Islander,None,Not Admitted,0,52
509-19-9192,16-09-2024,07:38:00,L. Whear,Female,44,Pacific Islander,None,Not Admitted,0,34
785-08-5699,26-08-2023,15:21:00,C. Beloe,Female,42,Pacific Islander,None,Not Admitted,1,30
287-74-9897,06-10-2024,07:16:00,H. Gabits,Female,72,Pacific Islander,None,Not Admitted,1,18
820-65-0400,30-07-2023,06:43:00,S. Kobierski,Female,40,Pacific Islander,None,Not Admitted,1,15
484-76-9868,22-05-2023,18:02:00,S. Casarino,Female,44,Pacific Islander,None,Not Admitted,1,27
808-33-7052,15-12-2023,01:00:00,Z. Byllam,Female,77,Pacific Islander,None,Not Admitted,2,24
372-76-1907,06-05-2024,20:28:00,K. Burgwyn,Female,7,Pacific Islander,None,Not Admitted,3,36
541-78-8781,18-02-2024,14:34:00,B. Stiggers,Female,70,Pacific Islander,None,Not Admitted,4,35
283-65-9905,14-04-2024,20:50:00,R. Guillond,Female,24,Pacific Islander,None,Not Admitted,6,30
835-25-5387,07-07-2023,00:22:00,R. St. John,Female,55,Pacific Islander,None,Not Admitted,6,51
287-12-3028,02-08-2024,19:13:00,W. Smoth,Female,20,Pacific Islander,None,Not Admitted,6,19
490-10-7609,16-04-2024,14:07:00,Z. Chaston,Female,18,Pacific Islander,None,Not Admitted,6,14
554-68-9035,29-08-2024,12:16:00,Z. Gabbitis,Female,32,Pacific Islander,None,Not Admitted,6,48
321-08-8842,24-06-2023,04:50:00,A. Climson,Female,4,Pacific Islander,None,Not Admitted,7,36
837-22-5775,23-04-2023,14:11:00,F. Whiten,Female,17,Pacific Islander,None,Not Admitted,7,56
440-86-8818,31-03-2024,10:12:00,E. Chataignier,Female,5,Pacific Islander,None,Not Admitted,8,58
676-15-6485,05-05-2023,09:34:00,N. Cino,Female,62,Pacific Islander,None,Not Admitted,8,26
603-37-2279,14-09-2024,19:43:00,E. Barrack,Female,59,Pacific Islander,None,Not Admitted,9,19
467-64-9058,16-08-2024,14:00:00,U. Bradnocke,Female,40,Pacific Islander,None,Not Admitted,9,50
471-71-2313,15-10-2024,19:57:00,V. Annear,Female,6,Pacific Islander,None,Not Admitted,9,51
844-07-0681,09-06-2023,02:33:00,F. Piccop,Female,32,Pacific Islander,None,Not Admitted,10,10
801-16-6200,07-08-2023,11:27:00,Z. Salvadori,Female,50,Pacific Islander,None,Not Admitted,10,59
292-37-1568,02-10-2023,10:18:00,E. Lidgely,Female,65,Pacific Islander,Orthopedics,Not Admitted,,29
504-53-3068,19-10-2023,20:45:00,E. Pate,Female,25,Pacific Islander,Orthopedics,Not Admitted,,55
724-18-3560,21-04-2024,00:41:00,G. Waiting,Female,36,Pacific Islander,Orthopedics,Not Admitted,,22
274-79-2232,19-09-2024,18:34:00,J. Murty,Female,55,Pacific Islander,Orthopedics,Not Admitted,,49
164-31-3790,08-03-2024,23:04:00,S. Baldetti,Female,24,Pacific Islander,Orthopedics,Not Admitted,,53
657-07-1234,25-06-2024,10:18:00,T. Giacobilio,Female,28,Pacific Islander,Orthopedics,Not Admitted,,13
531-80-4313,17-07-2024,22:52:00,T. Finnick,Female,44,Pacific Islander,Orthopedics,Not Admitted,,47
773-85-7179,21-06-2023,12:32:00,W. Vescovini,Female,18,Pacific Islander,Orthopedics,Not Admitted,,33
645-47-4599,16-05-2023,06:18:00,Y. Barras,Female,8,Pacific Islander,Orthopedics,Not Admitted,,18
385-77-2913,29-01-2024,23:36:00,T. Syrad,Female,44,Pacific Islander,Orthopedics,Not Admitted,2,56
508-93-6274,17-07-2024,13:56:00,U. Moorman,Female,65,Pacific Islander,Orthopedics,Not Admitted,2,34
610-89-4617,22-11-2023,02:13:00,H. Shippard,Female,31,Pacific Islander,Orthopedics,Not Admitted,8,42
828-86-7111,30-10-2023,23:33:00,L. Normavill,Female,17,Pacific Islander,Physiotherapy,Not Admitted,,28
338-22-6325,13-12-2023,01:45:00,T. Garric,Female,30,Pacific Islander,Physiotherapy,Not Admitted,,16
103-89-7991,11-04-2024,10:13:00,U. Cranmore,Female,74,Pacific Islander,Physiotherapy,Not Admitted,,34
346-07-4017,04-02-2024,14:00:00,W. Richard,Female,37,Pacific Islander,Renal,Not Admitted,,35
619-17-4772,27-04-2024,22:13:00,C. O' Timony,Female,6,Two or More Races,Cardiology,Not Admitted,,18
290-72-5797,27-07-2024,15:54:00,D. Benoy,Female,8,Two or More Races,Cardiology,Not Admitted,,56
716-82-2881,28-07-2024,10:50:00,E. Harrisson,Female,56,Two or More Races,Cardiology,Not Admitted,,54
231-44-6158,12-06-2023,05:32:00,M. Collidge,Female,18,Two or More Races,Cardiology,Not Admitted,,42
229-70-7425,23-04-2024,21:43:00,Y. Whatson,Female,45,Two or More Races,Cardiology,Not Admitted,,14
412-31-1320,17-02-2024,09:10:00,Y. Chesterfield,Female,14,Two or More Races,Cardiology,Not Admitted,,53
310-42-0759,26-08-2023,06:01:00,C. Parker,Female,71,Two or More Races,Gastroenterology,Not Admitted,,55
732-47-1768,12-04-2023,15:40:00,O. Causby,Female,56,Two or More Races,Gastroenterology,Not Admitted,,58
630-47-2713,05-09-2023,14:48:00,P. Torbard,Female,48,Two or More Races,Gastroenterology,Not Admitted,,44
879-28-3442,17-12-2023,15:11:00,R. Chese,Female,69,Two or More Races,Gastroenterology,Not Admitted,,44
381-90-3195,07-07-2023,20:03:00,U. Tewnion,Female,77,Two or More Races,Gastroenterology,Not Admitted,,29
177-75-4010,08-02-2024,21:26:00,T. Haddeston,Female,76,Two or More Races,Gastroenterology,Not Admitted,3,15
528-66-7358,04-02-2024,13:02:00,A. Pottage,Female,78,Two or More Races,General Practice,Not Admitted,,22
718-29-3433,12-08-2023,02:04:00,B. Tremberth,Female,76,Two or More Races,General Practice,Not Admitted,,13
258-52-9668,02-04-2024,14:32:00,B. Eathorne,Female,63,Two or More Races,General Practice,Not Admitted,,56
153-49-3323,14-11-2023,02:08:00,C. Gajownik,Female,58,Two or More Races,General Practice,Not Admitted,,25
590-44-3124,06-08-2023,17:26:00,D. Pettersen,Female,17,Two or More Races,General Practice,Not Admitted,,15
634-47-6727,09-07-2023,20:58:00,D. McKeand,Female,9,Two or More Races,General Practice,Not Admitted,,18
744-40-8093,19-07-2024,16:15:00,D. Kingdon,Female,42,Two or More Races,General Practice,Not Admitted,,40
597-81-4011,03-08-2023,13:43:00,D. Lifsey,Female,61,Two or More Races,General Practice,Not Admitted,,41
869-02-5604,03-09-2024,18:33:00,D. Hizir,Female,43,Two or More Races,General Practice,Not Admitted,,43
128-74-1315,07-11-2023,17:53:00,D. Ewestace,Female,16,Two or More Races,General Practice,Not Admitted,,53
865-12-7904,15-09-2023,03:01:00,F. Tooting,Female,4,Two or More Races,General Practice,Not Admitted,,14
805-27-2689,17-04-2023,20:15:00,G. Point,Female,48,Two or More Races,General Practice,Not Admitted,,15
695-54-0916,09-09-2024,12:34:00,G. Tregonna,Female,69,Two or More Races,General Practice,Not Admitted,,48
237-07-3349,09-09-2024,19:46:00,H. Cloake,Female,64,Two or More Races,General Practice,Not Admitted,,13
796-53-3024,22-09-2024,06:36:00,H. Cannell,Female,48,Two or More Races,General Practice,Not Admitted,,17
178-86-9071,15-10-2024,00:07:00,I. Basezzi,Female,2,Two or More Races,General Practice,Not Admitted,,12
149-68-8291,17-06-2024,20:36:00,I. Greensall,Female,71,Two or More Races,General Practice,Not Admitted,,18
214-36-5454,31-12-2023,16:23:00,I. Margerison,Female,37,Two or More Races,General Practice,Not Admitted,,40
684-32-0338,11-02-2024,12:02:00,J. Jedrysik,Female,8,Two or More Races,General Practice,Not Admitted,,26
347-27-1017,11-04-2023,07:31:00,J. Pull,Female,19,Two or More Races,General Practice,Not Admitted,,27
195-22-5174,03-10-2024,23:29:00,K. Larrat,Female,25,Two or More Races,General Practice,Not Admitted,,46
200-26-7779,03-10-2023,16:28:00,K. Wasielewicz,Female,45,Two or More Races,General Practice,Not Admitted,,51
519-77-2397,08-06-2024,01:53:00,K. Pellissier,Female,19,Two or More Races,General Practice,Not Admitted,,52
266-90-9815,28-07-2023,12:35:00,L. Casewell,Female,79,Two or More Races,General Practice,Not Admitted,,50
584-89-7054,23-07-2024,04:54:00,L. Fuente,Female,67,Two or More Races,General Practice,Not Admitted,,57
865-30-2867,12-01-2024,10:40:00,M. Biskupski,Female,63,Two or More Races,General Practice,Not Admitted,,42
206-97-4149,20-08-2024,01:35:00,M. De Ruggiero,Female,77,Two or More Races,General Practice,Not Admitted,,46
548-59-5269,15-09-2023,16:31:00,M. Orange,Female,9,Two or More Races,General Practice,Not Admitted,,54
420-19-1201,12-10-2024,03:34:00,N. Stampe,Female,2,Two or More Races,General Practice,Not Admitted,,40
565-10-6614,16-09-2023,15:49:00,P. Lacrouts,Female,53,Two or More Races,General Practice,Not Admitted,,30
180-11-8413,20-12-2023,00:42:00,P. Norris,Female,24,Two or More Races,General Practice,Not Admitted,,42
872-27-3342,13-06-2023,02:42:00,P. Lotte,Female,6,Two or More Races,General Practice,Not Admitted,,56
212-43-7115,08-10-2023,19:38:00,Q. Caren,Female,33,Two or More Races,General Practice,Not Admitted,,22
649-13-0648,12-06-2023,23:30:00,Q. Beevis,Female,42,Two or More Races,General Practice,Not Admitted,,22
761-16-5119,03-05-2024,11:05:00,Q. Petru,Female,25,Two or More Races,General Practice,Not Admitted,,41
310-56-4783,08-04-2024,17:04:00,R. Kase,Female,76,Two or More Races,General Practice,Not Admitted,,14
401-08-6326,26-10-2024,19:32:00,R. Haygreen,Female,57,Two or More Races,General Practice,Not Admitted,,15
353-57-1052,29-10-2023,09:07:00,R. Greensted,Female,44,Two or More Races,General Practice,Not Admitted,,28
608-69-9918,12-04-2024,02:40:00,R. Lebell,Female,55,Two or More Races,General Practice,Not Admitted,,43
280-44-0647,17-02-2024,06:16:00,R. Jendrassik,Female,34,Two or More Races,General Practice,Not Admitted,,58
258-44-7719,12-07-2023,20:59:00,S. Heliar,Female,62,Two or More Races,General Practice,Not Admitted,,33
117-58-1255,05-04-2024,12:06:00,S. Jossel,Female,75,Two or More Races,General Practice,Not Admitted,,53
467-47-8985,08-11-2023,01:53:00,S. Rozzell,Female,35,Two or More Races,General Practice,Not Admitted,,57
818-38-5069,31-08-2023,10:00:00,S. Antonognoli,Female,64,Two or More Races,General Practice,Not Admitted,,59
757-58-2588,14-08-2024,14:24:00,T. Stubbeley,Female,19,Two or More Races,General Practice,Not Admitted,,14
403-12-1184,22-06-2023,02:11:00,T. Thieme,Female,29,Two or More Races,General Practice,Not Admitted,,19
445-97-9581,21-02-2024,13:57:00,T. Fernehough,Female,19,Two or More Races,General Practice,Not Admitted,,24
645-84-5884,21-05-2024,18:59:00,T. Rowthorne,Female,11,Two or More Races,General Practice,Not Admitted,,47
412-29-3776,14-02-2024,02:05:00,V. Duffield,Female,78,Two or More Races,General Practice,Not Admitted,,14
562-75-3780,22-01-2024,22:50:00,V. Cuschieri,Female,65,Two or More Races,General Practice,Not Admitted,,17
752-94-8310,13-04-2024,12:14:00,V. Soar,Female,47,Two or More Races,General Practice,Not Admitted,,27
334-88-2963,24-01-2024,08:40:00,X. Bristowe,Female,34,Two or More Races,General Practice,Not Admitted,,48
639-46-1546,09-08-2023,08:55:00,Y. Capey,Female,62,Two or More Races,General Practice,Not Admitted,,10
432-56-1449,28-06-2024,17:32:00,Y. Wanek,Female,3,Two or More Races,General Practice,Not Admitted,,22
345-08-3538,11-08-2024,21:22:00,Y. Colchett,Female,45,Two or More Races,General Practice,Not Admitted,,56
691-01-5879,11-05-2023,19:05:00,Z. Lefley,Female,60,Two or More Races,General Practice,Not Admitted,,26
179-24-8770,19-01-2024,20:36:00,Z. Strooband,Female,24,Two or More Races,General Practice,Not Admitted,,47
727-26-9498,04-03-2024,06:56:00,A. Napolitano,Female,31,Two or More Races,General Practice,Not Admitted,0,30
241-58-9086,27-09-2024,07:06:00,J. Pedican,Female,26,Two or More Races,General Practice,Not Admitted,0,20
323-41-1698,25-06-2024,23:17:00,X. Rivelon,Female,64,Two or More Races,General Practice,Not Admitted,0,27
873-13-8470,18-06-2024,16:56:00,Z. Gobbett,Female,57,Two or More Races,General Practice,Not Admitted,0,16
593-41-9219,26-10-2023,01:32:00,F. Sugarman,Female,13,Two or More Races,General Practice,Not Admitted,1,10
308-30-4033,09-03-2024,17:29:00,L. Bugbird,Female,40,Two or More Races,General Practice,Not Admitted,1,38
189-09-9986,30-04-2023,18:15:00,S. Noden,Female,60,Two or More Races,General Practice,Not Admitted,1,49
268-33-9590,17-02-2024,05:09:00,O. Wordington,Female,26,Two or More Races,General Practice,Not Admitted,3,22
588-69-1358,17-11-2023,10:25:00,R. Seabridge,Female,1,Two or More Races,General Practice,Not Admitted,4,29
734-20-1346,05-08-2023,10:10:00,M. Gorton,Female,37,Two or More Races,General Practice,Not Admitted,5,10
681-74-6023,29-05-2023,17:54:00,Q. Thorius,Female,72,Two or More Races,General Practice,Not Admitted,5,55
262-42-0301,20-09-2023,16:01:00,V. Hockey,Female,51,Two or More Races,General Practice,Not Admitted,5,14
785-38-6543,14-01-2024,10:58:00,M. Constanza,Female,28,Two or More Races,General Practice,Not Admitted,6,11
171-53-9045,17-09-2024,21:56:00,C. Dik,Female,36,Two or More Races,General Practice,Not Admitted,7,43
615-59-2575,17-04-2023,10:20:00,D. Haselhurst,Female,10,Two or More Races,General Practice,Not Admitted,7,50
494-56-0322,27-07-2024,02:42:00,H. Jagger,Female,8,Two or More Races,General Practice,Not Admitted,8,37
775-28-0288,15-10-2024,21:44:00,K. Blasli,Female,76,Two or More Races,General Practice,Not Admitted,8,42
225-66-7915,22-10-2024,01:36:00,U. Magister,Female,2,Two or More Races,General Practice,Not Admitted,8,14
483-64-5654,08-09-2024,21:08:00,V. Shalloe,Female,11,Two or More Races,General Practice,Not Admitted,8,34
789-74-0696,30-09-2024,18:43:00,E. Drakes,Female,45,Two or More Races,General Practice,Not Admitted,9,32
545-29-5086,16-08-2023,20:39:00,D. Duxbury,Female,63,Two or More Races,Neurology,Not Admitted,,27
552-65-1035,12-05-2023,19:56:00,G. Bortolomei,Female,30,Two or More Races,Neurology,Not Admitted,,45
650-57-7841,11-10-2024,04:33:00,J. Gladwish,Female,47,Two or More Races,Neurology,Not Admitted,,30
737-32-6945,29-10-2023,03:15:00,J. Marusic,Female,19,Two or More Races,Neurology,Not Admitted,,59
714-04-7254,12-04-2023,14:03:00,K. Odo,Female,25,Two or More Races,Neurology,Not Admitted,,32
571-38-8943,14-06-2024,00:29:00,Q. Rickell,Female,40,Two or More Races,Neurology,Not Admitted,,57
265-22-3801,22-04-2024,11:06:00,U. Rodrig,Female,55,Two or More Races,Neurology,Not Admitted,1,42
446-70-7796,06-05-2023,17:49:00,X. Cejka,Female,28,Two or More Races,Neurology,Not Admitted,9,22
544-89-3372,04-01-2024,11:00:00,A. Orgill,Female,61,Two or More Races,None,Not Admitted,,20
276-29-2728,27-02-2024,08:26:00,A. Dowry,Female,45,Two or More Races,None,Not Admitted,,36
807-47-2097,14-07-2023,19:26:00,A. Abarough,Female,7,Two or More Races,None,Not Admitted,,51
808-52-4133,14-11-2023,19:23:00,A. Janak,Female,54,Two or More Races,None,Not Admitted,,51
790-04-1343,08-05-2023,02:53:00,B. Filipputti,Female,24,Two or More Races,None,Not Admitted,,25
676-34-0882,28-09-2024,20:01:00,B. Ferroni,Female,64,Two or More Races,None,Not Admitted,,35
648-75-4344,08-05-2023,12:56:00,B. Kealey,Female,46,Two or More Races,None,Not Admitted,,50
276-40-8022,07-02-2024,12:55:00,B. Pettiford,Female,36,Two or More Races,None,Not Admitted,,55
208-53-9719,14-03-2024,11:46:00,C. Moyes,Female,29,Two or More Races,None,Not Admitted,,22
895-94-3157,06-09-2023,09:56:00,C. Marushak,Female,74,Two or More Races,None,Not Admitted,,27
567-85-0684,21-02-2024,17:46:00,C. Vido,Female,31,Two or More Races,None,Not Admitted,,29
748-72-0573,27-04-2023,08:11:00,C. Castille,Female,49,Two or More Races,None,Not Admitted,,29
229-11-5846,07-05-2024,05:41:00,C. Borg,Female,45,Two or More Races,None,Not Admitted,,36
776-96-5871,24-05-2023,01:50:00,C. Giffen,Female,72,Two or More Races,None,Not Admitted,,36
363-05-8954,20-04-2024,02:52:00,C. Cream,Female,42,Two or More Races,None,Not Admitted,,48
269-47-2004,16-02-2024,13:09:00,C. Howton,Female,40,Two or More Races,None,Not Admitted,,56
450-65-5946,17-02-2024,06:34:00,C. Duchart,Female,28,Two or More Races,None,Not Admitted,,59
104-42-4856,21-12-2023,04:08:00,D. Kynett,Female,13,Two or More Races,None,Not Admitted,,27
696-03-1165,09-06-2024,00:26:00,D. Wilmut,Female,40,Two or More Races,None,Not Admitted,,47
651-18-1234,31-12-2023,15:29:00,D. McKeurton,Female,40,Two or More Races,None,Not Admitted,,59
719-81-3707,12-06-2023,13:41:00,E. Espadas,Female,41,Two or More Races,None,Not Admitted,,39
582-90-6970,11-02-2024,20:15:00,E. Biles,Female,74,Two or More Races,None,Not Admitted,,47
382-88-1416,23-05-2024,06:41:00,E. Titcomb,Female,57,Two or More Races,None,Not Admitted,,50
338-41-6137,29-03-2024,06:46:00,E. Stoad,Female,18,Two or More Races,None,Not Admitted,,58
386-68-5391,10-08-2024,00:55:00,F. MacPaik,Female,27,Two or More Races,None,Not Admitted,,19
125-73-3589,16-07-2023,12:41:00,F. Killough,Female,49,Two or More Races,None,Not Admitted,,31
750-58-3647,27-02-2024,10:13:00,F. Cheale,Female,51,Two or More Races,None,Not Admitted,,35
202-20-9289,12-11-2023,12:11:00,F. Hollibone,Female,31,Two or More Races,None,Not Admitted,,42
577-82-1899,29-03-2024,00:47:00,F. Kohtler,Female,74,Two or More Races,None,Not Admitted,,42
793-63-4699,25-08-2024,08:25:00,F. Hug,Female,37,Two or More Races,None,Not Admitted,,50
705-84-9983,03-06-2024,00:53:00,G. Mutter,Female,48,Two or More Races,None,Not Admitted,,12
883-21-7443,22-05-2024,15:16:00,G. Winnett,Female,68,Two or More Races,None,Not Admitted,,20
346-36-7581,03-10-2024,04:02:00,G. Marrow,Female,49,Two or More Races,None,Not Admitted,,23
819-75-6661,29-09-2024,19:10:00,G. Decourt,Female,64,Two or More Races,None,Not Admitted,,29
845-45-0091,01-09-2024,21:36:00,G. Baldinotti,Female,6,Two or More Races,None,Not Admitted,,41
213-20-9329,19-04-2024,03:30:00,G. Dillet,Female,66,Two or More Races,None,Not Admitted,,41
240-41-3530,13-07-2023,19:13:00,H. Griffitt,Female,48,Two or More Races,None,Not Admitted,,19
191-80-9331,07-03-2024,08:59:00,H. Beddoes,Female,12,Two or More Races,None,Not Admitted,,48
769-18-6872,04-02-2024,10:54:00,I. Jerdon,Female,55,Two or More Races,None,Not Admitted,,28
278-05-0695,14-10-2024,12:56:00,I. Dunklee,Female,51,Two or More Races,None,Not Admitted,,47
176-91-5532,22-09-2023,12:24:00,J. Gorvette,Female,78,Two or More Races,None,Not Admitted,,26
588-56-7026,14-08-2024,09:09:00,J. Bernet,Female,72,Two or More Races,None,Not Admitted,,51
343-93-8086,14-10-2024,08:16:00,J. Ughi,Female,21,Two or More Races,None,Not Admitted,,54
424-85-2084,21-04-2023,11:18:00,K. Sire,Female,7,Two or More Races,None,Not Admitted,,13
653-25-4152,12-04-2023,03:57:00,K. Smowton,Female,11,Two or More Races,None,Not Admitted,,14
799-73-6211,05-09-2024,20:59:00,K. Dallin,Female,51,Two or More Races,None,Not Admitted,,14
398-68-7636,07-12-2023,14:20:00,K. Kopmann,Female,67,Two or More Races,None,Not Admitted,,25
421-46-0575,08-09-2023,08:39:00,K. Theyer,Female,38,Two or More Races,None,Not Admitted,,39
770-53-5270,06-01-2024,02:00:00,K. Swyer,Female,5,Two or More Races,None,Not Admitted,,41
763-25-3640,15-05-2024,08:43:00,K. Agget,Female,57,Two or More Races,None,Not Admitted,,43
192-63-0250,02-02-2024,05:20:00,K. Hucke,Female,63,Two or More Races,None,Not Admitted,,45
633-69-2579,26-06-2024,03:09:00,K. Strotton,Female,63,Two or More Races,None,Not Admitted,,56
646-10-4499,06-01-2024,08:22:00,L. Beirne,Female,9,Two or More Races,None,Not Admitted,,15
422-06-3911,19-09-2023,15:30:00,L. Needham,Female,43,Two or More Races,None,Not Admitted,,25
349-86-9740,29-05-2024,18:23:00,L. Withnall,Female,1,Two or More Races,None,Not Admitted,,44
617-59-2394,08-04-2024,22:35:00,L. Pautard,Female,58,Two or More Races,None,Not Admitted,,59
241-69-1762,05-04-2024,16:41:00,M. Perel,Female,33,Two or More Races,None,Not Admitted,,24
457-31-6371,05-07-2024,17:29:00,M. Charlot,Female,55,Two or More Races,None,Not Admitted,,36
361-13-2097,05-08-2023,18:47:00,M. Sterte,Female,75,Two or More Races,None,Not Admitted,,58
228-19-2198,30-04-2024,01:12:00,N. Caneo,Female,19,Two or More Races,None,Not Admitted,,22
243-68-6278,29-02-2024,08:58:00,N. Abbyss,Female,48,Two or More Races,None,Not Admitted,,24
791-04-7639,29-09-2024,16:42:00,N. Gownge,Female,75,Two or More Races,None,Not Admitted,,24
778-08-9654,13-08-2023,12:08:00,N. Uvedale,Female,12,Two or More Races,None,Not Admitted,,25
510-77-6351,29-01-2024,18:12:00,N. Sheather,Female,10,Two or More Races,None,Not Admitted,,38
741-90-5657,05-06-2023,15:05:00,O. Adamovitch,Female,46,Two or More Races,None,Not Admitted,,13
144-61-3169,06-07-2024,07:13:00,O. Bollans,Female,49,Two or More Races,None,Not Admitted,,23
821-57-3198,18-06-2024,17:07:00,O. Le Gassick,Female,59,Two or More Races,None,Not Admitted,,31
338-30-6597,27-07-2024,12:32:00,O. Giberd,Female,43,Two or More Races,None,Not Admitted,,32
687-92-4881,14-04-2023,11:53:00,O. Morant,Female,6,Two or More Races,None,Not Admitted,,49
785-86-9715,28-09-2023,11:40:00,O. Cupper,Female,46,Two or More Races,None,Not Admitted,,51
801-42-8784,20-09-2024,15:21:00,O. Ramplee,Female,20,Two or More Races,None,Not Admitted,,52
390-90-9742,24-02-2024,11:11:00,P. Kalkofer,Female,13,Two or More Races,None,Not Admitted,,24
794-77-1016,18-11-2023,21:46:00,P. McCreath,Female,5,Two or More Races,None,Not Admitted,,37
417-91-8960,23-12-2023,02:13:00,P. Posen,Female,33,Two or More Races,None,Not Admitted,,38
486-26-3604,26-09-2024,10:38:00,P. Stienton,Female,29,Two or More Races,None,Not Admitted,,48
888-40-6467,09-04-2024,03:00:00,Q. Mensler,Female,29,Two or More Races,None,Not Admitted,,23
541-38-5588,01-07-2024,19:31:00,Q. Gorbell,Female,31,Two or More Races,None,Not Admitted,,31
892-94-9106,05-10-2023,22:58:00,Q. Softley,Female,79,Two or More Races,None,Not Admitted,,33
584-70-7549,24-08-2024,11:25:00,Q. Fieldsend,Female,22,Two or More Races,None,Not Admitted,,45
589-47-6817,11-08-2024,06:30:00,Q. Haszard,Female,36,Two or More Races,None,Not Admitted,,48
893-71-6988,03-05-2023,07:31:00,Q. Hogben,Female,36,Two or More Races,None,Not Admitted,,50
480-43-2139,09-07-2024,05:22:00,Q. Selesnick,Female,5,Two or More Races,None,Not Admitted,,57
635-32-3437,17-06-2024,20:44:00,Q. Trowbridge,Female,54,Two or More Races,None,Not Admitted,,58
227-41-9226,21-07-2023,07:13:00,Q. Scotchforth,Female,57,Two or More Races,None,Not Admitted,,58
886-50-8533,07-09-2023,09:23:00,R. Kellart,Female,19,Two or More Races,None,Not Admitted,,22
758-51-4409,19-08-2023,16:10:00,R. Scrogges,Female,78,Two or More Races,None,Not Admitted,,26
243-43-7192,01-08-2023,22:26:00,R. Altham,Female,57,Two or More Races,None,Not Admitted,,34
804-64-6939,22-02-2024,05:38:00,R. Jukubczak,Female,70,Two or More Races,None,Not Admitted,,39
700-93-8957,29-07-2023,14:47:00,S. Ealles,Female,10,Two or More Races,None,Not Admitted,,10
475-41-1345,15-01-2024,10:43:00,S. Pankhurst.,Female,74,Two or More Races,None,Not Admitted,,17
707-39-1661,06-10-2023,14:51:00,S. Lynam,Female,54,Two or More Races,None,Not Admitted,,51
203-79-1155,23-05-2024,03:04:00,S. Impett,Female,66,Two or More Races,None,Not Admitted,,51
835-94-1722,21-02-2024,01:08:00,S. Ferrarello,Female,30,Two or More Races,None,Not Admitted,,54
698-29-3153,13-12-2023,00:30:00,S. Cutill,Female,5,Two or More Races,None,Not Admitted,,59
719-53-7812,29-12-2023,02:34:00,T. Crocetto,Female,79,Two or More Races,None,Not Admitted,,16
874-43-7034,26-03-2024,03:10:00,T. Mandal,Female,6,Two or More Races,None,Not Admitted,,19
723-18-5369,17-08-2024,07:29:00,T. Vanyutin,Female,62,Two or More Races,None,Not Admitted,,20
140-84-5336,02-09-2023,23:31:00,T. Filov,Female,28,Two or More Races,None,Not Admitted,,45
341-50-7757,16-05-2023,07:52:00,T. Hartigan,Female,49,Two or More Races,None,Not Admitted,,55
576-33-2866,17-06-2023,02:19:00,U. Olenchikov,Female,37,Two or More Races,None,Not Admitted,,30
856-47-3379,08-08-2023,05:35:00,U. Perfitt,Female,35,Two or More Races,None,Not Admitted,,37
263-91-2295,30-05-2023,23:56:00,U. Millions,Female,14,Two or More Races,None,Not Admitted,,38
477-66-8791,29-08-2023,03:09:00,U. MacBrearty,Female,54,Two or More Races,None,Not Admitted,,43
134-48-7705,02-04-2024,01:20:00,U. Noen,Female,73,Two or More Races,None,Not Admitted,,47
419-18-4859,08-05-2023,18:28:00,V. Kubicka,Female,17,Two or More Races,None,Not Admitted,,26
698-18-8238,08-09-2024,09:56:00,V. Newson,Female,79,Two or More Races,None,Not Admitted,,30
133-59-5051,10-04-2023,19:02:00,V. Conrad,Female,51,Two or More Races,None,Not Admitted,,33
417-42-4910,01-04-2023,23:46:00,V. Clelle,Female,79,Two or More Races,None,Not Admitted,,45
471-82-1748,01-06-2024,14:35:00,V. Cullrford,Female,19,Two or More Races,None,Not Admitted,,47
802-95-4470,28-09-2024,03:42:00,V. Allardyce,Female,35,Two or More Races,None,Not Admitted,,50
860-78-0173,26-01-2024,21:25:00,V. Farncomb,Female,36,Two or More Races,None,Not Admitted,,53
844-57-2534,02-10-2024,19:06:00,V. Dincke,Female,42,Two or More Races,None,Not Admitted,,54
428-19-8362,11-06-2023,13:38:00,V. Seviour,Female,71,Two or More Races,None,Not Admitted,,59
649-29-1531,23-03-2024,16:48:00,W. Fitzsymons,Female,14,Two or More Races,None,Not Admitted,,13
897-46-6177,12-04-2023,04:53:00,W. Dillingham,Female,52,Two or More Races,None,Not Admitted,,13
359-97-6728,15-08-2023,02:09:00,W. Boch,Female,54,Two or More Races,None,Not Admitted,,16
499-92-5363,04-11-2023,05:18:00,W. Cayzer,Female,2,Two or More Races,None,Not Admitted,,36
255-19-6333,15-06-2024,22:56:00,W. Daldan,Female,38,Two or More Races,None,Not Admitted,,37
467-94-3398,29-04-2024,12:23:00,W. Bill,Female,79,Two or More Races,None,Not Admitted,,37
497-14-4839,30-06-2023,01:48:00,W. Fergusson,Female,69,Two or More Races,None,Not Admitted,,50
338-36-9753,10-08-2023,02:06:00,W. Bierton,Female,36,Two or More Races,None,Not Admitted,,55
380-28-2793,16-03-2024,19:43:00,W. Itschakov,Female,76,Two or More Races,None,Not Admitted,,55
466-84-0336,16-08-2024,12:38:00,X. Keynes,Female,52,Two or More Races,None,Not Admitted,,11
221-17-0462,29-09-2023,13:06:00,X. Follin,Female,50,Two or More Races,None,Not Admitted,,28
895-94-4857,05-03-2024,17:30:00,X. Peplow,Female,21,Two or More Races,None,Not Admitted,,33
786-06-4660,25-08-2023,13:50:00,X. Noulton,Female,36,Two or More Races,None,Not Admitted,,34
230-36-3922,28-05-2023,08:13:00,X. Pepi,Female,70,Two or More Races,None,Not Admitted,,39
684-92-6450,08-08-2024,08:11:00,X. Ewing,Female,79,Two or More Races,None,Not Admitted,,41
362-70-5793,11-03-2024,02:16:00,X. Ragborne,Female,52,Two or More Races,None,Not Admitted,,42
290-43-5673,12-07-2023,07:35:00,Y. Brunker,Female,14,Two or More Races,None,Not Admitted,,16
523-97-7326,13-04-2024,16:23:00,Y. Touzey,Female,41,Two or More Races,None,Not Admitted,,26
196-56-2812,08-03-2024,07:03:00,Y. Oller,Female,25,Two or More Races,None,Not Admitted,,27
697-49-8948,23-07-2023,07:47:00,Y. Woollard,Female,38,Two or More Races,None,Not Admitted,,42
539-91-6495,04-08-2024,04:23:00,Y. Kubat,Female,6,Two or More Races,None,Not Admitted,,46
422-73-8407,26-06-2024,02:52:00,Y. Gowry,Female,38,Two or More Races,None,Not Admitted,,47
205-06-0581,25-05-2024,08:42:00,Y. Caines,Female,38,Two or More Races,None,Not Admitted,,59
551-28-0390,16-12-2023,03:18:00,Y. Perone,Female,53,Two or More Races,None,Not Admitted,,60
811-45-8659,17-05-2023,09:42:00,Z. Fitkin,Female,32,Two or More Races,None,Not Admitted,,18
514-37-1729,14-09-2024,05:03:00,Z. Howling,Female,17,Two or More Races,None,Not Admitted,,30
574-90-3887,13-01-2024,07:35:00,Z. Shakelade,Female,15,Two or More Races,None,Not Admitted,,33
337-20-1813,26-06-2024,18:21:00,Z. Twinberrow,Female,23,Two or More Races,None,Not Admitted,,49
509-10-8255,13-10-2023,14:04:00,Z. Skipsey,Female,68,Two or More Races,None,Not Admitted,,52
844-29-1051,07-10-2023,22:40:00,Z. Deeprose,Female,23,Two or More Races,None,Not Admitted,,59
156-92-5624,09-01-2024,13:56:00,D. Peirson,Female,1,Two or More Races,None,Not Admitted,0,19
171-32-2578,04-01-2024,04:44:00,Y. Andrez,Female,58,Two or More Races,None,Not Admitted,0,15
714-05-3336,21-09-2024,09:20:00,N. Quernel,Female,73,Two or More Races,None,Not Admitted,1,38
478-46-3518,28-07-2024,17:09:00,R. McFarlane,Female,74,Two or More Races,None,Not Admitted,1,39
379-58-8462,31-01-2024,00:26:00,U. Lovell,Female,74,Two or More Races,None,Not Admitted,1,18
283-13-1525,01-08-2024,01:12:00,W. Gyde,Female,3,Two or More Races,None,Not Admitted,1,55
206-69-0689,10-08-2023,21:38:00,Z. Kenrat,Female,5,Two or More Races,None,Not Admitted,1,36
237-94-9372,12-09-2024,19:36:00,G. McSparran,Female,41,Two or More Races,None,Not Admitted,2,51
568-87-7009,17-04-2024,09:10:00,K. Matusevich,Female,45,Two or More Races,None,Not Admitted,2,59
224-77-9238,02-08-2024,16:29:00,K. Alday,Female,45,Two or More Races,None,Not Admitted,2,60
246-06-8866,21-02-2024,14:54:00,V. Coneley,Female,34,Two or More Races,None,Not Admitted,2,32
502-74-6263,25-06-2023,21:32:00,D. Bretherton,Female,47,Two or More Races,None,Not Admitted,3,60
350-10-0311,28-10-2023,13:49:00,E. Ahlin,Female,69,Two or More Races,None,Not Admitted,3,29
216-23-9901,11-06-2024,07:36:00,F. Alphonso,Female,60,Two or More Races,None,Not Admitted,3,44
420-85-5170,20-07-2024,12:39:00,H. Marlon,Female,3,Two or More Races,None,Not Admitted,3,57
233-33-9463,30-03-2024,03:05:00,I. Nornasell,Female,3,Two or More Races,None,Not Admitted,3,15
466-15-0928,16-09-2023,12:28:00,M. Kivell,Female,42,Two or More Races,None,Not Admitted,3,29
389-24-7558,16-04-2023,18:07:00,N. Strettell,Female,41,Two or More Races,None,Not Admitted,3,31
358-19-9800,22-07-2023,03:13:00,S. Berisford,Female,72,Two or More Races,None,Not Admitted,3,44
165-28-1239,07-04-2024,14:47:00,T. Van den Oord,Female,23,Two or More Races,None,Not Admitted,3,19
195-72-1556,21-09-2024,04:16:00,N. Blues,Female,74,Two or More Races,None,Not Admitted,4,26
831-73-1879,22-07-2023,18:11:00,Q. Simon,Female,47,Two or More Races,None,Not Admitted,4,59
722-83-5564,22-10-2023,09:32:00,R. Paumier,Female,50,Two or More Races,None,Not Admitted,4,58
584-75-1706,01-07-2024,01:31:00,U. Zohrer,Female,19,Two or More Races,None,Not Admitted,4,45
623-61-9841,27-05-2024,09:12:00,X. Lewsy,Female,67,Two or More Races,None,Not Admitted,4,32
570-76-1303,07-03-2024,06:29:00,A. Manley,Female,34,Two or More Races,None,Not Admitted,5,40
307-10-9903,20-10-2024,14:10:00,C. Motton,Female,21,Two or More Races,None,Not Admitted,5,45
274-44-4510,27-01-2024,23:14:00,C. Guppy,Female,57,Two or More Races,None,Not Admitted,5,49
636-40-6086,04-11-2023,16:04:00,F. Yekel,Female,52,Two or More Races,None,Not Admitted,5,51
708-70-6853,23-02-2024,10:47:00,M. Eallis,Female,41,Two or More Races,None,Not Admitted,5,14
489-05-8649,09-04-2024,06:57:00,Y. Calan,Female,64,Two or More Races,None,Not Admitted,5,18
275-21-8502,09-06-2024,22:09:00,Y. Grimmer,Female,76,Two or More Races,None,Not Admitted,5,30
578-99-8746,24-05-2023,18:31:00,K. Bartalin,Female,28,Two or More Races,None,Not Admitted,6,54
341-60-5841,31-07-2023,21:46:00,N. Auletta,Female,34,Two or More Races,None,Not Admitted,6,35
120-74-3430,20-01-2024,12:15:00,P. Boreham,Female,35,Two or More Races,None,Not Admitted,6,33
249-31-5844,02-09-2023,19:12:00,P. Morsom,Female,56,Two or More Races,None,Not Admitted,6,42
246-84-5205,07-03-2024,18:54:00,X. Jarman,Female,9,Two or More Races,None,Not Admitted,6,36
310-42-9819,04-10-2023,17:22:00,Z. Bagnold,Female,31,Two or More Races,None,Not Admitted,6,35
140-62-8233,26-04-2024,20:32:00,Z. Palleske,Female,31,Two or More Races,None,Not Admitted,6,41
371-76-0692,17-05-2023,12:54:00,D. Osmint,Female,28,Two or More Races,None,Not Admitted,7,10
599-32-7561,07-05-2023,13:35:00,E. Calcott,Female,77,Two or More Races,None,Not Admitted,7,38
682-94-8732,24-12-2023,08:48:00,I. Bunnell,Female,62,Two or More Races,None,Not Admitted,7,28
511-82-4653,09-10-2024,02:07:00,I. Gartin,Female,7,Two or More Races,None,Not Admitted,7,52
829-10-5536,12-08-2023,12:46:00,M. Gori,Female,27,Two or More Races,None,Not Admitted,7,12
195-28-0811,07-06-2024,16:00:00,M. Winkett,Female,67,Two or More Races,None,Not Admitted,7,58
488-92-0999,23-03-2024,03:20:00,P. Ayers,Female,67,Two or More Races,None,Not Admitted,7,11
178-24-4407,12-08-2023,22:20:00,Q. Sweeney,Female,71,Two or More Races,None,Not Admitted,7,45
389-43-8291,20-08-2023,04:24:00,T. Leach,Female,7,Two or More Races,None,Not Admitted,7,45
132-13-7157,20-04-2024,22:17:00,Y. McCreedy,Female,76,Two or More Races,None,Not Admitted,7,36
106-29-7582,07-01-2024,16:12:00,E. Calcut,Female,13,Two or More Races,None,Not Admitted,8,11
593-38-9878,06-05-2024,18:42:00,H. Atheis,Female,2,Two or More Races,None,Not Admitted,8,28
744-03-5281,28-08-2024,20:56:00,Z. Gregorin,Female,15,Two or More Races,None,Not Admitted,8,33
849-38-9457,08-05-2023,05:14:00,D. Jiggens,Female,78,Two or More Races,None,Not Admitted,9,30
322-37-4264,07-03-2024,16:37:00,E. Auton,Female,52,Two or More Races,None,Not Admitted,9,45
686-61-2694,24-10-2024,11:37:00,O. Gummery,Female,48,Two or More Races,None,Not Admitted,9,54
603-26-5838,04-03-2024,03:21:00,R. Elsley,Female,4,Two or More Races,None,Not Admitted,9,11
459-06-4503,02-06-2024,07:15:00,Y. Lincoln,Female,38,Two or More Races,None,Not Admitted,9,13
805-12-6491,19-10-2023,18:57:00,Y. Collcott,Female,53,Two or More Races,None,Not Admitted,9,47
335-53-6706,29-05-2024,10:57:00,Z. Brandino,Female,36,Two or More Races,None,Not Admitted,9,58
370-58-5256,25-09-2024,12:57:00,B. Norkett,Female,41,Two or More Races,None,Not Admitted,10,18
443-52-9348,25-12-2023,20:05:00,E. Kasperski,Female,36,Two or More Races,None,Not Admitted,10,13
798-67-0882,28-03-2024,19:08:00,U. Dofty,Female,42,Two or More Races,None,Not Admitted,10,26
674-03-7037,17-10-2024,10:06:00,Y. Winchester,Female,30,Two or More Races,None,Not Admitted,10,59
675-74-4830,21-10-2024,19:52:00,A. MacCosto,Female,75,Two or More Races,Orthopedics,Not Admitted,,53
429-25-2267,04-10-2023,04:33:00,C. Fowlds,Female,46,Two or More Races,Orthopedics,Not Admitted,,34
814-16-5063,19-06-2024,08:35:00,E. Sheasby,Female,78,Two or More Races,Orthopedics,Not Admitted,,47
171-14-8581,09-11-2023,05:50:00,I. Whitmore,Female,56,Two or More Races,Orthopedics,Not Admitted,,12
119-37-8978,08-12-2023,01:51:00,I. Drakard,Female,72,Two or More Races,Orthopedics,Not Admitted,,49
822-41-7734,12-08-2024,14:46:00,J. Dowall,Female,27,Two or More Races,Orthopedics,Not Admitted,,52
216-85-2300,26-07-2024,01:12:00,N. Kenforth,Female,29,Two or More Races,Orthopedics,Not Admitted,,38
485-49-0599,21-04-2024,07:11:00,N. Nel,Female,31,Two or More Races,Orthopedics,Not Admitted,,40
440-04-5619,18-09-2023,04:12:00,P. Kivlehan,Female,48,Two or More Races,Orthopedics,Not Admitted,,48
261-68-3689,28-04-2024,14:21:00,Q. Hedditeh,Female,6,Two or More Races,Orthopedics,Not Admitted,,45
616-88-3087,14-12-2023,20:10:00,R. Hagan,Female,43,Two or More Races,Orthopedics,Not Admitted,,49
643-42-0906,22-05-2024,04:52:00,T. Barrett,Female,46,Two or More Races,Orthopedics,Not Admitted,,20
761-34-5834,17-06-2023,00:20:00,X. Penddreth,Female,17,Two or More Races,Orthopedics,Not Admitted,,15
650-34-0647,25-10-2023,04:44:00,X. Withers,Female,34,Two or More Races,Orthopedics,Not Admitted,,29
589-07-2378,09-10-2024,02:46:00,Y. Lindores,Female,65,Two or More Races,Orthopedics,Not Admitted,,54
640-63-5453,18-08-2023,17:54:00,Z. Curl,Female,23,Two or More Races,Orthopedics,Not Admitted,,10
400-51-3029,08-02-2024,22:19:00,X. Abdy,Female,41,Two or More Races,Orthopedics,Not Admitted,0,49
245-09-8382,30-10-2023,14:23:00,B. Tennick,Female,18,Two or More Races,Orthopedics,Not Admitted,2,35
604-19-2040,28-08-2024,15:48:00,J. Founds,Female,54,Two or More Races,Orthopedics,Not Admitted,6,30
637-90-2785,04-06-2023,23:30:00,H. Garside,Female,75,Two or More Races,Orthopedics,Not Admitted,7,13
593-93-2765,08-04-2023,20:10:00,E. Le Huquet,Female,2,Two or More Races,Orthopedics,Not Admitted,8,25
425-45-8845,21-11-2023,19:18:00,G. Mackiewicz,Female,10,Two or More Races,Orthopedics,Not Admitted,9,11
171-97-5054,04-08-2024,22:30:00,G. MacCosto,Female,46,Two or More Races,Orthopedics,Not Admitted,9,30
760-97-7277,26-07-2023,00:11:00,Q. Benam,Female,27,Two or More Races,Orthopedics,Not Admitted,9,58
669-18-2341,03-07-2023,18:28:00,G. Prazer,Female,37,Two or More Races,Physiotherapy,Not Admitted,,49
707-35-6910,01-08-2024,20:38:00,I. Kennler,Female,61,Two or More Races,Physiotherapy,Not Admitted,,27
793-72-2819,04-10-2023,03:05:00,K. Ogdahl,Female,73,Two or More Races,Physiotherapy,Not Admitted,,18
422-87-0090,22-09-2023,19:55:00,K. Doerren,Female,47,Two or More Races,Physiotherapy,Not Admitted,,19
875-34-4380,16-02-2024,05:06:00,J. Legging,Female,3,Two or More Races,Physiotherapy,Not Admitted,2,14
852-80-8003,14-07-2023,06:41:00,X. Moneypenny,Female,69,Two or More Races,Physiotherapy,Not Admitted,2,48
404-25-9280,14-05-2023,17:23:00,B. Knowler,Female,31,Two or More Races,Renal,Not Admitted,,27
643-14-5413,12-10-2023,03:19:00,D. De Caroli,Female,54,Two or More Races,Renal,Not Admitted,,53
697-08-8904,03-07-2023,01:53:00,D. Sneddon,Female,72,White,Cardiology,Not Admitted,,41
293-45-9729,19-08-2024,12:01:00,F. Francais,Female,15,White,Cardiology,Not Admitted,,40
479-82-6847,06-10-2023,10:27:00,F. Rannald,Female,7,White,Cardiology,Not Admitted,,53
565-24-0607,04-05-2024,06:06:00,G. Meddemmen,Female,41,White,Cardiology,Not Admitted,,48
568-58-7867,21-08-2024,05:31:00,H. McGilvary,Female,62,White,Cardiology,Not Admitted,,28
719-12-1585,25-10-2023,20:45:00,J. Woltering,Female,5,White,Cardiology,Not Admitted,,16
848-85-3012,08-02-2024,20:16:00,O. Kauffman,Female,22,White,Cardiology,Not Admitted,,41
702-17-2187,23-10-2024,01:58:00,P. Fishe,Female,64,White,Cardiology,Not Admitted,,60
206-35-3192,06-03-2024,00:11:00,Q. Treffry,Female,40,White,Cardiology,Not Admitted,,44
154-03-1861,25-04-2024,22:57:00,Q. Martt,Female,57,White,Cardiology,Not Admitted,,55
121-51-9644,29-08-2023,09:12:00,P. O'Sullivan,Female,27,White,Cardiology,Not Admitted,1,20
154-08-4257,02-08-2023,12:59:00,X. Coventon,Female,59,White,Cardiology,Not Admitted,2,13
408-41-7059,18-09-2023,23:48:00,K. Kilpin,Female,37,White,Cardiology,Not Admitted,4,22
462-41-3786,09-04-2024,07:08:00,U. Chinnock,Female,71,White,Cardiology,Not Admitted,4,52
714-02-5849,05-10-2023,07:26:00,H. Steinhammer,Female,25,White,Cardiology,Not Admitted,6,38
768-69-7056,10-12-2023,08:31:00,X. Heales,Female,72,White,Cardiology,Not Admitted,6,58
301-60-9365,05-09-2024,21:29:00,J. Castelluzzi,Female,17,White,Cardiology,Not Admitted,7,60
461-55-0550,29-06-2023,19:19:00,L. Fawlks,Female,59,White,Cardiology,Not Admitted,7,47
641-80-7935,17-10-2024,09:23:00,V. Mandy,Female,63,White,Cardiology,Not Admitted,8,11
726-10-5465,11-06-2024,06:37:00,E. Vooght,Female,43,White,Gastroenterology,Not Admitted,,46
835-94-6808,04-06-2023,10:46:00,N. Jarvis,Female,13,White,Gastroenterology,Not Admitted,,60
856-07-9802,05-04-2023,05:43:00,P. Flukes,Female,23,White,Gastroenterology,Not Admitted,,34
688-06-4798,20-09-2024,20:25:00,V. Hacquard,Female,70,White,Gastroenterology,Not Admitted,,11
582-72-6724,30-07-2023,12:54:00,Z. Cowderoy,Female,70,White,Gastroenterology,Not Admitted,,16
123-48-8041,04-07-2024,19:29:00,M. Cyphus,Female,64,White,Gastroenterology,Not Admitted,3,30
260-68-9723,27-09-2023,22:14:00,R. Silverston,Female,19,White,Gastroenterology,Not Admitted,7,57
246-48-0846,27-06-2023,02:35:00,Z. Kays,Female,47,White,Gastroenterology,Not Admitted,7,32
392-91-5620,25-02-2024,23:05:00,B. Pyer,Female,63,White,General Practice,Not Admitted,,26
198-08-3001,30-03-2024,19:42:00,B. Dallow,Female,52,White,General Practice,Not Admitted,,34
312-12-5886,11-10-2024,08:16:00,B. Patemore,Female,36,White,General Practice,Not Admitted,,36
256-24-0224,25-03-2024,14:53:00,B. Daens,Female,75,White,General Practice,Not Admitted,,39
505-50-0210,07-03-2024,05:49:00,B. Newvill,Female,53,White,General Practice,Not Admitted,,41
333-35-9595,17-05-2023,21:20:00,C. Scola,Female,27,White,General Practice,Not Admitted,,40
745-61-1116,11-05-2023,05:44:00,C. Humpage,Female,75,White,General Practice,Not Admitted,,47
731-89-5373,21-09-2024,18:44:00,C. Jonson,Female,30,White,General Practice,Not Admitted,,60
109-11-0500,18-07-2024,16:24:00,D. Becket,Female,25,White,General Practice,Not Admitted,,22
631-77-8384,19-12-2023,21:58:00,D. Dutteridge,Female,38,White,General Practice,Not Admitted,,24
162-97-8549,16-09-2023,05:53:00,D. Pointer,Female,50,White,General Practice,Not Admitted,,25
386-69-5532,11-10-2024,04:38:00,D. Chapelhow,Female,65,White,General Practice,Not Admitted,,25
570-43-7551,23-09-2024,09:45:00,D. Cashin,Female,58,White,General Practice,Not Admitted,,38
744-31-9326,15-04-2024,14:12:00,E. Pettyfer,Female,16,White,General Practice,Not Admitted,,23
208-13-0472,21-11-2023,02:41:00,E. Morais,Female,45,White,General Practice,Not Admitted,,25
667-75-8929,20-10-2024,10:13:00,E. Delion,Female,5,White,General Practice,Not Admitted,,38
167-67-7087,28-03-2024,05:25:00,E. Hardaway,Female,35,White,General Practice,Not Admitted,,52
304-29-9773,22-04-2023,21:32:00,E. Otley,Female,43,White,General Practice,Not Admitted,,55
130-34-9435,10-06-2024,21:40:00,F. Antwis,Female,7,White,General Practice,Not Admitted,,29
324-61-3810,13-10-2024,18:56:00,F. Leivers,Female,51,White,General Practice,Not Admitted,,40
769-03-0157,22-05-2023,09:56:00,F. Sisland,Female,50,White,General Practice,Not Admitted,,60
754-98-4218,27-07-2024,02:25:00,G. Varian,Female,27,White,General Practice,Not Admitted,,11
775-45-1167,16-10-2024,01:26:00,G. Aveson,Female,28,White,General Practice,Not Admitted,,16
214-64-8639,25-04-2023,04:33:00,G. La Wille,Female,75,White,General Practice,Not Admitted,,58
784-41-9437,18-01-2024,10:17:00,G. Walker,Female,8,White,General Practice,Not Admitted,,59
404-79-6616,18-06-2024,01:38:00,H. Malyon,Female,38,White,General Practice,Not Admitted,,13
243-35-8779,08-03-2024,02:48:00,H. Rasell,Female,78,White,General Practice,Not Admitted,,38
898-98-4823,03-09-2023,16:29:00,H. Klais,Female,56,White,General Practice,Not Admitted,,48
564-43-2650,14-06-2023,12:07:00,I. Gooding,Female,63,White,General Practice,Not Admitted,,14
216-32-9846,25-04-2023,10:03:00,I. Cettell,Female,66,White,General Practice,Not Admitted,,30
719-19-2025,30-07-2023,14:40:00,I. Waldren,Female,54,White,General Practice,Not Admitted,,32
891-56-9495,14-04-2023,06:17:00,I. Eyres,Female,17,White,General Practice,Not Admitted,,40
242-79-8906,14-10-2023,17:31:00,J. Gavozzi,Female,64,White,General Practice,Not Admitted,,60
593-14-3589,28-10-2024,18:57:00,L. Priestley,Female,33,White,General Practice,Not Admitted,,17
352-70-3795,01-06-2023,22:24:00,L. Ord,Female,27,White,General Practice,Not Admitted,,46
896-70-9335,18-10-2023,06:55:00,M. Steinor,Female,49,White,General Practice,Not Admitted,,12
163-37-3593,11-09-2023,17:38:00,M. Hazley,Female,44,White,General Practice,Not Admitted,,15
852-57-6371,25-01-2024,00:27:00,M. Roels,Female,37,White,General Practice,Not Admitted,,17
227-92-6315,05-08-2024,18:56:00,M. Guillain,Female,69,White,General Practice,Not Admitted,,30
704-38-7358,11-07-2024,04:17:00,N. Lambard,Female,41,White,General Practice,Not Admitted,,27
899-73-5432,30-07-2023,07:09:00,N. Klasing,Female,8,White,General Practice,Not Admitted,,29
449-57-7823,25-10-2023,00:33:00,N. Weatherell,Female,14,White,General Practice,Not Admitted,,29
386-93-0195,29-08-2023,15:18:00,N. Ipplett,Female,6,White,General Practice,Not Admitted,,31
681-09-1146,25-04-2024,20:46:00,N. Schroeder,Female,60,White,General Practice,Not Admitted,,49
694-42-3578,05-05-2023,11:35:00,O. Gullberg,Female,56,White,General Practice,Not Admitted,,24
828-58-5766,05-01-2024,00:04:00,O. Brockie,Female,30,White,General Practice,Not Admitted,,29
232-22-8377,23-01-2024,16:23:00,O. Messham,Female,75,White,General Practice,Not Admitted,,44
330-15-2022,25-03-2024,14:35:00,P. Durdy,Female,28,White,General Practice,Not Admitted,,48
293-87-7863,06-06-2024,05:43:00,Q. Mulliss,Female,69,White,General Practice,Not Admitted,,54
624-10-4726,20-08-2023,11:02:00,Q. Tippings,Female,20,White,General Practice,Not Admitted,,57
470-60-5830,10-12-2023,20:34:00,Q. Olenchenko,Female,53,White,General Practice,Not Admitted,,57
737-87-2672,11-08-2024,05:23:00,R. Arniz,Female,32,White,General Practice,Not Admitted,,27
894-85-2431,11-12-2023,17:44:00,R. Stainton - Skinn,Female,4,White,General Practice,Not Admitted,,28
880-71-5024,17-09-2024,15:43:00,R. Roydon,Female,67,White,General Practice,Not Admitted,,34
693-79-5815,16-04-2023,19:37:00,R. Hintze,Female,17,White,General Practice,Not Admitted,,48
124-83-1571,19-08-2024,04:40:00,R. Janik,Female,44,White,General Practice,Not Admitted,,56
634-04-5264,09-09-2024,17:25:00,R. Possek,Female,70,White,General Practice,Not Admitted,,57
624-07-8564,12-10-2024,07:34:00,S. Fegan,Female,27,White,General Practice,Not Admitted,,34
711-91-1753,18-10-2023,07:28:00,T. Oliveras,Female,34,White,General Practice,Not Admitted,,46
548-51-4965,17-02-2024,21:15:00,T. Figura,Female,77,White,General Practice,Not Admitted,,54
140-25-6958,20-06-2024,07:20:00,T. Sivorn,Female,19,White,General Practice,Not Admitted,,58
290-33-0784,01-12-2023,13:16:00,U. Battman,Female,70,White,General Practice,Not Admitted,,10
736-65-1711,02-11-2023,11:34:00,U. Rumble,Female,55,White,General Practice,Not Admitted,,39
396-62-3227,30-04-2024,00:59:00,U. Iwanowicz,Female,59,White,General Practice,Not Admitted,,39
486-16-3524,19-09-2024,23:19:00,V. Haitlie,Female,33,White,General Practice,Not Admitted,,38
824-49-2063,22-09-2023,20:57:00,V. Grahamslaw,Female,1,White,General Practice,Not Admitted,,56
725-92-4975,10-04-2023,04:24:00,W. Goldstone,Female,35,White,General Practice,Not Admitted,,19
759-28-1275,02-05-2024,20:04:00,W. Shaplin,Female,53,White,General Practice,Not Admitted,,24
860-61-6074,05-06-2023,18:45:00,W. Brickstock,Female,72,White,General Practice,Not Admitted,,25
425-78-2883,04-12-2023,15:37:00,X. Heintzsch,Female,20,White,General Practice,Not Admitted,,52
262-44-2199,14-08-2023,03:37:00,X. Breche,Female,6,White,General Practice,Not Admitted,,54
275-99-2473,05-07-2024,01:24:00,X. Burgett,Female,39,White,General Practice,Not Admitted,,59
394-02-2360,11-09-2024,00:02:00,Y. Chappelle,Female,37,White,General Practice,Not Admitted,,22
526-02-1830,18-01-2024,15:35:00,Y. Filgate,Female,42,White,General Practice,Not Admitted,,46
379-54-8312,24-04-2023,17:51:00,Z. Szymanek,Female,74,White,General Practice,Not Admitted,,16
386-17-3826,15-12-2023,06:08:00,Z. Eiler,Female,21,White,General Practice,Not Admitted,,27
312-76-3868,01-06-2023,18:31:00,Z. O'Doherty,Female,79,White,General Practice,Not Admitted,,44
295-04-1906,03-09-2024,13:18:00,B. Skin,Female,62,White,General Practice,Not Admitted,0,47
587-40-6537,28-05-2023,13:19:00,E. Lettuce,Female,77,White,General Practice,Not Admitted,0,52
419-26-1516,29-10-2024,09:13:00,S. Bilovsky,Female,21,White,General Practice,Not Admitted,0,24
461-76-6137,23-05-2024,23:32:00,D. Scud,Female,26,White,General Practice,Not Admitted,1,37
552-27-9168,20-04-2024,13:39:00,O. Po,Female,57,White,General Practice,Not Admitted,1,28
209-76-3431,30-08-2024,06:30:00,E. Schimaschke,Female,33,White,General Practice,Not Admitted,2,32
509-22-5012,05-11-2023,06:35:00,P. Aggis,Female,15,White,General Practice,Not Admitted,2,43
665-01-2413,17-02-2024,22:57:00,Y. Yakob,Female,5,White,General Practice,Not Admitted,2,36
598-59-6394,06-12-2023,04:00:00,Y. Upchurch,Female,32,White,General Practice,Not Admitted,2,58
262-75-8796,17-01-2024,08:36:00,H. Redihalgh,Female,18,White,General Practice,Not Admitted,3,22
635-27-4110,17-09-2023,03:09:00,J. Schruyer,Female,9,White,General Practice,Not Admitted,3,32
823-66-1885,10-05-2023,16:48:00,K. Rolfo,Female,39,White,General Practice,Not Admitted,3,23
731-69-9552,08-04-2024,23:13:00,D. Langeren,Female,23,White,General Practice,Not Admitted,4,10
766-83-5972,19-08-2024,03:45:00,F. Durnill,Female,42,White,General Practice,Not Admitted,4,39
298-91-5578,27-06-2023,19:47:00,S. Stanfield,Female,70,White,General Practice,Not Admitted,4,44
261-20-6037,22-04-2023,22:10:00,A. Whitemarsh,Female,58,White,General Practice,Not Admitted,5,35
771-03-7336,02-04-2023,00:43:00,E. Sessions,Female,29,White,General Practice,Not Admitted,5,26
196-37-4530,19-08-2023,23:35:00,O. Lovewell,Female,3,White,General Practice,Not Admitted,5,42
235-08-1285,29-12-2023,08:14:00,P. Draycott,Female,58,White,General Practice,Not Admitted,5,14
214-91-3829,01-05-2023,06:05:00,Y. Maylor,Female,77,White,General Practice,Not Admitted,5,46
399-75-7983,18-05-2024,07:46:00,U. Kleynen,Female,23,White,General Practice,Not Admitted,6,41
614-75-1257,26-03-2024,05:07:00,X. Stallion,Female,11,White,General Practice,Not Admitted,6,58
660-42-0591,15-10-2023,07:04:00,E. Michelotti,Female,68,White,General Practice,Not Admitted,7,33
137-94-4888,03-05-2023,06:23:00,E. Mattheis,Female,31,White,General Practice,Not Admitted,7,43
768-98-4894,05-11-2023,09:45:00,U. McLarty,Female,61,White,General Practice,Not Admitted,7,52
390-43-5551,08-12-2023,22:00:00,W. Fordyce,Female,14,White,General Practice,Not Admitted,7,41
323-14-5080,23-05-2023,15:37:00,X. Idle,Female,8,White,General Practice,Not Admitted,7,14
513-36-1037,21-08-2023,02:28:00,Z. Branchflower,Female,69,White,General Practice,Not Admitted,7,22
490-11-8769,01-02-2024,07:32:00,F. Bourcq,Female,39,White,General Practice,Not Admitted,8,37
798-22-8341,05-10-2023,07:24:00,H. Weerdenburg,Female,18,White,General Practice,Not Admitted,8,12
762-06-3723,27-02-2024,11:54:00,O. de Clerk,Female,22,White,General Practice,Not Admitted,8,52
556-89-6240,09-05-2023,19:16:00,B. Runham,Female,58,White,General Practice,Not Admitted,9,16
549-72-7509,16-11-2023,18:04:00,F. Sansbury,Female,49,White,General Practice,Not Admitted,9,28
487-35-6749,09-11-2023,16:37:00,G. Heelis,Female,71,White,General Practice,Not Admitted,9,18
621-62-5464,02-01-2024,18:53:00,I. Gawthorp,Female,40,White,General Practice,Not Admitted,9,17
306-19-5290,30-08-2024,02:51:00,R. Onians,Female,27,White,General Practice,Not Admitted,9,42
759-80-5949,19-10-2024,03:55:00,Z. Maccree,Female,49,White,General Practice,Not Admitted,9,46
211-58-9428,23-08-2024,22:21:00,D. Geockle,Female,74,White,General Practice,Not Admitted,10,49
193-77-7514,16-05-2024,11:02:00,I. Trigwell,Female,26,White,General Practice,Not Admitted,10,40
863-21-0169,17-05-2023,02:57:00,Q. Corstorphine,Female,39,White,General Practice,Not Admitted,10,19
617-16-3537,30-08-2024,06:27:00,A. Gansbuhler,Female,57,White,Neurology,Not Admitted,,48
276-85-5628,27-04-2024,02:32:00,C. Thirtle,Female,27,White,Neurology,Not Admitted,,23
605-75-8255,05-05-2023,12:58:00,E. Fernez,Female,38,White,Neurology,Not Admitted,,52
716-64-7519,10-06-2023,05:06:00,I. MacAscaidh,Female,51,White,Neurology,Not Admitted,,39
739-54-8847,23-09-2024,15:54:00,I. Egglestone,Female,9,White,Neurology,Not Admitted,,59
858-06-1882,05-04-2024,10:11:00,N. Hoggan,Female,79,White,Neurology,Not Admitted,,23
128-05-1579,09-06-2023,01:37:00,T. MacCarrick,Female,30,White,Neurology,Not Admitted,,56
863-96-5808,10-10-2024,15:23:00,Z. Finlow,Female,20,White,Neurology,Not Admitted,,51
158-13-3727,22-09-2023,15:43:00,Z. Karpmann,Female,70,White,Neurology,Not Admitted,1,30
893-28-5273,01-06-2023,23:31:00,F. Metcalf,Female,23,White,Neurology,Not Admitted,2,42
254-35-5734,01-02-2024,04:11:00,S. Foulstone,Female,32,White,Neurology,Not Admitted,5,60
426-94-0569,17-10-2024,04:42:00,H. Siss,Female,35,White,Neurology,Not Admitted,9,49
242-46-7448,03-08-2024,03:50:00,U. Chippin,Female,29,White,Neurology,Not Admitted,10,20
115-71-1308,26-04-2024,21:32:00,A. Jeggo,Female,1,White,None,Not Admitted,,12
493-76-6065,08-04-2024,14:59:00,A. Batte,Female,27,White,None,Not Admitted,,13
307-83-2857,02-08-2024,18:49:00,A. Backshaw,Female,18,White,None,Not Admitted,,21
283-68-9956,28-12-2023,06:33:00,A. Goodricke,Female,10,White,None,Not Admitted,,23
162-06-4044,18-10-2023,00:17:00,A. Godspede,Female,45,White,None,Not Admitted,,27
820-21-1992,28-09-2023,05:09:00,A. McMorland,Female,41,White,None,Not Admitted,,33
440-08-8558,03-12-2023,22:47:00,A. Sneezem,Female,49,White,None,Not Admitted,,33
873-95-7772,17-07-2023,08:11:00,A. Floyd,Female,36,White,None,Not Admitted,,38
175-29-2235,31-01-2024,03:57:00,A. Wolfit,Female,57,White,None,Not Admitted,,38
748-73-6404,15-12-2023,22:49:00,A. Dennitts,Female,63,White,None,Not Admitted,,40
427-96-4240,30-05-2023,03:10:00,B. Utting,Female,36,White,None,Not Admitted,,10
141-90-4537,20-03-2024,12:07:00,B. Kornyshev,Female,15,White,None,Not Admitted,,15
243-08-9374,04-05-2023,15:09:00,B. Capstick,Female,63,White,None,Not Admitted,,16
740-40-8810,14-07-2023,10:33:00,B. Sillick,Female,43,White,None,Not Admitted,,21
159-15-1286,25-07-2023,06:17:00,B. Morant,Female,75,White,None,Not Admitted,,22
304-66-6297,18-02-2024,14:26:00,B. Iddenden,Female,31,White,None,Not Admitted,,39
312-86-7147,31-08-2024,18:12:00,B. Masterton,Female,37,White,None,Not Admitted,,43
471-34-5753,15-01-2024,21:23:00,B. Connock,Female,76,White,None,Not Admitted,,55
123-01-6587,15-05-2023,21:49:00,B. Billingham,Female,59,White,None,Not Admitted,,59
148-71-3350,27-09-2023,19:01:00,C. Clute,Female,22,White,None,Not Admitted,,19
310-57-6808,24-10-2024,09:35:00,C. Tinton,Female,40,White,None,Not Admitted,,27
429-49-9383,30-07-2023,06:07:00,C. Ovenell,Female,43,White,None,Not Admitted,,35
636-65-9131,01-10-2023,04:06:00,C. Melladew,Female,74,White,None,Not Admitted,,40
117-34-7854,08-09-2024,21:19:00,C. Goodhew,Female,4,White,None,Not Admitted,,55
534-58-7485,28-12-2023,11:53:00,C. Lund,Female,60,White,None,Not Admitted,,58
872-17-6505,29-05-2023,07:54:00,D. Austick,Female,59,White,None,Not Admitted,,14
410-07-3685,15-07-2023,16:35:00,D. Paragreen,Female,57,White,None,Not Admitted,,19
642-02-9790,02-08-2024,06:26:00,D. Bassindale,Female,23,White,None,Not Admitted,,20
732-15-8159,06-08-2023,23:08:00,D. Pirkis,Female,49,White,None,Not Admitted,,22
665-11-9872,29-05-2024,08:57:00,D. Gasnell,Female,42,White,None,Not Admitted,,28
893-49-6850,22-10-2024,06:52:00,D. Gudahy,Female,37,White,None,Not Admitted,,30
217-68-5823,22-05-2023,23:11:00,D. Minto,Female,43,White,None,Not Admitted,,30
789-66-3333,20-04-2024,16:11:00,D. Loalday,Female,69,White,None,Not Admitted,,52
413-65-7874,19-05-2023,01:42:00,D. Dinzey,Female,28,White,None,Not Admitted,,55
728-48-6496,01-11-2023,03:11:00,E. Liggens,Female,13,White,None,Not Admitted,,16
869-21-9278,14-09-2023,19:39:00,E. Karlolczak,Female,20,White,None,Not Admitted,,19
170-06-8817,13-04-2024,09:06:00,E. Robb,Female,18,White,None,Not Admitted,,27
375-90-1345,05-12-2023,12:19:00,E. Ibert,Female,71,White,None,Not Admitted,,44
356-43-7542,01-02-2024,23:57:00,E. Blunden,Female,5,White,None,Not Admitted,,50
481-80-2217,02-03-2024,17:20:00,E. Billham,Female,15,White,None,Not Admitted,,55
533-87-1299,01-01-2024,12:55:00,E. Brownlee,Female,28,White,None,Not Admitted,,57
356-90-7296,27-12-2023,08:14:00,E. Jewes,Female,39,White,None,Not Admitted,,57
886-27-9586,26-05-2024,11:58:00,F. Conaghan,Female,23,White,None,Not Admitted,,18
703-41-7007,18-04-2023,02:50:00,F. Phippen,Female,58,White,None,Not Admitted,,35
249-96-3585,19-08-2024,03:01:00,F. Salisbury,Female,36,White,None,Not Admitted,,37
138-23-1611,16-07-2023,11:32:00,F. Bendle,Female,5,White,None,Not Admitted,,48
121-27-3643,07-04-2024,08:15:00,G. Sellstrom,Female,75,White,None,Not Admitted,,16
810-44-3227,28-11-2023,20:27:00,G. Barnett,Female,76,White,None,Not Admitted,,20
186-51-7721,26-02-2024,07:12:00,G. Skamell,Female,35,White,None,Not Admitted,,24
401-77-7410,08-06-2023,16:09:00,G. Wilber,Female,55,White,None,Not Admitted,,24
349-99-1289,08-05-2023,05:54:00,G. Fildes,Female,42,White,None,Not Admitted,,31
101-60-5189,04-08-2024,16:53:00,G. Georger,Female,45,White,None,Not Admitted,,43
899-55-9031,24-04-2024,22:08:00,G. Geibel,Female,31,White,None,Not Admitted,,46
778-65-4673,01-07-2024,12:56:00,G. Summerly,Female,13,White,None,Not Admitted,,49
248-18-0030,30-05-2023,08:59:00,G. Savill,Female,7,White,None,Not Admitted,,54
811-98-4727,29-07-2023,23:29:00,G. Guierre,Female,58,White,None,Not Admitted,,58
111-52-9197,01-04-2023,19:07:00,G. Hawkeswood,Female,64,White,None,Not Admitted,,59
245-85-4529,06-07-2024,22:15:00,G. Breawood,Female,11,White,None,Not Admitted,,60
522-70-1823,19-07-2024,22:26:00,H. McKeighen,Female,10,White,None,Not Admitted,,20
695-96-3195,28-06-2024,01:39:00,H. Pascoe,Female,45,White,None,Not Admitted,,22
881-39-8203,10-08-2024,23:50:00,H. Woolens,Female,77,White,None,Not Admitted,,27
665-57-2100,01-08-2024,11:09:00,H. Gorrissen,Female,72,White,None,Not Admitted,,30
669-85-1884,12-07-2024,14:03:00,H. Kenningham,Female,11,White,None,Not Admitted,,34
688-42-3225,24-12-2023,16:27:00,H. Matveichev,Female,49,White,None,Not Admitted,,47
314-15-4273,10-12-2023,12:32:00,H. Poulden,Female,1,White,None,Not Admitted,,55
104-41-1688,08-04-2023,11:22:00,H. Jime,Female,22,White,None,Not Admitted,,55
816-27-9410,29-11-2023,06:57:00,I. Lavell,Female,4,White,None,Not Admitted,,11
335-18-8563,04-06-2023,11:05:00,I. Jeandot,Female,36,White,None,Not Admitted,,15
347-87-0017,20-09-2023,12:11:00,I. Farfalameev,Female,73,White,None,Not Admitted,,17
153-06-0149,15-04-2023,18:28:00,I. Thominga,Female,4,White,None,Not Admitted,,22
820-78-6035,26-04-2023,22:00:00,I. Aronov,Female,28,White,None,Not Admitted,,22
686-76-3824,16-10-2024,18:26:00,I. Doudny,Female,51,White,None,Not Admitted,,32
190-62-3939,23-06-2024,08:43:00,I. Barnet,Female,15,White,None,Not Admitted,,33
695-82-0712,07-12-2023,12:59:00,I. Ragbourne,Female,75,White,None,Not Admitted,,34
728-85-5305,09-10-2023,17:26:00,I. Biagini,Female,22,White,None,Not Admitted,,43
745-85-7922,18-08-2023,13:14:00,I. Ingolotti,Female,46,White,None,Not Admitted,,53
607-81-6711,23-02-2024,05:38:00,I. Creebo,Female,8,White,None,Not Admitted,,58
775-92-7178,13-08-2023,03:31:00,J. Dietzler,Female,17,White,None,Not Admitted,,10
886-57-1192,31-10-2023,18:02:00,J. Tampion,Female,7,White,None,Not Admitted,,17
685-87-5099,09-08-2024,20:29:00,J. Buten,Female,22,White,None,Not Admitted,,19
278-16-0978,19-06-2023,02:24:00,J. Mutimer,Female,61,White,None,Not Admitted,,20
778-84-9008,29-07-2024,13:38:00,J. Blackborow,Female,7,White,None,Not Admitted,,33
382-31-9718,20-07-2023,18:52:00,J. Albrighton,Female,46,White,None,Not Admitted,,38
801-07-7339,17-06-2024,14:06:00,J. Schermick,Female,9,White,None,Not Admitted,,44
625-89-1102,05-12-2023,09:11:00,J. Oehme,Female,18,White,None,Not Admitted,,51
838-81-9021,07-02-2024,05:31:00,K. Leebeter,Female,22,White,None,Not Admitted,,10
839-41-1835,12-05-2023,10:43:00,K. Zumbusch,Female,7,White,None,Not Admitted,,14
729-89-2202,20-05-2024,03:20:00,K. Ensten,Female,74,White,None,Not Admitted,,26
202-25-2915,30-10-2023,15:25:00,K. Bale,Female,43,White,None,Not Admitted,,27
273-14-8894,02-12-2023,17:10:00,K. Booij,Female,55,White,None,Not Admitted,,28
746-23-4827,02-05-2023,18:25:00,K. Baelde,Female,6,White,None,Not Admitted,,40
733-12-3253,29-01-2024,08:11:00,K. Meanwell,Female,53,White,None,Not Admitted,,52
343-57-5815,30-12-2023,02:21:00,K. Aery,Female,51,White,None,Not Admitted,,55
630-94-7356,07-07-2024,13:31:00,L. Mattersey,Female,72,White,None,Not Admitted,,13
794-82-3847,12-02-2024,21:02:00,L. Bagger,Female,60,White,None,Not Admitted,,17
316-13-4077,21-07-2024,18:13:00,L. Buesnel,Female,3,White,None,Not Admitted,,18
886-03-1751,28-04-2024,04:53:00,L. Hicks,Female,41,White,None,Not Admitted,,19
893-49-5294,28-12-2023,18:31:00,L. Vane,Female,69,White,None,Not Admitted,,26
315-63-4355,17-09-2024,08:42:00,L. Dilawey,Female,72,White,None,Not Admitted,,29
187-74-1267,19-05-2024,14:29:00,L. Tweedlie,Female,3,White,None,Not Admitted,,32
293-46-1362,02-06-2023,00:24:00,L. Woodrooffe,Female,16,White,None,Not Admitted,,32
250-32-3822,30-10-2023,16:03:00,L. Ferruzzi,Female,27,White,None,Not Admitted,,40
157-96-7378,17-02-2024,06:42:00,L. Lilion,Female,47,White,None,Not Admitted,,45
415-66-4951,21-05-2023,15:45:00,L. Zisneros,Female,67,White,None,Not Admitted,,49
844-81-6009,21-07-2024,15:43:00,L. Wroath,Female,43,White,None,Not Admitted,,53
579-48-1437,04-08-2023,22:45:00,L. Castells,Female,9,White,None,Not Admitted,,60
607-93-7414,25-02-2024,11:39:00,M. Fevier,Female,49,White,None,Not Admitted,,13
100-04-3993,04-04-2023,04:50:00,M. St Ange,Female,29,White,None,Not Admitted,,16
545-72-4306,13-04-2024,08:13:00,M. Skaid,Female,2,White,None,Not Admitted,,25
649-31-1998,14-07-2024,21:05:00,M. Strowger,Female,63,White,None,Not Admitted,,26
685-99-9934,03-06-2024,00:49:00,M. Carnilian,Female,18,White,None,Not Admitted,,35
604-72-2115,11-06-2024,21:11:00,M. Kinghorn,Female,32,White,None,Not Admitted,,37
466-62-5683,23-11-2023,13:50:00,M. Fairbard,Female,61,White,None,Not Admitted,,41
686-87-6613,10-05-2024,03:11:00,M. Goldsmith,Female,75,White,None,Not Admitted,,45
206-19-3396,29-10-2023,02:11:00,M. Casaroli,Female,32,White,None,Not Admitted,,52
267-55-1101,30-09-2023,18:23:00,M. Matuszynski,Female,10,White,None,Not Admitted,,57
146-48-1270,19-05-2024,04:25:00,N. McCraine,Female,23,White,None,Not Admitted,,11
363-91-7135,05-03-2024,18:49:00,N. Dugan,Female,51,White,None,Not Admitted,,11
806-43-1330,09-08-2024,07:54:00,N. Legion,Female,72,White,None,Not Admitted,,11
393-31-6473,16-04-2024,23:42:00,N. McVee,Female,30,White,None,Not Admitted,,16
781-31-2173,17-07-2023,18:55:00,N. Claque,Female,60,White,None,Not Admitted,,20
860-64-5355,04-07-2024,22:15:00,N. Aird,Female,18,White,None,Not Admitted,,27
622-90-4135,29-02-2024,00:51:00,N. Nani,Female,25,White,None,Not Admitted,,36
701-32-1463,09-03-2024,04:31:00,N. Darbey,Female,67,White,None,Not Admitted,,40
621-92-0440,05-11-2023,18:08:00,N. Weall,Female,15,White,None,Not Admitted,,45
110-73-7294,07-08-2023,17:51:00,N. Handrahan,Female,63,White,None,Not Admitted,,56
802-43-8558,01-10-2023,08:27:00,O. Pusey,Female,57,White,None,Not Admitted,,11
451-83-4132,12-02-2024,12:22:00,O. Bills,Female,22,White,None,Not Admitted,,24
760-69-8796,20-06-2024,18:00:00,O. Pawlaczyk,Female,74,White,None,Not Admitted,,26
370-75-6636,30-05-2023,08:21:00,O. Blissitt,Female,4,White,None,Not Admitted,,32
372-60-0704,12-05-2024,02:25:00,O. Teague,Female,37,White,None,Not Admitted,,32
466-80-6058,29-06-2024,19:42:00,O. Crimes,Female,27,White,None,Not Admitted,,39
218-23-7747,03-09-2024,02:12:00,O. Steddall,Female,27,White,None,Not Admitted,,46
392-38-0122,14-04-2024,05:39:00,O. Grigoriev,Female,64,White,None,Not Admitted,,47
890-11-8619,07-08-2023,16:21:00,O. Maypowder,Female,43,White,None,Not Admitted,,51
742-08-0457,09-06-2023,04:39:00,O. Fogel,Female,5,White,None,Not Admitted,,59
448-67-4574,24-06-2024,21:58:00,P. Munehay,Female,41,White,None,Not Admitted,,12
389-45-4781,22-03-2024,00:09:00,P. Aynold,Female,24,White,None,Not Admitted,,15
372-42-1419,24-03-2024,09:51:00,P. Currington,Female,25,White,None,Not Admitted,,20
786-79-3778,16-08-2023,00:18:00,P. Medley,Female,69,White,None,Not Admitted,,20
839-32-4736,12-12-2023,15:39:00,P. Matuszinski,Female,35,White,None,Not Admitted,,23
616-29-5551,01-08-2023,22:41:00,P. Chinge de Hals,Female,22,White,None,Not Admitted,,25
389-33-9944,07-05-2023,23:28:00,P. Rens,Female,65,White,None,Not Admitted,,27
170-78-1385,03-08-2024,14:16:00,P. Aggiss,Female,30,White,None,Not Admitted,,31
850-70-6234,20-08-2023,19:46:00,P. Wray,Female,66,White,None,Not Admitted,,33
529-82-7621,17-11-2023,22:27:00,P. Kilian,Female,44,White,None,Not Admitted,,52
151-32-6273,06-05-2024,08:58:00,P. Aisthorpe,Female,62,White,None,Not Admitted,,56
713-59-1709,19-08-2023,19:43:00,Q. Vears,Female,33,White,None,Not Admitted,,13
208-57-1411,19-06-2024,21:40:00,Q. Oxherd,Female,75,White,None,Not Admitted,,20
202-31-8321,15-02-2024,13:40:00,Q. Goose,Female,51,White,None,Not Admitted,,23
108-45-7414,26-01-2024,05:43:00,Q. Garroway,Female,34,White,None,Not Admitted,,28
615-10-6038,31-08-2024,09:53:00,Q. Twinbrow,Female,52,White,None,Not Admitted,,38
843-63-4258,23-04-2024,12:12:00,Q. Stiggers,Female,35,White,None,Not Admitted,,41
378-50-4904,31-10-2023,14:25:00,Q. Fitton,Female,2,White,None,Not Admitted,,45
255-19-2946,09-09-2024,11:18:00,Q. Dalglish,Female,59,White,None,Not Admitted,,45
730-33-4575,18-01-2024,22:00:00,Q. Picard,Female,44,White,None,Not Admitted,,60
765-93-0785,21-04-2024,07:15:00,R. Haugeh,Female,11,White,None,Not Admitted,,19
606-24-1350,06-06-2024,08:18:00,R. Rich,Female,54,White,None,Not Admitted,,21
692-37-6345,30-06-2023,11:41:00,R. Salisbury,Female,15,White,None,Not Admitted,,29
215-53-0351,05-07-2023,18:56:00,R. Schust,Female,55,White,None,Not Admitted,,32
405-62-2584,04-04-2024,05:35:00,S. Hedge,Female,7,White,None,Not Admitted,,25
573-36-8002,24-11-2023,23:33:00,S. Eads,Female,8,White,None,Not Admitted,,27
140-51-8841,14-12-2023,01:27:00,S. Novelli,Female,16,White,None,Not Admitted,,34
154-15-2617,19-06-2024,10:08:00,S. Copyn,Female,50,White,None,Not Admitted,,38
837-47-2662,04-08-2024,09:27:00,S. Colwell,Female,27,White,None,Not Admitted,,42
896-98-1041,27-02-2024,02:53:00,S. Zolini,Female,12,White,None,Not Admitted,,44
683-01-7970,29-05-2023,00:06:00,S. Tethcote,Female,3,White,None,Not Admitted,,45
433-13-6881,20-08-2023,05:57:00,S. Gullane,Female,63,White,None,Not Admitted,,57
367-87-1289,19-11-2023,18:47:00,T. Winspur,Female,9,White,None,Not Admitted,,17
750-23-2793,20-04-2023,15:43:00,T. Kener,Female,34,White,None,Not Admitted,,18
192-34-8866,16-11-2023,21:53:00,T. Kluge,Female,63,White,None,Not Admitted,,22
261-16-1672,12-08-2023,04:53:00,T. Brixham,Female,55,White,None,Not Admitted,,26
674-12-8997,02-07-2024,06:30:00,T. Napoli,Female,18,White,None,Not Admitted,,33
611-56-4055,20-09-2023,01:04:00,T. Caccavale,Female,22,White,None,Not Admitted,,37
168-08-3622,28-10-2023,23:15:00,T. Iliffe,Female,72,White,None,Not Admitted,,43
525-26-1951,16-05-2024,12:16:00,T. Colecrough,Female,2,White,None,Not Admitted,,48
233-10-7135,22-06-2023,04:40:00,U. Berendsen,Female,24,White,None,Not Admitted,,20
318-26-1414,28-09-2024,14:47:00,U. Benneyworth,Female,27,White,None,Not Admitted,,23
790-73-9010,24-05-2024,06:36:00,U. Dumini,Female,15,White,None,Not Admitted,,27
304-16-6136,11-07-2024,03:42:00,U. Folomkin,Female,52,White,None,Not Admitted,,37
370-63-2061,06-11-2023,05:13:00,U. Yearnes,Female,53,White,None,Not Admitted,,45
135-81-4176,26-06-2023,19:12:00,U. Chastanet,Female,22,White,None,Not Admitted,,56
727-03-0231,18-04-2023,00:14:00,U. Kauffman,Female,53,White,None,Not Admitted,,59
167-98-2758,30-11-2023,16:12:00,V. Pothergill,Female,10,White,None,Not Admitted,,11
473-28-7174,29-09-2023,21:40:00,V. Merigon,Female,47,White,None,Not Admitted,,14
277-12-6417,03-09-2023,11:13:00,V. Whittington,Female,66,White,None,Not Admitted,,40
371-39-0855,15-03-2024,05:48:00,V. McCreedy,Female,15,White,None,Not Admitted,,51
438-38-9392,23-01-2024,12:50:00,V. Pezey,Female,70,White,None,Not Admitted,,59
648-60-8938,08-05-2023,18:01:00,V. Bellingham,Female,79,White,None,Not Admitted,,60
310-05-1868,04-03-2024,21:13:00,W. Blakelock,Female,12,White,None,Not Admitted,,19
210-50-1801,01-04-2024,08:46:00,W. Martinelli,Female,76,White,None,Not Admitted,,23
110-38-1118,09-08-2024,22:49:00,W. Laing,Female,45,White,None,Not Admitted,,45
330-88-2389,19-10-2023,07:33:00,W. Rosenfrucht,Female,73,White,None,Not Admitted,,45
261-65-5742,13-04-2023,13:48:00,X. Mugford,Female,77,White,None,Not Admitted,,10
561-56-3940,25-03-2024,09:52:00,X. Chidlow,Female,16,White,None,Not Admitted,,17
174-22-5046,10-07-2023,12:57:00,X. Driuzzi,Female,29,White,None,Not Admitted,,23
419-41-5696,26-08-2024,08:06:00,X. Hebble,Female,74,White,None,Not Admitted,,27
180-76-2943,15-06-2024,19:14:00,X. Zarfai,Female,1,White,None,Not Admitted,,29
559-71-3169,25-07-2024,00:39:00,X. Ebbett,Female,13,White,None,Not Admitted,,30
852-82-9914,11-09-2023,05:45:00,X. Piffe,Female,41,White,None,Not Admitted,,41
657-61-2319,10-03-2024,23:18:00,X. Seeks,Female,77,White,None,Not Admitted,,48
738-82-3669,03-08-2023,18:29:00,X. Faldo,Female,79,White,None,Not Admitted,,48
600-74-3535,07-08-2023,02:22:00,X. Cammish,Female,9,White,None,Not Admitted,,49
200-22-2878,16-05-2023,05:28:00,X. Schwier,Female,57,White,None,Not Admitted,,49
891-62-7156,30-12-2023,01:57:00,X. Ellen,Female,75,White,None,Not Admitted,,50
191-27-8899,27-09-2024,22:26:00,X. Domelaw,Female,34,White,None,Not Admitted,,52
278-69-7509,04-08-2024,15:19:00,X. Whitters,Female,53,White,None,Not Admitted,,53
637-94-0312,10-09-2023,07:44:00,Y. Pratten,Female,59,White,None,Not Admitted,,16
651-85-3281,24-08-2023,06:05:00,Y. Bedbury,Female,24,White,None,Not Admitted,,20
299-88-9999,17-09-2024,07:08:00,Y. Lempke,Female,63,White,None,Not Admitted,,22
600-63-1753,08-07-2023,09:55:00,Y. Eye,Female,24,White,None,Not Admitted,,26
705-90-0854,06-09-2023,04:22:00,Y. Nerney,Female,69,White,None,Not Admitted,,31
881-42-6523,08-12-2023,11:15:00,Y. Boggas,Female,44,White,None,Not Admitted,,42
712-65-0532,16-08-2023,04:27:00,Y. Emanuelov,Female,68,White,None,Not Admitted,,42
285-35-2292,03-03-2024,07:03:00,Y. Cuthill,Female,36,White,None,Not Admitted,,49
405-64-0256,22-06-2024,04:45:00,Y. Topling,Female,64,White,None,Not Admitted,,51
795-63-6602,21-05-2023,06:13:00,Y. Willmore,Female,14,White,None,Not Admitted,,55
724-76-3876,12-04-2024,23:37:00,Y. Ragbourne,Female,43,White,None,Not Admitted,,57
788-52-8242,29-04-2024,16:37:00,Z. Avramchik,Female,48,White,None,Not Admitted,,10
331-63-7662,30-04-2023,22:19:00,Z. Taggett,Female,62,White,None,Not Admitted,,11
542-32-4303,05-08-2024,01:25:00,Z. Barles,Female,41,White,None,Not Admitted,,25
681-60-5890,14-12-2023,17:34:00,Z. Burfoot,Female,18,White,None,Not Admitted,,27
205-32-4024,25-12-2023,04:38:00,Z. Ellen,Female,61,White,None,Not Admitted,,31
714-04-8028,19-08-2023,16:35:00,Z. Bakesef,Female,53,White,None,Not Admitted,,39
522-98-0828,12-06-2023,18:43:00,Z. Bonifazio,Female,7,White,None,Not Admitted,,52
389-02-6025,25-07-2024,09:09:00,Z. Brownlie,Female,18,White,None,Not Admitted,,56
536-37-9223,28-05-2024,12:32:00,A. Duigenan,Female,42,White,None,Not Admitted,0,27
309-58-3156,16-07-2023,20:43:00,C. Ibberson,Female,69,White,None,Not Admitted,0,29
219-41-5143,01-07-2024,15:54:00,F. Priver,Female,53,White,None,Not Admitted,0,44
507-18-9945,29-12-2023,23:38:00,H. Tittershill,Female,53,White,None,Not Admitted,0,14
518-59-9140,08-08-2024,01:39:00,L. Halward,Female,74,White,None,Not Admitted,0,27
887-81-0302,12-05-2024,12:56:00,N. Hurt,Female,27,White,None,Not Admitted,0,16
478-28-3152,28-11-2023,04:09:00,Q. Lackmann,Female,69,White,None,Not Admitted,0,33
762-48-6422,31-05-2024,03:58:00,G. Kachel,Female,60,White,None,Not Admitted,1,52
849-50-0138,07-05-2024,04:54:00,H. Ruhben,Female,22,White,None,Not Admitted,1,60
508-47-0601,02-05-2023,08:43:00,I. Heading,Female,60,White,None,Not Admitted,1,18
259-14-9232,06-04-2023,00:56:00,M. Olexa,Female,26,White,None,Not Admitted,1,24
152-65-5703,18-06-2024,22:00:00,N. Swedeland,Female,72,White,None,Not Admitted,1,15
654-74-6226,18-06-2023,01:59:00,N. Brayn,Female,45,White,None,Not Admitted,1,43
864-39-8168,11-10-2023,11:17:00,S. Alywen,Female,67,White,None,Not Admitted,1,28
672-03-7924,04-06-2024,16:50:00,T. Beazer,Female,26,White,None,Not Admitted,1,19
171-47-9048,13-02-2024,19:01:00,V. Fiennes,Female,67,White,None,Not Admitted,1,17
704-26-0836,23-05-2024,23:14:00,V. Loughran,Female,32,White,None,Not Admitted,1,45
277-99-9308,16-03-2024,16:16:00,W. Ketcher,Female,67,White,None,Not Admitted,1,43
811-38-7866,18-10-2023,15:57:00,X. Palffrey,Female,7,White,None,Not Admitted,1,39
625-37-2390,05-05-2023,15:50:00,D. Moorcraft,Female,60,White,None,Not Admitted,2,18
781-73-2733,05-11-2023,07:18:00,E. Edgcombe,Female,65,White,None,Not Admitted,2,49
224-04-4489,17-07-2024,11:25:00,G. Matignon,Female,39,White,None,Not Admitted,2,11
113-47-3396,20-07-2023,22:55:00,G. Ary,Female,42,White,None,Not Admitted,2,50
695-76-1933,08-07-2024,08:02:00,I. Chung,Female,66,White,None,Not Admitted,2,46
857-38-9352,30-11-2023,19:01:00,J. Wheatland,Female,13,White,None,Not Admitted,2,49
169-34-3725,17-06-2023,14:29:00,M. Smart,Female,62,White,None,Not Admitted,2,21
487-63-8783,20-07-2023,20:27:00,N. Whisker,Female,73,White,None,Not Admitted,2,36
678-73-4267,19-11-2023,14:10:00,S. Latch,Female,1,White,None,Not Admitted,2,37
465-84-4385,05-04-2024,05:53:00,T. Winfield,Female,18,White,None,Not Admitted,2,44
576-08-7899,08-06-2023,02:11:00,U. Silmon,Female,72,White,None,Not Admitted,2,46
358-91-0735,19-10-2023,23:21:00,H. Dallas,Female,63,White,None,Not Admitted,3,42
100-84-7203,13-06-2023,21:33:00,K. Ybarra,Female,37,White,None,Not Admitted,3,55
777-20-5908,21-06-2024,08:25:00,M. Blockley,Female,55,White,None,Not Admitted,3,60
361-75-8418,12-10-2023,15:26:00,N. O'Finan,Female,34,White,None,Not Admitted,3,44
580-75-8753,08-06-2024,21:43:00,P. Piatto,Female,71,White,None,Not Admitted,3,38
515-64-2739,17-05-2024,19:26:00,U. Doggerell,Female,60,White,None,Not Admitted,3,55
251-41-9778,30-03-2024,14:16:00,W. Wark,Female,36,White,None,Not Admitted,3,59
890-16-9208,30-04-2024,09:40:00,X. Willimont,Female,73,White,None,Not Admitted,3,43
825-75-2269,25-09-2024,02:47:00,B. Wofenden,Female,42,White,None,Not Admitted,4,47
201-35-2507,17-09-2023,00:35:00,C. Bes,Female,57,White,None,Not Admitted,4,41
131-81-9850,25-01-2024,21:53:00,D. Oliva,Female,54,White,None,Not Admitted,4,28
404-55-4051,24-08-2023,07:23:00,K. Tolwood,Female,19,White,None,Not Admitted,4,60
711-41-6622,22-06-2023,21:58:00,M. Geelan,Female,23,White,None,Not Admitted,4,32
156-45-0074,10-08-2023,21:46:00,O. Lagde,Female,76,White,None,Not Admitted,4,39
220-78-7254,18-07-2024,02:18:00,O. Paskin,Female,11,White,None,Not Admitted,4,48
672-52-6379,22-01-2024,04:05:00,Q. Fausset,Female,19,White,None,Not Admitted,4,35
789-37-2567,31-10-2023,07:28:00,S. De Gregario,Female,49,White,None,Not Admitted,4,39
174-20-1756,31-07-2024,22:41:00,S. Shropsheir,Female,32,White,None,Not Admitted,4,48
279-48-0099,06-10-2023,02:12:00,T. Riggulsford,Female,15,White,None,Not Admitted,4,59
898-70-4805,05-12-2023,16:56:00,W. Sturridge,Female,27,White,None,Not Admitted,4,56
467-58-7994,09-06-2023,09:30:00,W. Sanbrooke,Female,61,White,None,Not Admitted,4,57
365-52-7650,08-01-2024,02:00:00,Y. McCree,Female,68,White,None,Not Admitted,4,58
641-52-3173,01-01-2024,04:59:00,L. Harford,Female,37,White,None,Not Admitted,5,10
692-89-7681,29-08-2023,21:19:00,L. Johl,Female,24,White,None,Not Admitted,5,59
252-05-5600,15-05-2024,05:46:00,N. Deaton,Female,12,White,None,Not Admitted,5,25
726-37-1120,07-03-2024,15:49:00,T. Weekley,Female,41,White,None,Not Admitted,5,54
524-87-1820,02-02-2024,01:08:00,U. Riggeard,Female,56,White,None,Not Admitted,5,43
535-36-0130,03-09-2024,17:53:00,W. Byrch,Female,50,White,None,Not Admitted,5,19
140-37-0074,07-11-2023,15:22:00,B. Rooms,Female,33,White,None,Not Admitted,6,35
586-32-2671,14-08-2024,06:02:00,C. McGucken,Female,41,White,None,Not Admitted,6,30
441-35-9026,23-06-2024,00:25:00,I. Kubas,Female,73,White,None,Not Admitted,6,17
499-12-6236,04-04-2023,10:30:00,O. Durek,Female,69,White,None,Not Admitted,6,45
216-39-5937,17-06-2024,11:36:00,P. Dupre,Female,1,White,None,Not Admitted,6,34
198-94-3682,21-09-2024,07:58:00,T. Cisec,Female,55,White,None,Not Admitted,6,27
647-22-2299,20-01-2024,14:29:00,V. Hook,Female,42,White,None,Not Admitted,6,12
424-19-6464,08-12-2023,23:20:00,Y. Leaves,Female,32,White,None,Not Admitted,6,54
568-22-3902,07-05-2024,15:04:00,Z. La Wille,Female,40,White,None,Not Admitted,6,36
277-68-8077,16-10-2023,15:13:00,A. Markl,Female,71,White,None,Not Admitted,7,18
289-89-6208,18-10-2024,23:08:00,A. Merlin,Female,49,White,None,Not Admitted,7,20
293-41-9295,05-02-2024,13:42:00,H. Vogt,Female,3,White,None,Not Admitted,7,26
869-03-4231,15-11-2023,03:17:00,N. Barnhill,Female,28,White,None,Not Admitted,7,58
583-94-8865,23-12-2023,10:46:00,P. Burditt,Female,40,White,None,Not Admitted,7,50
607-39-9421,15-12-2023,11:40:00,T. Ourtic,Female,46,White,None,Not Admitted,7,16
158-65-6855,21-05-2024,00:53:00,V. Groocock,Female,13,White,None,Not Admitted,7,59
368-43-0999,15-09-2024,07:34:00,X. Brass,Female,21,White,None,Not Admitted,7,40
620-29-6632,14-03-2024,04:01:00,Y. Jellis,Female,79,White,None,Not Admitted,7,53
754-13-2622,15-07-2024,20:22:00,E. McNutt,Female,61,White,None,Not Admitted,8,42
842-83-6859,17-08-2023,04:53:00,F. O'Brien,Female,17,White,None,Not Admitted,8,29
199-35-7842,19-01-2024,10:46:00,F. Legerwood,Female,29,White,None,Not Admitted,8,31
646-66-3685,08-04-2023,00:17:00,L. Elmhurst,Female,28,White,None,Not Admitted,8,50
401-21-8466,18-04-2023,06:05:00,M. Shimuk,Female,10,White,None,Not Admitted,8,43
388-23-8484,09-06-2024,03:18:00,R. Meneely,Female,36,White,None,Not Admitted,8,16
821-88-9428,17-05-2024,12:25:00,R. Cockhill,Female,3,White,None,Not Admitted,8,46
546-51-7389,28-08-2024,02:25:00,S. Grevile,Female,56,White,None,Not Admitted,8,33
814-67-6519,06-01-2024,01:44:00,U. Rosenhaupt,Female,46,White,None,Not Admitted,8,10
328-39-9275,02-10-2023,10:02:00,U. Birkbeck,Female,48,White,None,Not Admitted,8,26
309-47-2018,20-12-2023,13:44:00,V. Delahunt,Female,35,White,None,Not Admitted,8,44
373-97-5103,18-04-2024,06:20:00,W. Lunnon,Female,66,White,None,Not Admitted,8,25
639-29-8268,27-08-2024,14:37:00,Z. Rous,Female,74,White,None,Not Admitted,8,27
791-06-9701,31-05-2023,02:51:00,Z. Lunney,Female,73,White,None,Not Admitted,8,34
230-34-4538,26-04-2023,21:37:00,C. Costi,Female,17,White,None,Not Admitted,9,37
787-02-2075,01-03-2024,11:45:00,D. Bartalin,Female,31,White,None,Not Admitted,9,25
669-25-6650,27-04-2023,15:40:00,E. Wilks,Female,65,White,None,Not Admitted,9,39
803-56-3133,17-05-2024,19:16:00,E. Lynd,Female,22,White,None,Not Admitted,9,43
895-09-2744,01-07-2024,10:13:00,J. Wickens,Female,49,White,None,Not Admitted,9,38
342-05-6538,04-09-2023,05:25:00,P. Clandillon,Female,66,White,None,Not Admitted,9,33
340-55-3895,28-08-2023,21:56:00,Q. Chandlar,Female,62,White,None,Not Admitted,10,56
639-02-4514,11-10-2023,02:51:00,R. Jobbins,Female,27,White,None,Not Admitted,10,60
335-70-9921,16-10-2024,23:01:00,B. Quinby,Female,76,White,Orthopedics,Not Admitted,,56
334-83-4102,27-03-2024,10:01:00,C. Pordall,Female,16,White,Orthopedics,Not Admitted,,39
857-74-9716,29-07-2024,18:50:00,C. Brownill,Female,28,White,Orthopedics,Not Admitted,,40
159-86-5469,06-07-2023,23:28:00,C. Magrane,Female,18,White,Orthopedics,Not Admitted,,41
267-78-0835,17-04-2023,12:26:00,D. Wellan,Female,51,White,Orthopedics,Not Admitted,,11
515-35-7484,26-09-2024,01:10:00,E. Kensley,Female,2,White,Orthopedics,Not Admitted,,14
491-79-2938,24-10-2024,06:16:00,E. Courage,Female,15,White,Orthopedics,Not Admitted,,30
237-73-3094,09-07-2023,20:27:00,F. Kelsall,Female,15,White,Orthopedics,Not Admitted,,19
851-08-1351,10-11-2023,23:07:00,F. Innott,Female,78,White,Orthopedics,Not Admitted,,26
342-05-3969,21-07-2024,12:51:00,G. Sinnott,Female,16,White,Orthopedics,Not Admitted,,36
260-96-0945,16-12-2023,04:32:00,G. Feehily,Female,37,White,Orthopedics,Not Admitted,,49
622-23-4523,08-06-2024,20:56:00,H. Rizzillo,Female,36,White,Orthopedics,Not Admitted,,19
118-89-9281,24-06-2023,15:14:00,H. Ritter,Female,35,White,Orthopedics,Not Admitted,,38
307-49-7871,18-11-2023,03:00:00,K. Rimour,Female,66,White,Orthopedics,Not Admitted,,59
632-49-6543,21-07-2024,00:52:00,L. Pagel,Female,28,White,Orthopedics,Not Admitted,,10
317-64-6528,26-10-2023,19:32:00,M. Krug,Female,14,White,Orthopedics,Not Admitted,,39
737-03-7902,06-09-2024,17:40:00,M. Stanion,Female,20,White,Orthopedics,Not Admitted,,55
167-38-8507,09-07-2023,07:26:00,M. Carlow,Female,39,White,Orthopedics,Not Admitted,,55
307-77-2768,29-06-2023,08:19:00,N. Hubbard,Female,57,White,Orthopedics,Not Admitted,,15
681-87-8647,03-08-2023,14:42:00,N. Edens,Female,70,White,Orthopedics,Not Admitted,,19
824-26-7312,14-06-2024,09:46:00,N. Siuda,Female,16,White,Orthopedics,Not Admitted,,48
795-20-4901,03-10-2024,21:50:00,N. Glossup,Female,67,White,Orthopedics,Not Admitted,,53
102-21-5953,14-08-2024,06:20:00,O. Annett,Female,49,White,Orthopedics,Not Admitted,,11
236-97-7586,27-06-2024,12:17:00,P. De la Zenne,Female,4,White,Orthopedics,Not Admitted,,13
357-89-2203,03-06-2024,23:06:00,Q. McGonigal,Female,56,White,Orthopedics,Not Admitted,,40
255-92-6340,29-06-2023,08:32:00,Q. Isitt,Female,12,White,Orthopedics,Not Admitted,,48
614-30-7245,03-08-2024,18:41:00,S. Blinder,Female,6,White,Orthopedics,Not Admitted,,24
773-37-3969,02-05-2024,21:04:00,S. Gagie,Female,51,White,Orthopedics,Not Admitted,,42
270-14-4609,08-04-2023,01:14:00,T. Eldred,Female,3,White,Orthopedics,Not Admitted,,32
514-12-0922,10-05-2024,22:06:00,U. Traite,Female,19,White,Orthopedics,Not Admitted,,28
646-89-4565,03-07-2023,15:05:00,U. Claringbold,Female,48,White,Orthopedics,Not Admitted,,35
449-83-1904,23-01-2024,09:26:00,U. Bisacre,Female,29,White,Orthopedics,Not Admitted,,37
388-50-1748,07-07-2023,01:40:00,U. Candy,Female,73,White,Orthopedics,Not Admitted,,42
560-55-4242,09-08-2023,18:09:00,W. Simonassi,Female,49,White,Orthopedics,Not Admitted,,20
690-47-2962,20-11-2023,06:21:00,W. Damiata,Female,46,White,Orthopedics,Not Admitted,,21
740-44-2216,13-12-2023,18:10:00,W. Giovannacci,Female,21,White,Orthopedics,Not Admitted,,34
869-40-4882,01-04-2024,10:24:00,W. Strover,Female,56,White,Orthopedics,Not Admitted,,43
592-85-9953,01-11-2023,07:17:00,W. Phidgin,Female,38,White,Orthopedics,Not Admitted,,52
713-55-4167,24-10-2024,07:25:00,X. Somerscales,Female,52,White,Orthopedics,Not Admitted,,23
334-62-9552,13-06-2024,16:50:00,X. Butterick,Female,54,White,Orthopedics,Not Admitted,,25
512-75-1926,29-11-2023,04:57:00,Y. Davidowich,Female,45,White,Orthopedics,Not Admitted,,29
535-70-6724,11-10-2023,10:49:00,Y. Everett,Female,11,White,Orthopedics,Not Admitted,,32
508-17-5890,12-07-2023,03:20:00,Y. Jouaneton,Female,40,White,Orthopedics,Not Admitted,,39
528-14-9097,05-06-2023,05:03:00,Y. Minchinden,Female,9,White,Orthopedics,Not Admitted,,49
825-01-3965,17-11-2023,19:44:00,Z. Rumke,Female,75,White,Orthopedics,Not Admitted,,17
188-24-3805,31-03-2024,00:02:00,Z. Bourdis,Female,43,White,Orthopedics,Not Admitted,,32
191-85-0502,26-07-2023,11:08:00,Z. Curror,Female,49,White,Orthopedics,Not Admitted,,42
664-02-2390,16-09-2024,16:47:00,Q. Buddle,Female,62,White,Orthopedics,Not Admitted,0,25
608-66-3521,12-06-2024,00:01:00,A. Coldbathe,Female,29,White,Orthopedics,Not Admitted,1,25
876-71-2417,11-06-2023,09:01:00,B. Gladebeck,Female,6,White,Orthopedics,Not Admitted,2,56
426-07-4984,04-01-2024,03:29:00,I. Deluca,Female,11,White,Orthopedics,Not Admitted,4,42
142-27-8439,05-05-2024,14:23:00,E. Braam,Female,4,White,Orthopedics,Not Admitted,5,24
819-28-2751,06-11-2023,05:41:00,D. Malkin,Female,64,White,Orthopedics,Not Admitted,6,41
185-45-4039,08-08-2024,21:48:00,I. Palphreyman,Female,28,White,Orthopedics,Not Admitted,6,12
580-12-9421,07-03-2024,03:34:00,F. Aicken,Female,57,White,Orthopedics,Not Admitted,7,22
183-64-9809,06-07-2023,17:30:00,U. Zanelli,Female,58,White,Orthopedics,Not Admitted,7,18
800-81-9945,04-04-2024,23:04:00,Z. Ridewood,Female,22,White,Orthopedics,Not Admitted,7,53
733-21-0718,11-12-2023,20:17:00,E. McLoney,Female,61,White,Orthopedics,Not Admitted,8,13
634-36-6673,05-04-2023,18:31:00,Q. O'Hegertie,Female,61,White,Orthopedics,Not Admitted,9,18
724-59-7143,04-10-2024,02:11:00,V. Trewhella,Female,24,White,Orthopedics,Not Admitted,10,31
580-44-0953,21-02-2024,20:56:00,A. Braizier,Female,62,White,Physiotherapy,Not Admitted,,47
719-22-6541,09-02-2024,10:35:00,B. Little,Female,23,White,Physiotherapy,Not Admitted,,59
869-11-9024,25-07-2024,00:45:00,C. Trebbett,Female,67,White,Physiotherapy,Not Admitted,,15
309-02-2959,02-05-2024,15:23:00,D. Titherington,Female,43,White,Physiotherapy,Not Admitted,,31
208-31-6331,21-06-2023,00:03:00,E. Boffey,Female,57,White,Physiotherapy,Not Admitted,,59
140-58-6732,19-05-2023,11:26:00,M. Freake,Female,46,White,Physiotherapy,Not Admitted,,45
816-72-0393,03-03-2024,09:43:00,N. Tohill,Female,78,White,Physiotherapy,Not Admitted,,30
468-10-3284,28-05-2023,10:18:00,P. Trainor,Female,57,White,Physiotherapy,Not Admitted,,19
880-24-0836,30-05-2023,02:40:00,P. Wais,Female,19,White,Physiotherapy,Not Admitted,,26
730-96-4481,08-01-2024,05:30:00,R. Eede,Female,54,White,Physiotherapy,Not Admitted,,59
321-64-7625,28-08-2024,03:05:00,X. McLanachan,Female,67,White,Physiotherapy,Not Admitted,,56
105-78-1308,25-10-2023,13:11:00,Y. McConville,Female,36,White,Physiotherapy,Not Admitted,,30
289-63-4913,26-10-2024,23:54:00,Z. Sherwill,Female,45,White,Physiotherapy,Not Admitted,,31
299-35-4987,14-08-2023,07:35:00,X. Middlemiss,Female,58,White,Physiotherapy,Not Admitted,8,49
663-10-0081,20-08-2024,09:08:00,K. Landell,Female,50,White,Renal,Not Admitted,,35
230-43-0881,26-10-2023,02:23:00,T. Hunte,Female,65,White,Renal,Not Admitted,,15
324-71-0403,07-04-2023,11:58:00,T. D'Oyly,Female,68,White,Renal,Not Admitted,,51
319-09-5768,02-05-2023,14:34:00,W. Ianetti,Female,39,White,Renal,Not Admitted,,15
895-84-8091,02-04-2024,16:03:00,V. Staniforth,Female,27,White,Renal,Not Admitted,0,17
659-19-0626,16-05-2023,05:13:00,B. Deverose,Female,63,White,Renal,Not Admitted,7,49
774-31-5026,09-10-2024,15:07:00,Y. Sugars,Female,27,White,Renal,Not Admitted,10,28
535-83-6651,13-05-2023,14:01:00,G. Ariss,Male,59,African American,Cardiology,Not Admitted,,54
429-95-4610,11-11-2023,14:53:00,H. Knowlys,Male,14,African American,Cardiology,Not Admitted,,22
390-93-3319,04-04-2023,07:34:00,K. Glendenning,Male,73,African American,Cardiology,Not Admitted,,25
295-23-8004,27-08-2023,20:57:00,L. Lung,Male,24,African American,Cardiology,Not Admitted,,30
515-02-5699,02-08-2023,14:50:00,M. Ashdown,Male,14,African American,Cardiology,Not Admitted,,58
321-06-1856,03-04-2023,15:44:00,O. McEnteggart,Male,57,African American,Cardiology,Not Admitted,,31
494-94-0828,08-02-2024,03:09:00,P. Jurczak,Male,15,African American,Cardiology,Not Admitted,,50
536-23-6460,08-09-2024,03:54:00,S. Pulley,Male,58,African American,Cardiology,Not Admitted,,17
524-28-5350,16-07-2023,18:54:00,V. Shalcros,Male,51,African American,Cardiology,Not Admitted,,60
844-70-3132,23-05-2024,09:40:00,X. Clench,Male,30,African American,Cardiology,Not Admitted,,50
806-40-9445,05-08-2023,04:36:00,X. Nias,Male,70,African American,Cardiology,Not Admitted,,55
880-77-9403,19-06-2023,08:26:00,W. Benbrick,Male,3,African American,Cardiology,Not Admitted,0,59
596-01-0068,11-12-2023,00:00:00,E. Brazener,Male,60,African American,Cardiology,Not Admitted,4,58
701-66-0377,20-11-2023,21:52:00,U. Franken,Male,36,African American,Cardiology,Not Admitted,10,48
255-94-5207,26-06-2023,08:17:00,C. Adamkiewicz,Male,65,African American,Gastroenterology,Not Admitted,,44
238-35-0465,27-10-2023,06:46:00,P. Saltwell,Male,50,African American,Gastroenterology,Not Admitted,,59
369-81-8304,03-04-2024,10:23:00,U. Nollet,Male,49,African American,Gastroenterology,Not Admitted,,47
224-37-3281,11-07-2024,22:36:00,W. Lacotte,Male,18,African American,Gastroenterology,Not Admitted,,37
526-60-6600,30-11-2023,02:38:00,Z. Meharg,Male,36,African American,Gastroenterology,Not Admitted,,21
288-52-5096,09-07-2024,12:47:00,X. Ginty,Male,49,African American,Gastroenterology,Not Admitted,2,50
102-24-8249,01-03-2024,16:52:00,A. Staples,Male,2,African American,General Practice,Not Admitted,,27
675-21-7410,24-09-2024,09:04:00,A. Penswick,Male,50,African American,General Practice,Not Admitted,,30
452-17-9747,07-08-2024,04:09:00,A. Locks,Male,69,African American,General Practice,Not Admitted,,32
833-73-2750,02-11-2023,16:28:00,A. Eisold,Male,58,African American,General Practice,Not Admitted,,44
858-29-9077,03-01-2024,08:45:00,B. Puddicombe,Male,53,African American,General Practice,Not Admitted,,35
391-41-7192,14-09-2024,23:43:00,B. Roistone,Male,16,African American,General Practice,Not Admitted,,43
418-93-2750,10-05-2024,06:24:00,C. Puttrell,Male,16,African American,General Practice,Not Admitted,,26
333-16-9345,13-01-2024,00:27:00,C. Hayball,Male,62,African American,General Practice,Not Admitted,,50
729-50-4417,18-09-2023,03:39:00,C. Yantsev,Male,3,African American,General Practice,Not Admitted,,51
728-14-0562,07-09-2023,03:24:00,C. Shevlane,Male,74,African American,General Practice,Not Admitted,,55
899-89-7946,11-08-2023,06:18:00,C. Bocke,Male,62,African American,General Practice,Not Admitted,,59
649-17-7342,05-10-2023,04:08:00,D. Klossmann,Male,13,African American,General Practice,Not Admitted,,42
536-62-3509,10-03-2024,06:32:00,E. Pyecroft,Male,78,African American,General Practice,Not Admitted,,11
814-09-6431,11-04-2023,13:15:00,F. Barstock,Male,67,African American,General Practice,Not Admitted,,11
354-24-0826,30-04-2024,06:54:00,F. Demann,Male,70,African American,General Practice,Not Admitted,,25
459-37-0971,23-02-2024,19:22:00,F. Minmagh,Male,25,African American,General Practice,Not Admitted,,57
340-56-4663,04-02-2024,16:23:00,F. Vigneron,Male,49,African American,General Practice,Not Admitted,,57
300-02-0984,19-06-2023,00:54:00,G. Hatto,Male,42,African American,General Practice,Not Admitted,,33
519-40-0307,24-08-2023,19:27:00,G. Caddies,Male,13,African American,General Practice,Not Admitted,,54
291-55-1551,30-09-2024,21:47:00,H. Swinford,Male,27,African American,General Practice,Not Admitted,,43
300-84-9983,21-10-2024,17:34:00,H. Gaiford,Male,72,African American,General Practice,Not Admitted,,44
642-77-7413,18-06-2024,22:55:00,H. Hanster,Male,42,African American,General Practice,Not Admitted,,59
184-06-3568,02-01-2024,22:31:00,I. Boyford,Male,30,African American,General Practice,Not Admitted,,12
143-66-9743,28-02-2024,20:45:00,I. Epgrave,Male,4,African American,General Practice,Not Admitted,,31
683-47-8284,15-07-2024,10:18:00,I. Todhunter,Male,79,African American,General Practice,Not Admitted,,31
723-73-7614,15-10-2023,17:29:00,I. Kennedy,Male,28,African American,General Practice,Not Admitted,,32
134-90-6858,07-08-2023,18:59:00,J. Emby,Male,11,African American,General Practice,Not Admitted,,26
723-15-3645,31-07-2024,20:52:00,J. Franceschino,Male,53,African American,General Practice,Not Admitted,,46
199-30-3238,18-11-2023,01:23:00,J. Buie,Male,15,African American,General Practice,Not Admitted,,52
369-70-1222,12-11-2023,11:16:00,L. Radmore,Male,27,African American,General Practice,Not Admitted,,30
326-56-9254,09-12-2023,03:49:00,L. Norssister,Male,22,African American,General Practice,Not Admitted,,40
459-89-1735,03-05-2023,05:33:00,L. Cattell,Male,55,African American,General Practice,Not Admitted,,58
223-22-4801,06-07-2023,01:32:00,M. Runsey,Male,46,African American,General Practice,Not Admitted,,10
456-11-4142,12-04-2024,02:27:00,N. Tretwell,Male,28,African American,General Practice,Not Admitted,,13
275-12-2439,13-05-2023,04:54:00,N. Stimson,Male,1,African American,General Practice,Not Admitted,,39
797-73-7347,28-07-2023,21:04:00,N. Pieter,Male,39,African American,General Practice,Not Admitted,,40
498-67-1104,23-01-2024,22:05:00,N. Brettel,Male,56,African American,General Practice,Not Admitted,,43
337-21-5947,15-09-2023,13:39:00,N. Atwood,Male,38,African American,General Practice,Not Admitted,,52
658-55-7464,11-03-2024,10:58:00,O. Sainte Paul,Male,26,African American,General Practice,Not Admitted,,22
311-92-5519,24-10-2023,08:48:00,O. Overell,Male,53,African American,General Practice,Not Admitted,,26
285-46-6711,28-06-2024,23:39:00,O. Stemson,Male,43,African American,General Practice,Not Admitted,,43
645-31-7078,10-05-2023,11:14:00,O. Dominique,Male,61,African American,General Practice,Not Admitted,,59
567-48-5176,06-09-2024,11:57:00,O. Menaul,Male,38,African American,General Practice,Not Admitted,,60
255-38-4437,28-09-2024,02:47:00,P. Puttan,Male,33,African American,General Practice,Not Admitted,,27
676-47-0405,26-04-2024,21:26:00,R. Gianilli,Male,5,African American,General Practice,Not Admitted,,41
644-24-9754,10-03-2024,14:46:00,S. Pattinson,Male,61,African American,General Practice,Not Admitted,,58
377-85-6911,23-01-2024,07:52:00,T. Sellars,Male,40,African American,General Practice,Not Admitted,,23
882-89-0493,17-07-2023,19:09:00,T. Sybry,Male,47,African American,General Practice,Not Admitted,,43
678-30-9293,19-05-2024,07:37:00,U. Gulleford,Male,29,African American,General Practice,Not Admitted,,43
690-72-7531,23-08-2024,02:15:00,U. Brockest,Male,43,African American,General Practice,Not Admitted,,44
288-58-9865,11-03-2024,16:09:00,U. Hawkin,Male,59,African American,General Practice,Not Admitted,,51
294-39-3862,07-05-2024,12:17:00,V. Matyashev,Male,22,African American,General Practice,Not Admitted,,13
220-05-7403,16-09-2023,05:00:00,V. Perocci,Male,52,African American,General Practice,Not Admitted,,23
821-46-1915,15-04-2024,12:42:00,V. Howett,Male,61,African American,General Practice,Not Admitted,,46
411-92-7835,18-03-2024,20:03:00,W. McDugal,Male,19,African American,General Practice,Not Admitted,,15
527-62-7143,02-10-2023,14:27:00,W. Giffkins,Male,4,African American,General Practice,Not Admitted,,41
863-02-6812,02-06-2023,06:17:00,X. Housego,Male,70,African American,General Practice,Not Admitted,,25
486-69-4084,02-10-2024,17:57:00,X. Dussy,Male,1,African American,General Practice,Not Admitted,,49
243-30-4158,28-02-2024,12:22:00,X. Jeffryes,Male,66,African American,General Practice,Not Admitted,,49
507-30-6087,25-08-2024,18:20:00,Y. Kinforth,Male,8,African American,General Practice,Not Admitted,,12
542-78-1121,25-08-2023,04:52:00,Y. Camacke,Male,18,African American,General Practice,Not Admitted,,42
333-84-5832,27-06-2023,00:49:00,Y. Morison,Male,71,African American,General Practice,Not Admitted,,42
885-75-2052,29-11-2023,13:28:00,Y. Zoppie,Male,32,African American,General Practice,Not Admitted,,48
556-53-6518,02-04-2024,20:14:00,Z. Dishmon,Male,54,African American,General Practice,Not Admitted,,43
336-91-0183,18-09-2024,09:41:00,Z. Clapp,Male,50,African American,General Practice,Not Admitted,,46
276-52-8357,10-11-2023,05:01:00,M. Quinsee,Male,15,African American,General Practice,Not Admitted,0,53
377-24-0858,16-03-2024,10:07:00,X. Sayles,Male,78,African American,General Practice,Not Admitted,0,57
247-36-8636,24-03-2024,04:26:00,T. Klich,Male,71,African American,General Practice,Not Admitted,1,31
706-72-9405,19-07-2023,23:44:00,W. Tuckerman,Male,32,African American,General Practice,Not Admitted,1,46
580-60-8042,22-05-2023,11:44:00,H. Fairtlough,Male,14,African American,General Practice,Not Admitted,2,21
352-21-9569,23-12-2023,09:19:00,H. Linney,Male,44,African American,General Practice,Not Admitted,3,58
456-44-1674,02-11-2023,04:33:00,J. Benyon,Male,50,African American,General Practice,Not Admitted,3,16
179-15-5492,30-05-2024,03:15:00,Q. Shipsey,Male,13,African American,General Practice,Not Admitted,3,40
819-74-3706,09-04-2024,10:42:00,P. Emmett,Male,68,African American,General Practice,Not Admitted,4,43
390-36-3570,12-02-2024,08:53:00,Q. Groomebridge,Male,79,African American,General Practice,Not Admitted,5,31
651-58-3998,29-05-2024,16:52:00,S. Methuen,Male,73,African American,General Practice,Not Admitted,5,50
682-49-1467,29-10-2023,05:09:00,Z. Christofol,Male,46,African American,General Practice,Not Admitted,5,54
616-32-3050,29-12-2023,23:47:00,H. Lowe,Male,19,African American,General Practice,Not Admitted,6,40
121-90-9321,31-10-2023,17:58:00,J. Innett,Male,61,African American,General Practice,Not Admitted,6,36
665-62-7161,09-06-2023,19:52:00,J. Thirlaway,Male,29,African American,General Practice,Not Admitted,7,51
781-97-5522,07-07-2023,13:06:00,Z. Kilgour,Male,24,African American,General Practice,Not Admitted,7,40
336-02-6807,18-09-2024,13:53:00,O. Kleen,Male,12,African American,General Practice,Not Admitted,8,52
181-02-4908,13-02-2024,12:35:00,O. Wakelin,Male,74,African American,General Practice,Not Admitted,8,53
207-33-7470,11-09-2023,04:07:00,Z. Gayforth,Male,44,African American,General Practice,Not Admitted,8,34
864-13-4043,14-02-2024,14:15:00,Q. Lyngsted,Male,37,African American,General Practice,Not Admitted,9,43
436-07-6332,27-07-2024,15:31:00,C. Ferrero,Male,64,African American,General Practice,Not Admitted,10,18
306-67-0589,22-11-2023,15:14:00,R. Stuther,Male,48,African American,General Practice,Not Admitted,10,48
293-62-8125,13-09-2024,22:26:00,A. Jordon,Male,47,African American,Neurology,Not Admitted,,59
185-95-8729,03-05-2024,17:57:00,B. Tayloe,Male,69,African American,Neurology,Not Admitted,,57
132-83-6895,09-06-2024,01:44:00,E. Wickes,Male,67,African American,Neurology,Not Admitted,,20
442-19-9879,11-09-2023,16:31:00,I. Summergill,Male,78,African American,Neurology,Not Admitted,,20
175-69-9432,12-08-2024,09:55:00,M. Coultass,Male,78,African American,Neurology,Not Admitted,,41
659-87-6427,20-10-2023,21:26:00,M. Cankett,Male,9,African American,Neurology,Not Admitted,,55
242-14-9128,15-10-2023,16:20:00,S. Samuel,Male,25,African American,Neurology,Not Admitted,,11
899-98-2466,13-06-2024,18:09:00,V. Rodinger,Male,65,African American,Neurology,Not Admitted,,32
717-75-6312,12-08-2023,14:40:00,Z. Spohrmann,Male,55,African American,Neurology,Not Admitted,2,45
483-81-4980,03-01-2024,02:36:00,K. Leabeater,Male,12,African American,Neurology,Not Admitted,4,52
382-45-2464,10-07-2023,04:44:00,A. Ewen,Male,48,African American,None,Not Admitted,,11
408-16-6050,08-06-2024,00:05:00,A. Kyle,Male,62,African American,None,Not Admitted,,12
722-10-2750,19-09-2023,22:15:00,A. Oldroyd,Male,37,African American,None,Not Admitted,,14
369-32-9854,25-08-2023,11:26:00,A. Rohlf,Male,56,African American,None,Not Admitted,,18
102-85-6993,24-03-2024,16:02:00,A. McCumskay,Male,67,African American,None,Not Admitted,,30
453-45-2632,25-10-2024,02:35:00,A. Crich,Male,60,African American,None,Not Admitted,,34
716-71-0779,20-04-2024,11:24:00,A. Collabine,Male,55,African American,None,Not Admitted,,56
772-14-1187,13-11-2023,06:58:00,B. Riccelli,Male,54,African American,None,Not Admitted,,11
685-97-5055,20-06-2023,05:57:00,B. Baldoni,Male,61,African American,None,Not Admitted,,13
446-50-4248,31-05-2024,08:48:00,B. Bricket,Male,28,African American,None,Not Admitted,,17
181-64-2880,28-10-2023,23:40:00,B. Sever,Male,67,African American,None,Not Admitted,,20
555-65-1219,01-05-2023,10:36:00,B. Gammell,Male,45,African American,None,Not Admitted,,29
103-34-3477,18-04-2024,22:54:00,B. Meanwell,Male,25,African American,None,Not Admitted,,34
198-78-1461,03-09-2024,14:06:00,B. Gravey,Male,7,African American,None,Not Admitted,,45
254-96-4021,19-11-2023,09:39:00,C. Jacobsson,Male,52,African American,None,Not Admitted,,13
277-10-3005,19-08-2023,09:10:00,C. Bartolomieu,Male,65,African American,None,Not Admitted,,13
230-18-7731,19-04-2023,09:34:00,C. Knoller,Male,17,African American,None,Not Admitted,,23
783-31-0633,11-10-2023,07:57:00,C. Ughini,Male,74,African American,None,Not Admitted,,42
756-39-1456,19-10-2024,08:58:00,C. Nanson,Male,58,African American,None,Not Admitted,,49
436-09-6143,09-04-2023,11:09:00,C. Tawn,Male,63,African American,None,Not Admitted,,51
250-94-3465,23-06-2024,14:05:00,C. Echlin,Male,31,African American,None,Not Admitted,,60
446-18-0337,30-05-2024,01:46:00,D. Scotson,Male,3,African American,None,Not Admitted,,14
455-96-8404,29-08-2023,22:35:00,D. Avramovich,Male,73,African American,None,Not Admitted,,22
888-68-1783,12-08-2023,00:19:00,D. Heskey,Male,43,African American,None,Not Admitted,,39
637-45-8303,02-06-2024,15:29:00,D. Engledow,Male,23,African American,None,Not Admitted,,48
605-08-3714,28-09-2024,02:01:00,E. Ripley,Male,45,African American,None,Not Admitted,,10
395-56-6604,30-01-2024,04:25:00,E. Gamett,Male,53,African American,None,Not Admitted,,11
272-94-7142,06-07-2024,03:43:00,E. Churms,Male,2,African American,None,Not Admitted,,17
411-75-6910,22-11-2023,09:30:00,E. Johnsey,Male,65,African American,None,Not Admitted,,18
800-16-9268,11-05-2024,23:51:00,E. Coulthard,Male,68,African American,None,Not Admitted,,24
198-62-3897,28-09-2024,11:01:00,E. Clifforth,Male,50,African American,None,Not Admitted,,27
103-04-9687,23-12-2023,14:33:00,E. Finby,Male,48,African American,None,Not Admitted,,29
381-22-6530,02-07-2024,05:43:00,E. Ateridge,Male,75,African American,None,Not Admitted,,32
425-76-5422,11-08-2024,12:01:00,E. Knell,Male,55,African American,None,Not Admitted,,33
111-53-3748,18-08-2024,23:17:00,E. Somerset,Male,2,African American,None,Not Admitted,,35
174-52-2854,18-04-2023,16:05:00,E. Rowcastle,Male,11,African American,None,Not Admitted,,35
454-34-9403,15-05-2024,13:27:00,E. Presidey,Male,65,African American,None,Not Admitted,,36
376-36-7341,10-01-2024,16:25:00,F. Gore,Male,25,African American,None,Not Admitted,,21
518-17-6328,26-04-2024,00:06:00,F. Forster,Male,58,African American,None,Not Admitted,,23
238-94-8308,10-05-2023,17:39:00,F. Ricart,Male,40,African American,None,Not Admitted,,30
806-98-7631,11-07-2024,20:05:00,F. Harbord,Male,62,African American,None,Not Admitted,,34
308-24-5685,15-07-2023,03:21:00,F. Wastall,Male,6,African American,None,Not Admitted,,35
350-72-3131,10-06-2023,06:45:00,F. Crutchley,Male,22,African American,None,Not Admitted,,41
465-11-1514,17-08-2023,09:45:00,F. Tame,Male,50,African American,None,Not Admitted,,56
425-31-1479,19-10-2024,06:17:00,G. Scogings,Male,5,African American,None,Not Admitted,,11
584-57-3044,14-05-2023,05:49:00,G. Chiplin,Male,35,African American,None,Not Admitted,,17
849-76-4601,10-07-2024,06:41:00,G. MacUchadair,Male,5,African American,None,Not Admitted,,21
491-12-1945,11-06-2023,19:09:00,G. Hentzeler,Male,24,African American,None,Not Admitted,,30
610-20-5197,16-01-2024,05:52:00,G. McCotter,Male,54,African American,None,Not Admitted,,30
895-94-4956,19-10-2024,03:24:00,G. McEntagart,Male,77,African American,None,Not Admitted,,50
440-75-5817,29-12-2023,22:38:00,G. Clever,Male,37,African American,None,Not Admitted,,55
769-69-5025,09-02-2024,01:00:00,G. Vossing,Male,47,African American,None,Not Admitted,,56
642-26-9810,03-08-2024,12:55:00,G. Mellodey,Male,35,African American,None,Not Admitted,,58
711-74-2032,05-09-2024,07:26:00,G. Carruth,Male,76,African American,None,Not Admitted,,58
842-87-0322,10-09-2024,07:42:00,H. Martindale,Male,76,African American,None,Not Admitted,,36
859-81-4141,31-07-2024,20:56:00,H. Metham,Male,78,African American,None,Not Admitted,,40
325-70-7368,15-08-2023,01:46:00,I. Bucknill,Male,25,African American,None,Not Admitted,,24
877-48-1758,06-11-2023,18:03:00,I. Smedmoor,Male,30,African American,None,Not Admitted,,25
802-39-9719,29-09-2023,06:37:00,I. Muzzi,Male,40,African American,None,Not Admitted,,29
453-26-5597,11-09-2024,11:41:00,I. Bertholin,Male,44,African American,None,Not Admitted,,44
519-51-4443,30-01-2024,04:45:00,I. Kerss,Male,67,African American,None,Not Admitted,,44
769-87-9911,12-10-2024,13:55:00,I. Crusham,Male,11,African American,None,Not Admitted,,47
877-95-1315,20-03-2024,09:51:00,I. Cassidy,Male,59,African American,None,Not Admitted,,48
711-70-7397,23-05-2023,07:12:00,I. Plant,Male,74,African American,None,Not Admitted,,53
395-89-7021,27-11-2023,08:35:00,I. Kondratowicz,Male,67,African American,None,Not Admitted,,57
438-94-1614,24-12-2023,19:47:00,J. Tarn,Male,29,African American,None,Not Admitted,,11
776-93-8725,19-09-2024,17:14:00,J. Ruegg,Male,75,African American,None,Not Admitted,,13
105-08-6438,15-04-2023,09:44:00,J. Baumer,Male,2,African American,None,Not Admitted,,27
355-69-4576,19-10-2023,23:23:00,J. Gehrts,Male,27,African American,None,Not Admitted,,28
105-85-2242,27-03-2024,19:45:00,J. Enos,Male,27,African American,None,Not Admitted,,33
207-09-3254,11-08-2024,23:24:00,J. Chatel,Male,61,African American,None,Not Admitted,,45
420-71-6756,25-02-2024,04:27:00,J. Thomsson,Male,65,African American,None,Not Admitted,,54
873-06-1299,20-08-2023,21:24:00,J. Diddams,Male,73,African American,None,Not Admitted,,58
160-10-6189,06-05-2023,15:04:00,J. Mico,Male,29,African American,None,Not Admitted,,60
563-74-9045,16-07-2023,01:43:00,K. Sambedge,Male,1,African American,None,Not Admitted,,14
717-12-1341,11-05-2024,01:36:00,K. Pywell,Male,46,African American,None,Not Admitted,,17
644-78-8816,26-05-2023,05:42:00,K. Daborne,Male,36,African American,None,Not Admitted,,24
425-31-8542,05-05-2024,21:48:00,K. Louedey,Male,72,African American,None,Not Admitted,,39
174-30-8230,20-06-2024,08:24:00,K. Snellman,Male,45,African American,None,Not Admitted,,40
341-94-7840,17-03-2024,10:03:00,K. Werrit,Male,38,African American,None,Not Admitted,,42
851-89-9617,28-10-2023,01:27:00,K. Petheridge,Male,31,African American,None,Not Admitted,,47
509-61-3723,22-04-2024,08:27:00,K. Huitt,Male,41,African American,None,Not Admitted,,48
561-21-7158,08-02-2024,16:44:00,L. Jacobsson,Male,66,African American,None,Not Admitted,,15
177-33-0238,17-07-2023,03:25:00,L. Francescotti,Male,50,African American,None,Not Admitted,,27
177-90-0569,04-10-2024,22:30:00,L. Oswald,Male,21,African American,None,Not Admitted,,28
141-86-2089,04-04-2024,08:32:00,L. Dilgarno,Male,24,African American,None,Not Admitted,,29
303-99-1624,08-07-2024,12:13:00,L. Matschek,Male,66,African American,None,Not Admitted,,43
701-63-6274,10-09-2023,11:37:00,L. Vickers,Male,1,African American,None,Not Admitted,,52
410-77-6549,26-06-2023,22:27:00,M. Kimblen,Male,18,African American,None,Not Admitted,,17
790-43-2241,03-04-2024,21:55:00,M. Nunn,Male,37,African American,None,Not Admitted,,20
543-91-7241,24-11-2023,19:00:00,M. Maslin,Male,14,African American,None,Not Admitted,,22
392-57-1593,01-01-2024,15:19:00,M. Mantz,Male,8,African American,None,Not Admitted,,23
426-38-4934,11-12-2023,03:02:00,M. Leander,Male,59,African American,None,Not Admitted,,33
489-02-8869,04-08-2023,02:24:00,M. Samme,Male,62,African American,None,Not Admitted,,34
675-93-4085,02-08-2023,15:29:00,M. Edney,Male,67,African American,None,Not Admitted,,34
151-56-8440,29-01-2024,16:45:00,M. Martusewicz,Male,36,African American,None,Not Admitted,,36
637-94-6670,03-07-2024,12:51:00,M. Rozalski,Male,68,African American,None,Not Admitted,,44
372-64-7580,12-03-2024,11:35:00,M. Iskow,Male,55,African American,None,Not Admitted,,45
551-07-6781,06-08-2024,07:39:00,M. Paulisch,Male,14,African American,None,Not Admitted,,51
647-42-9843,15-09-2024,21:49:00,M. Learmond,Male,12,African American,None,Not Admitted,,55
678-72-8369,07-05-2024,00:15:00,M. Willerson,Male,32,African American,None,Not Admitted,,59
593-35-9447,16-12-2023,23:14:00,N. Gregson,Male,79,African American,None,Not Admitted,,14
601-16-0575,30-05-2023,15:01:00,N. Abramof,Male,77,African American,None,Not Admitted,,21
403-23-4583,17-08-2024,10:27:00,N. Brumfitt,Male,11,African American,None,Not Admitted,,34
236-86-6006,14-09-2024,12:45:00,N. Body,Male,43,African American,None,Not Admitted,,43
133-59-7490,11-10-2024,05:31:00,N. Hardy-Piggin,Male,58,African American,None,Not Admitted,,54
620-87-4388,22-05-2023,13:34:00,O. Killby,Male,79,African American,None,Not Admitted,,18
249-45-2143,20-10-2023,10:19:00,O. Oxbie,Male,42,African American,None,Not Admitted,,21
374-23-7586,19-05-2024,10:25:00,O. Coxhell,Male,7,African American,None,Not Admitted,,29
835-77-3003,29-08-2024,00:51:00,O. Abad,Male,72,African American,None,Not Admitted,,29
697-55-1406,16-09-2023,00:23:00,O. Graddon,Male,23,African American,None,Not Admitted,,42
252-20-2215,02-06-2024,12:38:00,O. Spain-Gower,Male,57,African American,None,Not Admitted,,43
365-31-3066,01-08-2024,03:56:00,O. Wickie,Male,22,African American,None,Not Admitted,,52
578-88-9545,10-01-2024,11:46:00,O. Seally,Male,53,African American,None,Not Admitted,,58
388-42-8354,03-04-2023,12:31:00,P. Sibbons,Male,12,African American,None,Not Admitted,,16
234-46-1768,10-07-2023,20:42:00,P. Libby,Male,4,African American,None,Not Admitted,,22
477-94-3638,04-06-2024,17:27:00,P. Salasar,Male,15,African American,None,Not Admitted,,23
469-42-8522,21-04-2024,10:39:00,P. Breed,Male,24,African American,None,Not Admitted,,28
572-52-8145,16-12-2023,14:55:00,P. Durnin,Male,31,African American,None,Not Admitted,,28
861-59-5355,28-08-2024,14:41:00,P. Poore,Male,56,African American,None,Not Admitted,,32
235-60-7765,02-09-2023,03:47:00,P. Sherville,Male,57,African American,None,Not Admitted,,32
620-60-9423,13-06-2023,13:36:00,P. Dennes,Male,39,African American,None,Not Admitted,,37
820-79-9287,29-04-2024,14:09:00,P. Dodsley,Male,30,African American,None,Not Admitted,,38
177-20-9536,16-04-2024,05:47:00,P. Casford,Male,53,African American,None,Not Admitted,,40
409-38-0348,10-04-2024,09:41:00,P. Harrie,Male,17,African American,None,Not Admitted,,48
692-25-6759,17-07-2023,00:36:00,Q. Freer,Male,38,African American,None,Not Admitted,,23
188-62-8921,03-10-2023,01:03:00,Q. Boulde,Male,20,African American,None,Not Admitted,,28
487-35-8534,01-08-2023,09:44:00,Q. Illes,Male,38,African American,None,Not Admitted,,31
541-08-9900,14-02-2024,09:38:00,Q. Brassill,Male,50,African American,None,Not Admitted,,34
362-68-6096,11-05-2023,16:41:00,Q. Sola,Male,73,African American,None,Not Admitted,,39
162-04-2630,19-12-2023,07:34:00,R. Velde,Male,9,African American,None,Not Admitted,,16
628-35-4629,16-07-2024,04:53:00,R. Fibbens,Male,55,African American,None,Not Admitted,,20
198-58-7194,18-10-2024,10:28:00,R. Ribou,Male,55,African American,None,Not Admitted,,28
793-63-1688,06-05-2023,06:59:00,R. Morison,Male,1,African American,None,Not Admitted,,39
225-69-0800,15-05-2024,12:21:00,R. Wooles,Male,56,African American,None,Not Admitted,,41
422-79-2376,12-06-2023,22:46:00,R. Guilfoyle,Male,20,African American,None,Not Admitted,,56
100-70-0071,14-01-2024,01:43:00,R. Downham,Male,38,African American,None,Not Admitted,,57
446-22-8407,16-03-2024,06:21:00,R. Draaisma,Male,39,African American,None,Not Admitted,,57
472-79-7036,23-09-2023,08:02:00,S. Okell,Male,28,African American,None,Not Admitted,,12
807-77-5028,11-10-2024,11:12:00,S. Shasnan,Male,30,African American,None,Not Admitted,,12
324-34-8824,10-09-2023,22:45:00,S. Quincey,Male,57,African American,None,Not Admitted,,34
464-11-9261,04-12-2023,00:28:00,S. Buddock,Male,11,African American,None,Not Admitted,,51
539-64-9567,05-10-2023,09:27:00,S. Zimmer,Male,51,African American,None,Not Admitted,,55
223-49-3545,07-10-2024,09:27:00,T. Joontjes,Male,22,African American,None,Not Admitted,,14
668-28-5376,25-09-2023,09:01:00,T. Milley,Male,32,African American,None,Not Admitted,,45
607-36-7676,30-04-2024,11:52:00,U. Leall,Male,10,African American,None,Not Admitted,,20
393-76-3342,08-09-2023,08:52:00,U. Wisbey,Male,63,African American,None,Not Admitted,,23
787-63-5091,30-05-2023,05:50:00,U. Haccleton,Male,2,African American,None,Not Admitted,,28
575-80-8828,13-06-2023,01:49:00,U. Shawcross,Male,59,African American,None,Not Admitted,,37
132-56-4513,16-09-2023,05:02:00,U. Stronough,Male,59,African American,None,Not Admitted,,39
317-40-2697,16-06-2023,18:00:00,U. Kells,Male,48,African American,None,Not Admitted,,43
186-14-2053,20-02-2024,05:33:00,V. Minchinden,Male,66,African American,None,Not Admitted,,20
315-55-1344,05-02-2024,03:57:00,V. Kyte,Male,46,African American,None,Not Admitted,,36
797-63-5683,03-10-2024,14:23:00,V. Gibbins,Male,3,African American,None,Not Admitted,,43
746-88-5176,05-04-2023,16:56:00,V. Carncross,Male,48,African American,None,Not Admitted,,45
528-38-1491,25-03-2024,10:45:00,V. Howat,Male,33,African American,None,Not Admitted,,47
100-17-5081,14-01-2024,19:20:00,V. Flicker,Male,67,African American,None,Not Admitted,,60
329-52-8249,03-10-2024,07:06:00,W. Snoddon,Male,73,African American,None,Not Admitted,,21
711-14-6363,28-03-2024,09:46:00,W. Merriton,Male,31,African American,None,Not Admitted,,43
586-36-0979,14-04-2023,20:47:00,W. Brugmann,Male,61,African American,None,Not Admitted,,44
512-27-6855,24-07-2023,20:42:00,W. Watting,Male,75,African American,None,Not Admitted,,46
736-65-1410,24-08-2024,00:15:00,W. Gossage,Male,34,African American,None,Not Admitted,,52
506-47-7494,23-11-2023,22:59:00,W. Weld,Male,66,African American,None,Not Admitted,,58
800-68-0100,21-09-2023,04:47:00,X. Crier,Male,51,African American,None,Not Admitted,,14
680-14-5223,16-02-2024,23:01:00,X. Delgadillo,Male,68,African American,None,Not Admitted,,19
542-26-9769,26-05-2023,11:06:00,X. Twelvetree,Male,22,African American,None,Not Admitted,,31
781-65-5758,21-02-2024,18:13:00,X. Masseo,Male,34,African American,None,Not Admitted,,39
492-55-5790,02-07-2024,18:02:00,X. Shorland,Male,25,African American,None,Not Admitted,,45
532-91-6458,27-08-2024,03:43:00,X. Slaight,Male,62,African American,None,Not Admitted,,45
860-64-2420,14-03-2024,06:50:00,X. Brandham,Male,76,African American,None,Not Admitted,,54
334-41-5934,23-06-2024,06:16:00,X. Ponte,Male,18,African American,None,Not Admitted,,58
792-91-1843,09-04-2024,12:03:00,Y. Etteridge,Male,63,African American,None,Not Admitted,,18
699-31-0809,22-10-2023,14:55:00,Y. Dumsday,Male,65,African American,None,Not Admitted,,18
350-63-4551,07-09-2023,07:05:00,Y. Vass,Male,29,African American,None,Not Admitted,,25
314-50-1618,30-03-2024,17:54:00,Y. Barhems,Male,52,African American,None,Not Admitted,,27
402-65-3498,26-04-2023,21:57:00,Y. Sharpe,Male,71,African American,None,Not Admitted,,30
387-69-1136,25-05-2024,02:36:00,Y. Juster,Male,45,African American,None,Not Admitted,,31
864-95-3743,30-01-2024,11:53:00,Y. Figiovanni,Male,14,African American,None,Not Admitted,,34
701-10-0774,14-01-2024,09:34:00,Y. De Maine,Male,2,African American,None,Not Admitted,,41
341-90-9619,17-09-2023,20:28:00,Y. Hopkyns,Male,59,African American,None,Not Admitted,,48
409-09-6299,26-08-2023,08:18:00,Y. Wyne,Male,20,African American,None,Not Admitted,,49
355-78-1256,30-06-2024,08:31:00,Y. McGettigan,Male,47,African American,None,Not Admitted,,51
360-57-7022,11-07-2023,07:20:00,Z. Reneke,Male,19,African American,None,Not Admitted,,17
337-49-3637,12-09-2024,18:52:00,Z. Dimitriades,Male,39,African American,None,Not Admitted,,19
502-37-4117,19-06-2024,01:03:00,Z. Linsey,Male,51,African American,None,Not Admitted,,22
646-76-4036,24-05-2023,00:40:00,Z. Northeast,Male,46,African American,None,Not Admitted,,44
350-37-2223,15-09-2024,12:02:00,Z. Jervois,Male,57,African American,None,Not Admitted,,45
745-95-5434,09-02-2024,21:40:00,J. Piggen,Male,26,African American,None,Not Admitted,0,49
541-90-8828,05-11-2023,14:50:00,P. Stoop,Male,44,African American,None,Not Admitted,0,27
859-60-6499,21-12-2023,11:33:00,P. Juzek,Male,10,African American,None,Not Admitted,0,30
731-69-1969,02-10-2023,10:26:00,X. Storck,Male,26,African American,None,Not Admitted,0,13
645-33-8446,28-05-2024,15:46:00,J. Early,Male,68,African American,None,Not Admitted,1,44
178-06-0072,21-08-2023,19:59:00,J. Dietsche,Male,5,African American,None,Not Admitted,1,59
319-37-4998,30-08-2023,07:47:00,S. Fewster,Male,46,African American,None,Not Admitted,1,40
248-79-5709,07-01-2024,04:49:00,S. Coryndon,Male,48,African American,None,Not Admitted,1,40
689-07-9836,05-10-2024,02:28:00,A. Latek,Male,25,African American,None,Not Admitted,2,12
727-21-8996,11-04-2024,01:21:00,F. Bulch,Male,73,African American,None,Not Admitted,2,58
522-16-8744,07-05-2023,01:06:00,M. Jedras,Male,60,African American,None,Not Admitted,2,18
260-97-5738,12-10-2023,10:27:00,T. Dullingham,Male,59,African American,None,Not Admitted,2,58
776-31-7222,17-12-2023,09:37:00,A. Golley,Male,23,African American,None,Not Admitted,3,34
448-35-2141,14-06-2023,08:33:00,C. Tamlett,Male,56,African American,None,Not Admitted,3,15
393-15-1888,17-09-2024,21:42:00,K. Silveston,Male,40,African American,None,Not Admitted,3,35
456-31-3502,21-05-2024,00:33:00,M. Dosdell,Male,44,African American,None,Not Admitted,3,58
126-41-1668,16-07-2024,12:39:00,N. Godilington,Male,22,African American,None,Not Admitted,3,59
121-30-7937,30-04-2023,04:33:00,T. Wilse,Male,71,African American,None,Not Admitted,3,24
374-94-7302,10-06-2024,00:45:00,Z. Gillogley,Male,2,African American,None,Not Admitted,3,23
275-04-7155,26-10-2024,12:48:00,J. Matzaitis,Male,43,African American,None,Not Admitted,4,23
473-53-0515,11-06-2023,23:49:00,J. Limrick,Male,31,African American,None,Not Admitted,4,42
237-68-2124,16-07-2024,15:43:00,M. Erik,Male,68,African American,None,Not Admitted,4,23
359-91-9193,28-06-2023,09:03:00,Q. Ayllett,Male,57,African American,None,Not Admitted,4,33
171-56-3657,12-06-2024,00:40:00,R. Quixley,Male,77,African American,None,Not Admitted,4,36
451-34-4202,26-03-2024,17:33:00,S. Josey,Male,17,African American,None,Not Admitted,4,43
659-77-8969,03-04-2024,19:49:00,T. Sawdon,Male,20,African American,None,Not Admitted,4,27
339-65-9299,08-10-2023,18:56:00,U. Redan,Male,58,African American,None,Not Admitted,4,57
329-19-9616,27-06-2023,00:46:00,H. Domico,Male,50,African American,None,Not Admitted,5,55
339-20-7594,24-07-2024,13:01:00,J. MacSharry,Male,42,African American,None,Not Admitted,5,38
328-14-5591,02-01-2024,02:33:00,L. Shambrooke,Male,59,African American,None,Not Admitted,5,49
487-25-9893,11-08-2024,19:01:00,N. Keston,Male,52,African American,None,Not Admitted,5,54
265-11-8190,21-07-2023,19:38:00,C. Bendon,Male,50,African American,None,Not Admitted,6,36
818-69-8637,02-06-2023,11:32:00,H. Broscombe,Male,56,African American,None,Not Admitted,6,23
607-20-0742,26-08-2023,01:53:00,J. Lescop,Male,38,African American,None,Not Admitted,6,27
859-80-5199,07-11-2023,06:27:00,B. Lochhead,Male,52,African American,None,Not Admitted,7,10
861-08-8144,08-12-2023,00:29:00,D. Illiston,Male,67,African American,None,Not Admitted,7,47
699-68-4698,29-12-2023,07:39:00,F. Bandy,Male,15,African American,None,Not Admitted,7,26
858-56-1736,20-05-2023,19:51:00,K. Coull,Male,28,African American,None,Not Admitted,7,27
676-57-7633,12-07-2023,08:11:00,O. Francillo,Male,24,African American,None,Not Admitted,7,12
512-40-7624,09-05-2024,16:20:00,O. Powling,Male,69,African American,None,Not Admitted,7,55
247-79-7253,15-06-2024,04:41:00,R. Richardin,Male,25,African American,None,Not Admitted,7,12
120-15-5516,20-04-2024,18:02:00,S. Brooksbie,Male,30,African American,None,Not Admitted,7,25
394-07-2661,04-05-2024,14:02:00,W. Berzin,Male,27,African American,None,Not Admitted,7,20
234-62-4445,20-06-2024,10:12:00,X. Dimmer,Male,74,African American,None,Not Admitted,7,40
292-95-6291,11-07-2024,17:49:00,H. Walkling,Male,65,African American,None,Not Admitted,8,31
806-11-1271,08-06-2023,13:58:00,N. Borman,Male,36,African American,None,Not Admitted,8,15
497-27-2881,01-09-2024,18:15:00,W. Grimsdith,Male,42,African American,None,Not Admitted,8,36
500-85-3554,07-06-2024,15:07:00,X. Kineton,Male,28,African American,None,Not Admitted,8,47
831-72-4104,02-04-2024,10:40:00,Z. Wevell,Male,48,African American,None,Not Admitted,8,41
636-89-0732,05-04-2023,14:45:00,C. Brimacombe,Male,4,African American,None,Not Admitted,9,34
193-87-0591,13-02-2024,00:34:00,H. Batchan,Male,78,African American,None,Not Admitted,9,42
545-48-0481,25-03-2024,15:51:00,H. Allridge,Male,76,African American,None,Not Admitted,9,50
129-48-0933,17-05-2023,10:15:00,I. Saiger,Male,21,African American,None,Not Admitted,9,15
531-31-3664,03-06-2023,21:04:00,J. Thexton,Male,8,African American,None,Not Admitted,9,11
861-48-5444,13-03-2024,12:35:00,K. Minero,Male,13,African American,None,Not Admitted,9,57
844-85-1514,10-09-2024,11:04:00,N. Pleager,Male,20,African American,None,Not Admitted,9,17
103-73-6870,24-10-2023,00:03:00,Q. Pickston,Male,15,African American,None,Not Admitted,9,22
836-45-5911,01-10-2024,12:05:00,Z. Jirsa,Male,78,African American,None,Not Admitted,9,30
161-39-6789,24-05-2024,07:01:00,B. Steffens,Male,6,African American,None,Not Admitted,10,60
292-50-3675,03-08-2023,12:51:00,E. Kornalik,Male,33,African American,None,Not Admitted,10,47
202-95-1671,26-06-2024,23:29:00,F. Beneix,Male,34,African American,None,Not Admitted,10,54
583-72-3070,26-06-2023,11:08:00,H. Drayn,Male,70,African American,None,Not Admitted,10,16
474-58-0047,17-06-2024,05:33:00,H. Ruste,Male,64,African American,None,Not Admitted,10,22
618-74-2955,16-01-2024,18:19:00,U. Daubney,Male,7,African American,None,Not Admitted,10,14
352-51-9558,07-11-2023,14:46:00,U. Mountstephen,Male,50,African American,None,Not Admitted,10,60
464-44-5970,25-07-2024,08:58:00,B. Turneaux,Male,74,African American,Orthopedics,Not Admitted,,28
602-47-8260,11-10-2024,09:50:00,B. Emloch,Male,52,African American,Orthopedics,Not Admitted,,38
138-91-1480,02-08-2024,18:44:00,C. Rushbrook,Male,19,African American,Orthopedics,Not Admitted,,11
853-27-4550,24-07-2024,20:13:00,D. Kewzick,Male,53,African American,Orthopedics,Not Admitted,,20
546-93-3891,27-06-2024,17:12:00,D. Beedie,Male,42,African American,Orthopedics,Not Admitted,,39
313-02-6855,29-01-2024,08:11:00,E. Ephgrave,Male,74,African American,Orthopedics,Not Admitted,,58
667-04-5340,20-06-2023,00:03:00,F. Dewar,Male,29,African American,Orthopedics,Not Admitted,,46
219-46-2834,28-12-2023,21:00:00,F. Hugonneau,Male,26,African American,Orthopedics,Not Admitted,,49
258-65-5478,23-09-2023,03:13:00,F. Billings,Male,47,African American,Orthopedics,Not Admitted,,53
375-19-1172,08-04-2023,02:04:00,G. Earwaker,Male,70,African American,Orthopedics,Not Admitted,,22
851-85-8318,04-04-2023,15:35:00,G. D'Ruel,Male,9,African American,Orthopedics,Not Admitted,,36
702-38-3084,02-07-2024,00:46:00,J. Sinden,Male,75,African American,Orthopedics,Not Admitted,,17
855-68-8308,07-09-2023,21:12:00,J. Tellenbach,Male,58,African American,Orthopedics,Not Admitted,,19
265-01-7218,14-04-2023,06:19:00,K. MacAdam,Male,5,African American,Orthopedics,Not Admitted,,34
711-16-5014,19-06-2024,21:12:00,L. Frostdyke,Male,49,African American,Orthopedics,Not Admitted,,18
658-61-9044,28-03-2024,08:51:00,L. Sayles,Male,71,African American,Orthopedics,Not Admitted,,28
352-98-0907,01-09-2024,02:23:00,M. Saywell,Male,64,African American,Orthopedics,Not Admitted,,47
369-61-0041,10-06-2023,13:35:00,P. Clurow,Male,48,African American,Orthopedics,Not Admitted,,25
864-54-6914,18-07-2023,06:56:00,P. Adger,Male,15,African American,Orthopedics,Not Admitted,,53
340-40-0901,23-05-2024,17:24:00,P. Adamik,Male,7,African American,Orthopedics,Not Admitted,,60
701-71-6155,30-09-2023,16:58:00,Q. Felce,Male,18,African American,Orthopedics,Not Admitted,,57
769-26-7401,09-10-2024,07:54:00,S. Blackstock,Male,75,African American,Orthopedics,Not Admitted,,51
454-17-8279,28-03-2024,07:54:00,T. Odgaard,Male,39,African American,Orthopedics,Not Admitted,,12
723-76-5413,15-09-2023,13:54:00,T. Skrines,Male,3,African American,Orthopedics,Not Admitted,,34
521-83-9058,14-05-2023,17:35:00,U. Ors,Male,32,African American,Orthopedics,Not Admitted,,17
490-58-0794,18-05-2023,09:16:00,U. Adam,Male,50,African American,Orthopedics,Not Admitted,,44
517-09-3692,10-07-2024,13:34:00,U. Stanyland,Male,34,African American,Orthopedics,Not Admitted,,58
758-75-6911,08-07-2023,15:48:00,W. Bogace,Male,34,African American,Orthopedics,Not Admitted,,41
812-01-8966,09-01-2024,22:32:00,W. Bremond,Male,24,African American,Orthopedics,Not Admitted,,60
610-42-3028,03-08-2024,07:14:00,Y. Coghill,Male,6,African American,Orthopedics,Not Admitted,,42
197-42-3233,18-08-2023,04:33:00,Y. Goalby,Male,74,African American,Orthopedics,Not Admitted,,52
843-11-0945,17-12-2023,01:11:00,Z. Egdale,Male,64,African American,Orthopedics,Not Admitted,,48
771-94-6870,02-01-2024,21:16:00,Z. Muccino,Male,18,African American,Orthopedics,Not Admitted,,55
330-29-6460,14-01-2024,01:16:00,E. Pennrington,Male,45,African American,Orthopedics,Not Admitted,0,41
533-97-4597,02-11-2023,13:04:00,D. Dudny,Male,71,African American,Orthopedics,Not Admitted,1,10
582-24-8875,21-03-2024,09:05:00,I. Gullberg,Male,74,African American,Orthopedics,Not Admitted,1,21
221-75-5469,24-06-2024,03:34:00,Q. Trudgeon,Male,10,African American,Orthopedics,Not Admitted,1,60
546-76-3103,17-08-2023,10:35:00,S. Leathart,Male,13,African American,Orthopedics,Not Admitted,1,45
821-53-2890,06-06-2024,01:28:00,T. Lawrance,Male,29,African American,Orthopedics,Not Admitted,1,18
872-54-2592,08-12-2023,15:47:00,W. Cossington,Male,68,African American,Orthopedics,Not Admitted,2,54
113-95-3971,28-10-2023,03:41:00,B. Preto,Male,1,African American,Orthopedics,Not Admitted,3,25
211-48-9357,03-03-2024,09:51:00,N. Brunner,Male,38,African American,Orthopedics,Not Admitted,3,15
720-24-3690,17-11-2023,10:42:00,O. Mifflin,Male,27,African American,Orthopedics,Not Admitted,4,17
452-87-5629,20-07-2024,05:50:00,A. Wilgar,Male,50,African American,Orthopedics,Not Admitted,5,49
830-11-3808,02-10-2023,17:02:00,E. Binder,Male,49,African American,Orthopedics,Not Admitted,5,51
691-30-6115,13-06-2023,19:34:00,X. Swinley,Male,38,African American,Orthopedics,Not Admitted,5,39
551-13-2462,24-09-2024,00:53:00,E. Sant,Male,69,African American,Orthopedics,Not Admitted,6,28
393-52-8450,16-05-2024,14:16:00,I. Lauritsen,Male,74,African American,Orthopedics,Not Admitted,6,24
634-89-7737,06-11-2023,22:39:00,R. Adanet,Male,69,African American,Orthopedics,Not Admitted,6,48
826-13-7323,13-06-2024,23:24:00,H. Knagges,Male,60,African American,Orthopedics,Not Admitted,7,26
513-30-4773,04-10-2024,03:13:00,K. Andress,Male,71,African American,Orthopedics,Not Admitted,8,38
461-29-9107,22-02-2024,16:28:00,N. Torbard,Male,73,African American,Orthopedics,Not Admitted,8,32
710-19-1756,16-05-2023,17:22:00,Q. Hallas,Male,36,African American,Orthopedics,Not Admitted,9,11
662-15-8330,09-08-2023,04:04:00,B. Dyet,Male,4,African American,Orthopedics,Not Admitted,10,20
612-63-4048,12-08-2024,06:04:00,F. Stodart,Male,24,African American,Orthopedics,Not Admitted,10,58
465-18-8502,25-09-2023,14:04:00,J. Willishire,Male,2,African American,Orthopedics,Not Admitted,10,40
248-79-4235,22-01-2024,01:20:00,L. Peake,Male,20,African American,Orthopedics,Not Admitted,10,56
174-75-1853,07-03-2024,16:55:00,B. Frosdick,Male,22,African American,Physiotherapy,Not Admitted,,44
590-07-7660,28-10-2024,01:11:00,C. Hullot,Male,6,African American,Physiotherapy,Not Admitted,,44
350-07-8086,27-06-2023,21:32:00,C. Mendel,Male,9,African American,Physiotherapy,Not Admitted,,54
841-68-4981,19-08-2024,00:10:00,D. Cotterell,Male,8,African American,Physiotherapy,Not Admitted,,37
522-83-0267,19-05-2023,01:57:00,M. Mainson,Male,21,African American,Physiotherapy,Not Admitted,,17
399-44-4124,22-06-2024,17:40:00,N. Hillen,Male,46,African American,Physiotherapy,Not Admitted,,49
833-71-2313,13-11-2023,12:42:00,O. Lawden,Male,72,African American,Physiotherapy,Not Admitted,,22
191-38-0493,31-10-2023,05:18:00,R. Prettyman,Male,66,African American,Physiotherapy,Not Admitted,,20
655-73-2482,04-11-2023,06:00:00,U. Struijs,Male,3,African American,Physiotherapy,Not Admitted,,51
282-19-0346,11-12-2023,09:14:00,Z. Dupree,Male,68,African American,Physiotherapy,Not Admitted,,55
298-36-6119,25-03-2024,23:09:00,M. D'Elias,Male,17,African American,Physiotherapy,Not Admitted,2,19
134-23-9854,09-11-2023,14:46:00,A. Cabrara,Male,56,African American,Physiotherapy,Not Admitted,5,45
635-55-6937,03-06-2024,03:13:00,Y. Gostridge,Male,23,African American,Physiotherapy,Not Admitted,6,52
702-47-3618,13-04-2023,05:21:00,W. Keppie,Male,9,African American,Physiotherapy,Not Admitted,9,56
162-52-5413,16-08-2023,20:18:00,P. Wakley,Male,75,African American,Renal,Not Admitted,,12
435-61-1271,06-03-2024,18:06:00,R. Riseborough,Male,37,African American,Renal,Not Admitted,,33
620-03-2957,15-04-2024,20:44:00,X. Rickaby,Male,17,African American,Renal,Not Admitted,,53
604-90-6890,23-01-2024,16:46:00,Z. Assel,Male,6,African American,Renal,Not Admitted,,39
497-25-0031,15-06-2024,04:06:00,T. Grindall,Male,29,Asian,Cardiology,Not Admitted,,57
404-11-0410,12-05-2023,00:18:00,P. Baton,Male,78,Asian,Cardiology,Not Admitted,1,33
849-97-5342,06-06-2024,11:42:00,B. Goodhew,Male,52,Asian,Gastroenterology,Not Admitted,,48
700-71-2541,16-05-2024,03:07:00,C. Dagon,Male,37,Asian,Gastroenterology,Not Admitted,,15
595-97-7229,24-01-2024,04:34:00,V. Eric,Male,76,Asian,Gastroenterology,Not Admitted,,59
154-20-9417,13-09-2024,17:45:00,A. Roberti,Male,79,Asian,Gastroenterology,Not Admitted,1,36
824-94-3306,06-05-2023,06:25:00,D. Benham,Male,30,Asian,Gastroenterology,Not Admitted,1,37
713-44-5163,15-09-2024,23:49:00,X. Dobrowolny,Male,55,Asian,Gastroenterology,Not Admitted,8,36
749-55-7622,02-03-2024,19:39:00,A. Weadick,Male,48,Asian,General Practice,Not Admitted,,21
421-08-1967,11-04-2023,09:20:00,B. Mahmood,Male,57,Asian,General Practice,Not Admitted,,48
873-06-4261,24-08-2023,21:16:00,B. Handman,Male,11,Asian,General Practice,Not Admitted,,57
107-86-6061,12-12-2023,08:14:00,C. Abela,Male,78,Asian,General Practice,Not Admitted,,12
278-22-0214,29-07-2023,01:50:00,C. Cleeves,Male,56,Asian,General Practice,Not Admitted,,13
240-91-8056,07-06-2023,20:21:00,C. Jayume,Male,41,Asian,General Practice,Not Admitted,,33
428-69-8031,08-06-2024,16:48:00,D. Colliford,Male,22,Asian,General Practice,Not Admitted,,12
482-05-7766,31-01-2024,09:03:00,D. Marrable,Male,4,Asian,General Practice,Not Admitted,,44
313-29-0509,23-10-2024,03:19:00,D. McNabb,Male,47,Asian,General Practice,Not Admitted,,57
543-62-1334,28-01-2024,11:42:00,E. Stranio,Male,18,Asian,General Practice,Not Admitted,,11
395-31-5947,19-08-2024,13:18:00,F. Sheal,Male,35,Asian,General Practice,Not Admitted,,12
753-69-8444,19-06-2024,04:22:00,G. Swatman,Male,37,Asian,General Practice,Not Admitted,,16
188-56-6640,13-10-2023,02:15:00,H. Kohn,Male,19,Asian,General Practice,Not Admitted,,27
639-96-5879,17-08-2024,09:37:00,H. Kehoe,Male,13,Asian,General Practice,Not Admitted,,30
374-52-0951,31-10-2023,13:35:00,H. Blacklidge,Male,54,Asian,General Practice,Not Admitted,,39
761-31-9174,18-05-2023,02:39:00,H. Bennetts,Male,11,Asian,General Practice,Not Admitted,,52
223-07-9743,17-12-2023,21:06:00,I. Muddle,Male,62,Asian,General Practice,Not Admitted,,34
512-93-5850,12-09-2023,22:16:00,I. Nutton,Male,38,Asian,General Practice,Not Admitted,,48
501-69-9067,05-04-2023,17:51:00,M. Davidoff,Male,7,Asian,General Practice,Not Admitted,,42
472-57-6924,24-10-2023,20:32:00,N. Weine,Male,57,Asian,General Practice,Not Admitted,,43
645-65-7273,29-07-2023,12:58:00,O. Phonix,Male,45,Asian,General Practice,Not Admitted,,38
439-47-1386,17-09-2024,01:23:00,P. Durtnell,Male,43,Asian,General Practice,Not Admitted,,13
302-61-6797,08-12-2023,13:02:00,P. Bardill,Male,54,Asian,General Practice,Not Admitted,,34
138-23-4405,12-10-2023,23:56:00,P. Renihan,Male,45,Asian,General Practice,Not Admitted,,52
137-21-4628,10-05-2024,14:51:00,Q. Warrick,Male,34,Asian,General Practice,Not Admitted,,10
678-76-6412,29-08-2024,08:13:00,R. Deetlefs,Male,65,Asian,General Practice,Not Admitted,,57
862-32-2195,01-08-2024,08:23:00,S. Cleave,Male,24,Asian,General Practice,Not Admitted,,10
843-23-1781,21-06-2023,23:08:00,T. Caukill,Male,16,Asian,General Practice,Not Admitted,,10
716-78-2526,27-09-2023,17:28:00,T. McGaugie,Male,15,Asian,General Practice,Not Admitted,,14
707-97-3210,30-11-2023,07:11:00,T. Newlan,Male,54,Asian,General Practice,Not Admitted,,27
657-31-6467,24-11-2023,01:10:00,T. Scimoni,Male,77,Asian,General Practice,Not Admitted,,35
404-40-7447,26-01-2024,15:46:00,U. Olsen,Male,20,Asian,General Practice,Not Admitted,,27
226-24-8337,28-11-2023,01:59:00,U. De Freyne,Male,31,Asian,General Practice,Not Admitted,,29
123-21-6808,23-07-2024,03:33:00,V. Binyon,Male,23,Asian,General Practice,Not Admitted,,22
632-88-2956,16-07-2024,11:10:00,X. Laffranconi,Male,26,Asian,General Practice,Not Admitted,,57
205-88-0582,20-02-2024,13:27:00,Y. Henden,Male,70,Asian,General Practice,Not Admitted,,18
187-33-6988,21-09-2024,06:00:00,Z. Scotfurth,Male,64,Asian,General Practice,Not Admitted,,10
516-40-9905,19-07-2023,01:11:00,Z. Bidwell,Male,12,Asian,General Practice,Not Admitted,,44
729-10-9426,02-04-2023,17:50:00,Z. Brotherhed,Male,6,Asian,General Practice,Not Admitted,,45
578-70-1520,11-08-2024,01:53:00,Q. Stanworth,Male,77,Asian,General Practice,Not Admitted,0,58
193-23-1557,10-01-2024,16:17:00,Q. Laguerre,Male,39,Asian,General Practice,Not Admitted,1,14
681-69-3937,03-04-2023,14:56:00,R. Maffezzoli,Male,64,Asian,General Practice,Not Admitted,2,15
805-58-2367,23-12-2023,08:49:00,X. Todman,Male,3,Asian,General Practice,Not Admitted,2,48
363-45-5397,08-01-2024,10:41:00,V. Ahrend,Male,26,Asian,General Practice,Not Admitted,3,53
604-22-1946,15-12-2023,15:33:00,G. McTavish,Male,28,Asian,General Practice,Not Admitted,5,55
113-72-3695,22-09-2023,13:10:00,V. Snaden,Male,63,Asian,General Practice,Not Admitted,7,20
753-22-7315,26-09-2024,20:44:00,H. Reynolds,Male,32,Asian,General Practice,Not Admitted,8,20
678-80-6867,24-03-2024,15:11:00,U. Cohalan,Male,71,Asian,General Practice,Not Admitted,10,15
266-60-4228,10-08-2024,12:23:00,B. Balhatchet,Male,59,Asian,Neurology,Not Admitted,,48
276-38-5016,29-06-2023,23:34:00,K. Rime,Male,39,Asian,Neurology,Not Admitted,,18
877-16-0784,31-10-2023,02:19:00,O. Hardage,Male,59,Asian,Neurology,Not Admitted,,29
509-79-4975,16-04-2023,19:32:00,Y. Brennan,Male,19,Asian,Neurology,Not Admitted,,52
710-62-0164,07-06-2024,19:52:00,M. Maffin,Male,26,Asian,Neurology,Not Admitted,0,37
187-33-8018,01-07-2024,22:05:00,T. Reeks,Male,10,Asian,Neurology,Not Admitted,2,42
691-25-6809,14-04-2024,04:56:00,K. Merington,Male,17,Asian,Neurology,Not Admitted,10,12
475-34-5223,12-07-2024,08:19:00,A. Bagnal,Male,53,Asian,None,Not Admitted,,20
260-38-5070,14-05-2023,14:58:00,A. Hay,Male,14,Asian,None,Not Admitted,,25
434-96-2789,29-10-2024,20:19:00,A. Jansens,Male,71,Asian,None,Not Admitted,,47
557-66-5745,20-08-2023,05:27:00,A. Christescu,Male,62,Asian,None,Not Admitted,,48
736-98-3342,09-09-2024,12:05:00,B. Glasman,Male,27,Asian,None,Not Admitted,,52
366-62-0579,20-04-2024,03:49:00,B. Batey,Male,10,Asian,None,Not Admitted,,54
342-34-8074,21-11-2023,02:33:00,C. Oxtarby,Male,76,Asian,None,Not Admitted,,13
601-22-0464,17-04-2023,11:53:00,C. Blakeborough,Male,38,Asian,None,Not Admitted,,33
714-20-8974,26-08-2023,23:48:00,C. Witch,Male,28,Asian,None,Not Admitted,,46
883-22-5328,04-10-2023,02:00:00,D. Ottosen,Male,70,Asian,None,Not Admitted,,29
440-68-4290,20-01-2024,03:05:00,D. Aglione,Male,65,Asian,None,Not Admitted,,42
815-71-9230,18-01-2024,07:39:00,E. Hollingby,Male,8,Asian,None,Not Admitted,,21
420-56-3659,12-12-2023,16:39:00,E. Ragot,Male,48,Asian,None,Not Admitted,,25
305-01-4491,21-06-2023,16:12:00,E. Phillis,Male,29,Asian,None,Not Admitted,,33
692-61-2801,12-12-2023,15:48:00,E. Prahm,Male,23,Asian,None,Not Admitted,,40
390-79-5650,01-01-2024,17:33:00,E. Skerritt,Male,59,Asian,None,Not Admitted,,47
896-75-9958,15-07-2024,09:34:00,F. Patria,Male,59,Asian,None,Not Admitted,,22
594-06-1700,01-05-2023,00:38:00,F. Wickens,Male,77,Asian,None,Not Admitted,,28
646-25-6910,02-05-2024,16:43:00,F. Harrowing,Male,17,Asian,None,Not Admitted,,30
244-65-6448,02-04-2024,09:09:00,F. Liversley,Male,32,Asian,None,Not Admitted,,34
780-12-9711,03-01-2024,22:31:00,F. Dronsfield,Male,22,Asian,None,Not Admitted,,38
259-50-3010,01-08-2024,01:53:00,F. Stone Fewings,Male,4,Asian,None,Not Admitted,,42
186-30-9348,28-12-2023,03:23:00,F. Lillgard,Male,14,Asian,None,Not Admitted,,52
532-11-6360,21-10-2023,05:16:00,G. Toffalo,Male,26,Asian,None,Not Admitted,,37
397-13-9614,25-05-2024,04:46:00,G. Caswell,Male,72,Asian,None,Not Admitted,,37
879-99-8691,30-04-2024,19:28:00,G. Jeanenet,Male,78,Asian,None,Not Admitted,,49
886-30-7411,21-09-2024,21:05:00,G. Breffit,Male,37,Asian,None,Not Admitted,,52
392-67-4275,21-03-2024,09:52:00,G. Aughton,Male,42,Asian,None,Not Admitted,,55
114-13-2465,29-08-2024,04:01:00,G. Franceschelli,Male,44,Asian,None,Not Admitted,,56
109-85-7478,20-03-2024,02:36:00,G. Arter,Male,57,Asian,None,Not Admitted,,57
637-32-6890,23-08-2023,10:40:00,H. Fetherston,Male,57,Asian,None,Not Admitted,,14
828-38-1580,09-06-2024,07:01:00,H. Cowcha,Male,20,Asian,None,Not Admitted,,36
892-21-6166,03-06-2024,20:51:00,H. Ivanyushin,Male,20,Asian,None,Not Admitted,,42
241-87-1317,05-11-2023,14:48:00,I. Tumasian,Male,6,Asian,None,Not Admitted,,11
616-24-0296,04-07-2023,23:59:00,I. Roseman,Male,67,Asian,None,Not Admitted,,24
486-72-5476,10-08-2023,22:45:00,I. Allnatt,Male,36,Asian,None,Not Admitted,,27
643-01-0548,08-12-2023,17:16:00,I. Dat,Male,46,Asian,None,Not Admitted,,45
383-29-8580,18-10-2023,11:05:00,I. Danielli,Male,10,Asian,None,Not Admitted,,50
767-68-1383,16-10-2023,20:38:00,I. Axleby,Male,18,Asian,None,Not Admitted,,54
559-03-2977,14-12-2023,19:04:00,I. Rosel,Male,30,Asian,None,Not Admitted,,57
817-93-7526,06-04-2024,15:31:00,J. Pollak,Male,52,Asian,None,Not Admitted,,22
842-41-3604,01-08-2024,16:39:00,J. Fairfoull,Male,37,Asian,None,Not Admitted,,25
363-01-4073,24-06-2024,00:20:00,J. Zimmer,Male,47,Asian,None,Not Admitted,,47
532-08-2723,15-06-2024,00:40:00,J. Batt,Male,63,Asian,None,Not Admitted,,49
465-16-8651,09-03-2024,18:24:00,J. Thornthwaite,Male,9,Asian,None,Not Admitted,,51
794-22-4498,06-01-2024,16:31:00,K. Robeson,Male,3,Asian,None,Not Admitted,,38
604-58-1481,28-03-2024,13:38:00,K. Ianetti,Male,35,Asian,None,Not Admitted,,45
785-15-2888,10-12-2023,03:19:00,L. Schachter,Male,19,Asian,None,Not Admitted,,13
651-01-5357,17-07-2024,21:25:00,L. Denyukhin,Male,36,Asian,None,Not Admitted,,23
270-12-6526,15-05-2024,22:36:00,L. Krystek,Male,38,Asian,None,Not Admitted,,48
371-37-0742,14-11-2023,01:48:00,L. Whayman,Male,42,Asian,None,Not Admitted,,51
867-30-8564,12-04-2023,18:24:00,L. Elijahu,Male,43,Asian,None,Not Admitted,,54
323-53-4902,05-11-2023,21:30:00,L. Le Conte,Male,71,Asian,None,Not Admitted,,58
650-53-9989,18-08-2024,02:51:00,M. Mecozzi,Male,57,Asian,None,Not Admitted,,12
459-96-4708,16-09-2024,22:04:00,M. Bairnsfather,Male,21,Asian,None,Not Admitted,,36
715-46-2216,10-08-2024,06:49:00,M. Breckenridge,Male,35,Asian,None,Not Admitted,,59
512-87-2879,06-07-2023,20:07:00,N. Seed,Male,38,Asian,None,Not Admitted,,11
614-03-6436,28-01-2024,13:35:00,N. Baldock,Male,19,Asian,None,Not Admitted,,15
619-25-0963,01-06-2024,15:34:00,N. Wolverson,Male,4,Asian,None,Not Admitted,,16
553-19-7556,03-10-2024,18:26:00,N. Egdell,Male,5,Asian,None,Not Admitted,,27
720-19-1669,05-10-2023,02:44:00,N. Perrington,Male,26,Asian,None,Not Admitted,,36
646-68-5074,09-03-2024,11:34:00,O. Coumbe,Male,6,Asian,None,Not Admitted,,13
414-32-1840,02-05-2024,19:22:00,O. Wesson,Male,63,Asian,None,Not Admitted,,21
639-61-4158,19-05-2024,19:09:00,O. Orgen,Male,30,Asian,None,Not Admitted,,26
569-58-3904,21-03-2024,19:44:00,O. Brik,Male,56,Asian,None,Not Admitted,,32
135-78-8511,23-06-2024,00:17:00,O. Marsden,Male,36,Asian,None,Not Admitted,,48
312-49-8916,08-06-2024,19:27:00,O. Borchardt,Male,68,Asian,None,Not Admitted,,56
436-77-3709,22-04-2023,04:54:00,O. Silverton,Male,30,Asian,None,Not Admitted,,58
478-64-3709,06-05-2024,05:28:00,P. Sharer,Male,56,Asian,None,Not Admitted,,11
703-98-6090,09-01-2024,18:40:00,P. Tallyn,Male,50,Asian,None,Not Admitted,,29
693-70-1074,09-09-2023,15:28:00,P. McCloud,Male,49,Asian,None,Not Admitted,,55
434-92-0068,06-02-2024,03:21:00,P. Esselin,Male,54,Asian,None,Not Admitted,,60
836-74-5853,07-06-2023,16:16:00,Q. Kernes,Male,28,Asian,None,Not Admitted,,25
407-75-9320,21-04-2024,05:45:00,Q. Addicote,Male,32,Asian,None,Not Admitted,,47
243-37-3437,14-02-2024,00:38:00,R. Godart,Male,26,Asian,None,Not Admitted,,17
315-68-5001,22-01-2024,06:26:00,R. Bartunek,Male,2,Asian,None,Not Admitted,,44
790-40-1327,26-04-2024,18:42:00,S. Danshin,Male,5,Asian,None,Not Admitted,,26
465-29-9539,18-04-2024,05:20:00,S. Barrass,Male,35,Asian,None,Not Admitted,,26
335-35-2752,13-08-2023,02:17:00,S. Grigoriscu,Male,6,Asian,None,Not Admitted,,32
611-23-0736,20-07-2024,20:09:00,S. McLugaish,Male,39,Asian,None,Not Admitted,,33
454-18-7910,16-05-2024,12:34:00,S. Pawellek,Male,6,Asian,None,Not Admitted,,37
143-26-7316,30-09-2024,01:48:00,S. Riccardo,Male,55,Asian,None,Not Admitted,,48
259-51-9518,01-04-2023,02:45:00,T. Rolingson,Male,62,Asian,None,Not Admitted,,12
441-90-9274,02-03-2024,13:53:00,T. Proger,Male,46,Asian,None,Not Admitted,,16
889-61-1482,19-08-2024,17:03:00,T. Godfree,Male,26,Asian,None,Not Admitted,,42
372-44-7515,26-05-2024,04:21:00,T. Anscott,Male,11,Asian,None,Not Admitted,,44
584-30-4808,24-08-2024,04:53:00,T. Hollyar,Male,45,Asian,None,Not Admitted,,47
859-91-0113,29-05-2023,05:14:00,U. Vyel,Male,31,Asian,None,Not Admitted,,10
655-52-9143,20-06-2023,15:32:00,U. Widdecombe,Male,48,Asian,None,Not Admitted,,21
678-53-9593,27-10-2023,04:36:00,U. Genn,Male,5,Asian,None,Not Admitted,,38
203-45-3196,16-04-2023,10:51:00,V. Seivertsen,Male,27,Asian,None,Not Admitted,,37
795-19-2691,02-12-2023,17:07:00,V. Kennermann,Male,77,Asian,None,Not Admitted,,42
586-38-7745,04-07-2023,13:40:00,V. Couronne,Male,15,Asian,None,Not Admitted,,49
319-83-7275,30-12-2023,07:50:00,W. Betjes,Male,54,Asian,None,Not Admitted,,10
459-21-7302,12-10-2023,06:49:00,W. Smithen,Male,23,Asian,None,Not Admitted,,11
170-17-5442,31-08-2024,15:14:00,W. Caldow,Male,60,Asian,None,Not Admitted,,45
244-95-7873,07-06-2024,14:41:00,X. Maddaford,Male,12,Asian,None,Not Admitted,,37
168-40-7318,09-09-2023,21:24:00,X. Wiseman,Male,69,Asian,None,Not Admitted,,40
120-91-4079,29-06-2023,20:34:00,Y. Uridge,Male,28,Asian,None,Not Admitted,,28
561-11-2621,21-01-2024,03:31:00,Y. Lafford,Male,74,Asian,None,Not Admitted,,51
433-76-4511,30-10-2023,19:50:00,Y. Dumbarton,Male,10,Asian,None,Not Admitted,,53
312-69-6763,23-06-2024,00:31:00,Y. Durante,Male,51,Asian,None,Not Admitted,,54
262-46-0717,26-09-2024,17:43:00,Z. Douche,Male,51,Asian,None,Not Admitted,,13
626-40-8833,07-07-2024,23:13:00,Z. Piggrem,Male,79,Asian,None,Not Admitted,,13
436-13-7446,11-03-2024,01:06:00,Z. Rudyard,Male,11,Asian,None,Not Admitted,,17
578-45-8014,23-04-2023,16:35:00,Z. Nottram,Male,33,Asian,None,Not Admitted,,32
417-28-9047,14-02-2024,19:40:00,T. Gillopp,Male,51,Asian,None,Not Admitted,0,31
403-95-6018,11-03-2024,07:20:00,V. Kingswell,Male,64,Asian,None,Not Admitted,0,42
161-51-7376,29-07-2024,03:19:00,L. Ivory,Male,64,Asian,None,Not Admitted,1,39
815-18-9064,12-01-2024,00:44:00,X. Elles,Male,12,Asian,None,Not Admitted,1,12
818-37-3389,21-12-2023,16:50:00,F. Bukowski,Male,41,Asian,None,Not Admitted,2,29
719-92-0551,03-09-2024,14:15:00,T. Mosdell,Male,35,Asian,None,Not Admitted,2,56
199-62-2068,11-05-2023,08:29:00,Z. Kubu,Male,43,Asian,None,Not Admitted,2,22
391-27-7971,19-11-2023,00:20:00,C. Poznan,Male,35,Asian,None,Not Admitted,3,23
187-45-1401,09-04-2024,14:51:00,G. Lebel,Male,45,Asian,None,Not Admitted,3,23
372-65-4950,16-01-2024,11:26:00,S. Morrill,Male,75,Asian,None,Not Admitted,3,29
428-10-5696,24-03-2024,05:21:00,Z. Abercrombie,Male,76,Asian,None,Not Admitted,3,53
291-27-7983,05-04-2023,18:58:00,L. Pittman,Male,27,Asian,None,Not Admitted,4,49
680-03-6336,24-08-2024,06:02:00,M. MacVean,Male,17,Asian,None,Not Admitted,4,48
734-88-0672,30-10-2024,05:26:00,R. Clemenzi,Male,43,Asian,None,Not Admitted,4,51
622-95-3705,20-11-2023,21:36:00,T. Timoney,Male,22,Asian,None,Not Admitted,4,27
474-27-6059,25-05-2023,07:23:00,U. Veazey,Male,6,Asian,None,Not Admitted,4,26
201-34-2154,15-03-2024,20:28:00,A. Chill,Male,70,Asian,None,Not Admitted,5,37
800-50-8275,19-04-2023,16:52:00,E. Jiroutek,Male,65,Asian,None,Not Admitted,6,15
537-53-2901,30-08-2023,15:18:00,I. Rheaume,Male,24,Asian,None,Not Admitted,6,51
802-54-9455,28-11-2023,17:19:00,R. Ranstead,Male,23,Asian,None,Not Admitted,6,13
286-21-4061,03-05-2023,12:11:00,X. Raden,Male,28,Asian,None,Not Admitted,6,17
747-62-2379,14-05-2023,02:52:00,Z. Poltone,Male,1,Asian,None,Not Admitted,6,12
674-28-1008,21-06-2023,23:08:00,K. Rouzet,Male,2,Asian,None,Not Admitted,7,32
881-37-2614,08-02-2024,14:17:00,O. MacVagh,Male,35,Asian,None,Not Admitted,7,32
670-31-8033,04-09-2024,02:41:00,V. Crowch,Male,79,Asian,None,Not Admitted,7,34
807-37-1984,20-10-2024,05:51:00,X. Cooke,Male,56,Asian,None,Not Admitted,7,28
167-66-0469,01-05-2024,11:46:00,I. Snuggs,Male,71,Asian,None,Not Admitted,8,56
361-08-3342,21-06-2024,13:00:00,N. Hurl,Male,4,Asian,None,Not Admitted,8,13
712-27-9390,31-07-2023,02:13:00,S. Cotgrove,Male,10,Asian,None,Not Admitted,8,35
580-22-8552,25-07-2024,14:56:00,Z. Claque,Male,18,Asian,None,Not Admitted,8,38
316-86-7414,05-09-2024,06:30:00,T. Poynton,Male,28,Asian,None,Not Admitted,9,29
207-17-5079,07-10-2023,07:42:00,T. Reinbech,Male,28,Asian,None,Not Admitted,9,30
360-54-2856,22-04-2023,21:37:00,Z. Allcroft,Male,29,Asian,None,Not Admitted,9,45
544-26-4109,23-02-2024,10:55:00,B. Broadley,Male,58,Asian,None,Not Admitted,10,27
143-37-8396,03-06-2024,04:31:00,I. McClintock,Male,74,Asian,None,Not Admitted,10,32
697-61-8367,03-04-2024,19:53:00,B. Meeking,Male,45,Asian,Orthopedics,Not Admitted,,37
120-15-2623,05-02-2024,12:06:00,B. Subhan,Male,48,Asian,Orthopedics,Not Admitted,,42
599-65-8051,03-11-2023,13:56:00,B. Sivess,Male,35,Asian,Orthopedics,Not Admitted,,50
610-24-5601,20-10-2023,11:42:00,C. Prestie,Male,35,Asian,Orthopedics,Not Admitted,,21
122-17-9496,13-07-2023,11:38:00,F. MacNally,Male,33,Asian,Orthopedics,Not Admitted,,11
561-07-0305,06-07-2023,01:13:00,G. Lowfill,Male,30,Asian,Orthopedics,Not Admitted,,59
259-41-9306,25-07-2024,05:49:00,H. Woolvin,Male,25,Asian,Orthopedics,Not Admitted,,49
176-25-3650,30-05-2024,11:54:00,J. Dundridge,Male,29,Asian,Orthopedics,Not Admitted,,43
791-12-6186,21-09-2024,21:12:00,K. Thomann,Male,68,Asian,Orthopedics,Not Admitted,,22
600-56-6481,14-05-2024,09:51:00,O. Malbon,Male,67,Asian,Orthopedics,Not Admitted,,33
551-77-8367,17-10-2023,10:28:00,O. Dorkin,Male,33,Asian,Orthopedics,Not Admitted,,50
836-26-2906,23-11-2023,01:22:00,P. Argent,Male,18,Asian,Orthopedics,Not Admitted,,36
535-57-8080,10-05-2024,02:57:00,Q. Leavry,Male,45,Asian,Orthopedics,Not Admitted,,22
223-84-4462,14-03-2024,04:31:00,Q. Cosely,Male,35,Asian,Orthopedics,Not Admitted,,51
358-97-1063,05-08-2023,20:17:00,R. Harmer,Male,78,Asian,Orthopedics,Not Admitted,,20
408-40-3195,23-04-2023,05:05:00,U. Wildsmith,Male,67,Asian,Orthopedics,Not Admitted,,24
709-90-3043,19-07-2023,17:57:00,U. Hindmore,Male,26,Asian,Orthopedics,Not Admitted,,29
227-33-6424,25-08-2024,17:02:00,U. Rothert,Male,32,Asian,Orthopedics,Not Admitted,,34
767-96-0026,07-01-2024,15:22:00,V. Frammingham,Male,13,Asian,Orthopedics,Not Admitted,,49
821-52-5812,23-09-2023,05:30:00,X. Lewsy,Male,22,Asian,Orthopedics,Not Admitted,,24
592-41-3656,19-04-2024,16:42:00,X. Allard,Male,38,Asian,Orthopedics,Not Admitted,,32
714-35-6722,09-09-2024,16:42:00,Y. Baldetti,Male,31,Asian,Orthopedics,Not Admitted,,22
608-48-4234,28-04-2024,11:02:00,C. Smaling,Male,55,Asian,Orthopedics,Not Admitted,0,28
892-79-0205,26-08-2024,06:28:00,X. Muslim,Male,67,Asian,Orthopedics,Not Admitted,0,29
195-28-0276,05-04-2024,03:28:00,C. Bulle,Male,77,Asian,Orthopedics,Not Admitted,2,19
262-63-5052,04-10-2023,13:45:00,U. Simoncelli,Male,39,Asian,Orthopedics,Not Admitted,3,39
447-91-3077,18-06-2024,16:34:00,K. Towers,Male,40,Asian,Orthopedics,Not Admitted,4,19
140-14-3156,05-03-2024,04:54:00,Q. Sweedland,Male,10,Asian,Orthopedics,Not Admitted,4,57
341-41-1657,18-09-2024,15:55:00,T. Prettejohns,Male,76,Asian,Orthopedics,Not Admitted,5,13
895-46-4134,02-12-2023,17:46:00,H. Presslie,Male,18,Asian,Orthopedics,Not Admitted,8,24
670-40-9098,11-06-2023,12:34:00,J. Davidge,Male,14,Asian,Orthopedics,Not Admitted,8,50
419-82-3648,09-06-2024,15:48:00,M. Duchasteau,Male,72,Asian,Orthopedics,Not Admitted,10,34
640-26-9278,14-08-2024,11:30:00,F. Arnot,Male,13,Asian,Physiotherapy,Not Admitted,,59
216-51-7362,22-05-2024,02:29:00,K. Cowles,Male,42,Asian,Physiotherapy,Not Admitted,,43
869-10-5238,01-03-2024,07:29:00,L. Ewers,Male,18,Asian,Physiotherapy,Not Admitted,,19
873-15-0745,21-03-2024,19:49:00,L. Edison,Male,64,Asian,Physiotherapy,Not Admitted,,21
542-80-3587,10-08-2024,08:41:00,N. Hazley,Male,67,Asian,Physiotherapy,Not Admitted,,42
269-99-7693,06-06-2023,22:17:00,S. MacKenzie,Male,60,Asian,Physiotherapy,Not Admitted,,19
280-78-3888,28-08-2023,23:10:00,C. Earingey,Male,51,Asian,Physiotherapy,Not Admitted,5,28
399-39-3052,27-04-2024,11:28:00,I. Klosterman,Male,47,Asian,Physiotherapy,Not Admitted,6,36
858-87-1119,27-10-2023,17:14:00,J. Menelaws,Male,35,Asian,Renal,Not Admitted,2,30
479-96-0578,29-08-2024,08:53:00,G. Deeprose,Male,16,Declined to Identify,Cardiology,Not Admitted,,44
699-94-6597,11-07-2024,12:12:00,K. Basey,Male,52,Declined to Identify,Cardiology,Not Admitted,,45
711-63-4110,30-05-2023,07:37:00,M. Wetheril,Male,47,Declined to Identify,Cardiology,Not Admitted,,23
837-61-0226,25-05-2024,21:12:00,P. Presslie,Male,26,Declined to Identify,Cardiology,Not Admitted,,50
709-88-3586,29-12-2023,18:29:00,U. Flucks,Male,33,Declined to Identify,Cardiology,Not Admitted,3,29
674-47-7074,14-05-2024,14:16:00,D. Jirzik,Male,78,Declined to Identify,Cardiology,Not Admitted,4,13
665-98-5232,06-05-2023,05:51:00,C. Hanbury,Male,8,Declined to Identify,Gastroenterology,Not Admitted,,48
259-60-8993,15-10-2024,08:24:00,K. Snuggs,Male,16,Declined to Identify,Gastroenterology,Not Admitted,,54
299-01-6031,16-06-2024,05:48:00,W. Peplaw,Male,28,Declined to Identify,Gastroenterology,Not Admitted,,37
485-61-8521,19-12-2023,02:02:00,F. Myhill,Male,54,Declined to Identify,Gastroenterology,Not Admitted,10,41
697-60-2495,14-09-2023,13:19:00,A. Downe,Male,70,Declined to Identify,General Practice,Not Admitted,,53
658-43-3520,16-04-2024,03:15:00,D. Skehens,Male,62,Declined to Identify,General Practice,Not Admitted,,52
418-73-8778,30-07-2023,18:25:00,E. Kern,Male,75,Declined to Identify,General Practice,Not Admitted,,20
554-13-4224,09-05-2024,11:12:00,E. Benesevich,Male,71,Declined to Identify,General Practice,Not Admitted,,25
366-15-5270,20-08-2023,08:47:00,F. Lowle,Male,59,Declined to Identify,General Practice,Not Admitted,,59
487-28-9451,11-03-2024,07:31:00,G. Rominov,Male,17,Declined to Identify,General Practice,Not Admitted,,32
349-88-0069,03-06-2023,21:28:00,H. Lutwidge,Male,16,Declined to Identify,General Practice,Not Admitted,,54
241-71-9050,22-03-2024,15:48:00,I. Yanov,Male,39,Declined to Identify,General Practice,Not Admitted,,52
545-54-6359,11-10-2024,01:35:00,L. Buttner,Male,60,Declined to Identify,General Practice,Not Admitted,,51
475-18-2855,21-10-2024,17:01:00,M. Itzkovich,Male,10,Declined to Identify,General Practice,Not Admitted,,31
119-30-5643,30-01-2024,21:03:00,M. MacAndreis,Male,17,Declined to Identify,General Practice,Not Admitted,,46
141-27-6330,21-11-2023,12:34:00,M. Pybus,Male,19,Declined to Identify,General Practice,Not Admitted,,58
824-08-2119,30-09-2023,20:42:00,N. Hing,Male,28,Declined to Identify,General Practice,Not Admitted,,53
816-62-0922,23-04-2023,09:17:00,N. Domenge,Male,65,Declined to Identify,General Practice,Not Admitted,,58
289-97-3636,06-01-2024,08:50:00,P. Frise,Male,49,Declined to Identify,General Practice,Not Admitted,,18
562-15-6437,15-07-2023,08:02:00,P. Pietrusiak,Male,70,Declined to Identify,General Practice,Not Admitted,,21
518-57-8790,01-09-2023,09:14:00,Q. Ratt,Male,28,Declined to Identify,General Practice,Not Admitted,,27
469-90-5298,07-04-2023,06:40:00,R. Huggett,Male,39,Declined to Identify,General Practice,Not Admitted,,27
624-29-2291,03-10-2023,09:19:00,R. Bengough,Male,7,Declined to Identify,General Practice,Not Admitted,,48
120-86-0167,02-09-2024,23:08:00,S. Thurby,Male,8,Declined to Identify,General Practice,Not Admitted,,14
565-06-0269,01-10-2023,06:01:00,S. Thornewell,Male,79,Declined to Identify,General Practice,Not Admitted,,34
667-07-0227,27-04-2023,07:34:00,S. Castagnaro,Male,64,Declined to Identify,General Practice,Not Admitted,,60
529-78-3762,16-07-2024,18:28:00,T. Barnewelle,Male,61,Declined to Identify,General Practice,Not Admitted,,15
321-01-1823,21-08-2024,03:10:00,U. Arndt,Male,41,Declined to Identify,General Practice,Not Admitted,,16
213-25-8072,24-08-2023,03:34:00,U. Kerby,Male,10,Declined to Identify,General Practice,Not Admitted,,46
819-07-3432,30-12-2023,17:28:00,U. Manklow,Male,37,Declined to Identify,General Practice,Not Admitted,,49
846-75-1744,12-06-2023,10:17:00,V. Visick,Male,32,Declined to Identify,General Practice,Not Admitted,,43
164-62-9137,25-08-2024,02:24:00,W. de Keep,Male,35,Declined to Identify,General Practice,Not Admitted,,40
144-26-9378,23-07-2024,13:40:00,X. Sheridan,Male,28,Declined to Identify,General Practice,Not Admitted,,12
255-97-8092,18-10-2023,17:45:00,Y. McCosker,Male,21,Declined to Identify,General Practice,Not Admitted,,37
280-30-4207,02-12-2023,19:39:00,Z. Harrell,Male,62,Declined to Identify,General Practice,Not Admitted,,41
508-84-3647,11-06-2023,13:43:00,Z. Sigfrid,Male,53,Declined to Identify,General Practice,Not Admitted,,50
466-62-7671,30-08-2024,15:23:00,Z. Bawden,Male,49,Declined to Identify,General Practice,Not Admitted,,55
742-60-3962,01-05-2023,12:07:00,Z. Windley,Male,61,Declined to Identify,General Practice,Not Admitted,,56
288-66-5811,09-09-2023,00:20:00,K. Beseke,Male,63,Declined to Identify,General Practice,Not Admitted,0,50
407-24-8802,31-01-2024,00:09:00,C. Kittiman,Male,5,Declined to Identify,General Practice,Not Admitted,1,20
531-14-5503,15-09-2023,20:51:00,S. Janeway,Male,11,Declined to Identify,General Practice,Not Admitted,1,55
857-22-1477,09-02-2024,11:47:00,L. Benedettini,Male,68,Declined to Identify,General Practice,Not Admitted,2,17
104-61-0458,26-03-2024,15:47:00,I. Licciardo,Male,46,Declined to Identify,General Practice,Not Admitted,3,45
333-38-6115,11-11-2023,22:03:00,J. Langston,Male,52,Declined to Identify,General Practice,Not Admitted,3,22
291-20-2190,14-06-2023,02:57:00,T. Kaindl,Male,31,Declined to Identify,General Practice,Not Admitted,5,13
385-83-1337,12-04-2023,13:34:00,A. Simoni,Male,5,Declined to Identify,General Practice,Not Admitted,6,54
139-53-0111,22-11-2023,17:25:00,D. Leatherbarrow,Male,49,Declined to Identify,General Practice,Not Admitted,6,12
778-23-0967,07-09-2024,15:56:00,N. Mace,Male,24,Declined to Identify,General Practice,Not Admitted,6,36
586-12-7474,27-07-2024,20:50:00,O. Morlon,Male,45,Declined to Identify,General Practice,Not Admitted,6,53
272-82-0727,19-06-2024,12:53:00,P. Meegan,Male,62,Declined to Identify,General Practice,Not Admitted,6,42
525-21-3877,03-09-2024,14:51:00,Y. Reskelly,Male,28,Declined to Identify,General Practice,Not Admitted,6,37
881-96-9420,22-05-2024,21:32:00,D. Glamart,Male,29,Declined to Identify,General Practice,Not Admitted,7,49
739-91-8582,12-01-2024,00:09:00,V. Pedersen,Male,11,Declined to Identify,General Practice,Not Admitted,7,40
484-40-6279,13-07-2023,16:07:00,B. Doman,Male,29,Declined to Identify,General Practice,Not Admitted,8,19
618-74-5857,14-09-2023,19:18:00,T. Crannell,Male,21,Declined to Identify,General Practice,Not Admitted,8,11
566-56-3998,21-10-2024,21:33:00,R. Mallia,Male,76,Declined to Identify,General Practice,Not Admitted,9,41
240-13-4972,03-05-2023,21:15:00,A. Warriner,Male,5,Declined to Identify,Neurology,Not Admitted,,18
640-49-2306,06-10-2024,03:45:00,C. Rowbury,Male,27,Declined to Identify,Neurology,Not Admitted,,34
100-34-9587,01-04-2024,04:17:00,U. Lamburn,Male,20,Declined to Identify,Neurology,Not Admitted,,24
419-40-1713,17-05-2024,15:12:00,P. Standring,Male,1,Declined to Identify,Neurology,Not Admitted,0,52
898-05-7530,04-06-2023,21:05:00,D. Spoor,Male,20,Declined to Identify,Neurology,Not Admitted,1,46
281-37-9635,04-11-2023,08:41:00,E. Minors,Male,62,Declined to Identify,Neurology,Not Admitted,6,36
143-73-5607,17-06-2023,00:51:00,T. Kender,Male,64,Declined to Identify,Neurology,Not Admitted,9,45
270-14-3243,29-09-2023,09:21:00,A. Coytes,Male,67,Declined to Identify,None,Not Admitted,,13
383-38-7163,31-05-2024,18:51:00,B. Comerford,Male,54,Declined to Identify,None,Not Admitted,,12
741-49-3943,26-08-2024,01:30:00,B. Jerrams,Male,62,Declined to Identify,None,Not Admitted,,38
370-94-7789,21-07-2024,00:32:00,C. Bevir,Male,49,Declined to Identify,None,Not Admitted,,18
576-47-4066,23-05-2024,02:42:00,C. Bellenie,Male,77,Declined to Identify,None,Not Admitted,,18
308-46-7089,27-05-2023,12:08:00,D. Lages,Male,71,Declined to Identify,None,Not Admitted,,19
870-38-9597,07-08-2024,03:27:00,D. Undy,Male,43,Declined to Identify,None,Not Admitted,,52
518-80-6906,27-11-2023,10:27:00,D. Dumini,Male,53,Declined to Identify,None,Not Admitted,,59
176-07-0581,18-04-2024,12:32:00,E. Parnall,Male,21,Declined to Identify,None,Not Admitted,,13
639-75-9370,24-12-2023,03:39:00,E. Kennan,Male,20,Declined to Identify,None,Not Admitted,,24
623-46-0702,21-01-2024,09:26:00,E. Saundercock,Male,13,Declined to Identify,None,Not Admitted,,41
193-70-0168,01-06-2023,17:52:00,F. Lenox,Male,54,Declined to Identify,None,Not Admitted,,11
698-56-3363,10-10-2023,08:53:00,F. Peregrine,Male,11,Declined to Identify,None,Not Admitted,,14
200-18-9917,19-11-2023,23:52:00,F. Stanlick,Male,62,Declined to Identify,None,Not Admitted,,19
592-10-1083,07-06-2024,04:25:00,F. Choulerton,Male,42,Declined to Identify,None,Not Admitted,,20
791-34-3279,28-04-2023,09:59:00,F. Kopfen,Male,40,Declined to Identify,None,Not Admitted,,21
369-83-2373,24-04-2023,19:23:00,F. Pointing,Male,6,Declined to Identify,None,Not Admitted,,35
779-40-6195,17-11-2023,11:51:00,F. Segrave,Male,22,Declined to Identify,None,Not Admitted,,36
865-05-6089,07-09-2024,09:46:00,F. Merlin,Male,65,Declined to Identify,None,Not Admitted,,46
459-67-0029,25-10-2023,11:07:00,F. Bird,Male,24,Declined to Identify,None,Not Admitted,,56
262-31-5062,08-11-2023,21:42:00,G. Sewter,Male,23,Declined to Identify,None,Not Admitted,,23
560-91-9380,12-09-2023,22:52:00,G. Caroli,Male,70,Declined to Identify,None,Not Admitted,,29
508-96-3583,12-04-2024,07:21:00,G. Varnham,Male,4,Declined to Identify,None,Not Admitted,,41
548-77-4672,11-03-2024,09:23:00,G. Vamplers,Male,57,Declined to Identify,None,Not Admitted,,43
860-19-4179,06-02-2024,16:32:00,H. Barca,Male,39,Declined to Identify,None,Not Admitted,,57
669-63-9052,25-04-2023,21:25:00,I. Shoebridge,Male,2,Declined to Identify,None,Not Admitted,,37
422-38-5979,09-06-2023,14:46:00,I. Thurstan,Male,52,Declined to Identify,None,Not Admitted,,55
352-08-3010,20-06-2024,00:14:00,K. Durker,Male,47,Declined to Identify,None,Not Admitted,,15
315-14-6189,12-10-2023,15:11:00,K. Spyvye,Male,72,Declined to Identify,None,Not Admitted,,24
869-37-9469,26-11-2023,19:44:00,K. Allin,Male,51,Declined to Identify,None,Not Admitted,,30
757-84-7402,03-08-2023,11:36:00,K. Lidbetter,Male,65,Declined to Identify,None,Not Admitted,,30
506-60-1396,26-09-2023,21:03:00,K. Schimank,Male,29,Declined to Identify,None,Not Admitted,,45
440-60-8450,08-10-2023,05:35:00,K. Bouzek,Male,28,Declined to Identify,None,Not Admitted,,50
887-46-5642,12-10-2023,06:12:00,K. Ullrich,Male,26,Declined to Identify,None,Not Admitted,,54
671-57-4844,21-10-2023,03:34:00,L. Algate,Male,34,Declined to Identify,None,Not Admitted,,23
419-20-6236,09-09-2023,21:54:00,L. Scargle,Male,46,Declined to Identify,None,Not Admitted,,26
180-02-8927,01-03-2024,04:54:00,L. Eltringham,Male,23,Declined to Identify,None,Not Admitted,,27
363-04-9232,30-10-2024,08:22:00,L. Guislin,Male,12,Declined to Identify,None,Not Admitted,,28
449-53-3671,15-08-2024,06:11:00,L. Goeff,Male,3,Declined to Identify,None,Not Admitted,,43
496-76-4104,08-08-2024,10:24:00,L. Drabble,Male,59,Declined to Identify,None,Not Admitted,,56
754-50-9684,23-07-2023,21:43:00,M. Brazelton,Male,27,Declined to Identify,None,Not Admitted,,17
342-72-7611,01-07-2023,13:10:00,M. Yeats,Male,71,Declined to Identify,None,Not Admitted,,47
861-89-2613,27-04-2024,01:47:00,M. Petyankin,Male,67,Declined to Identify,None,Not Admitted,,49
226-88-9164,03-11-2023,17:34:00,M. Scholcroft,Male,63,Declined to Identify,None,Not Admitted,,54
767-81-4954,13-04-2024,05:40:00,N. Hurtic,Male,17,Declined to Identify,None,Not Admitted,,10
507-46-3167,14-04-2023,10:49:00,N. Fackrell,Male,70,Declined to Identify,None,Not Admitted,,19
355-74-4996,30-05-2023,19:23:00,N. Copcutt,Male,4,Declined to Identify,None,Not Admitted,,22
826-59-4131,02-02-2024,05:22:00,N. Crim,Male,62,Declined to Identify,None,Not Admitted,,31
455-80-8231,01-06-2023,10:09:00,N. Rzehorz,Male,8,Declined to Identify,None,Not Admitted,,54
192-95-3144,25-07-2024,12:01:00,O. Dwire,Male,43,Declined to Identify,None,Not Admitted,,32
723-41-8126,19-03-2024,10:47:00,O. Maslen,Male,1,Declined to Identify,None,Not Admitted,,39
140-47-4325,01-06-2023,17:36:00,O. Sewell,Male,23,Declined to Identify,None,Not Admitted,,57
378-95-6646,10-10-2023,16:52:00,P. Walkling,Male,11,Declined to Identify,None,Not Admitted,,10
219-07-1932,12-03-2024,00:38:00,P. Boner,Male,30,Declined to Identify,None,Not Admitted,,21
333-27-7083,21-03-2024,16:10:00,P. Leiden,Male,38,Declined to Identify,None,Not Admitted,,25
348-15-4703,28-05-2024,03:30:00,P. Blanket,Male,27,Declined to Identify,None,Not Admitted,,27
584-23-4964,04-04-2023,13:11:00,P. Chastan,Male,39,Declined to Identify,None,Not Admitted,,29
470-63-6152,20-09-2023,17:27:00,P. Tolussi,Male,51,Declined to Identify,None,Not Admitted,,50
678-63-5805,03-08-2023,06:49:00,Q. Gheeorghie,Male,52,Declined to Identify,None,Not Admitted,,11
136-55-3865,31-08-2024,17:07:00,Q. Cubbinelli,Male,46,Declined to Identify,None,Not Admitted,,18
165-93-7320,25-08-2024,13:37:00,Q. Girvan,Male,64,Declined to Identify,None,Not Admitted,,25
345-82-9835,17-09-2023,18:42:00,Q. Radish,Male,64,Declined to Identify,None,Not Admitted,,26
679-62-5186,22-02-2024,17:58:00,Q. Burdoun,Male,78,Declined to Identify,None,Not Admitted,,38
209-93-3232,24-04-2023,11:35:00,Q. Brawn,Male,23,Declined to Identify,None,Not Admitted,,42
840-82-9693,04-09-2023,09:34:00,Q. Rubberts,Male,78,Declined to Identify,None,Not Admitted,,52
567-71-0045,02-09-2024,13:51:00,Q. McKenna,Male,71,Declined to Identify,None,Not Admitted,,56
372-52-4048,17-05-2023,21:33:00,R. Eede,Male,66,Declined to Identify,None,Not Admitted,,35
862-78-9313,29-09-2024,10:16:00,R. Raywood,Male,41,Declined to Identify,None,Not Admitted,,45
663-41-6861,23-02-2024,17:11:00,S. Raynes,Male,19,Declined to Identify,None,Not Admitted,,33
570-26-0403,23-09-2023,00:32:00,S. D'Aguanno,Male,24,Declined to Identify,None,Not Admitted,,35
411-41-2276,10-09-2024,04:33:00,S. Bygreaves,Male,7,Declined to Identify,None,Not Admitted,,36
667-90-7049,26-01-2024,03:59:00,S. Caldecourt,Male,39,Declined to Identify,None,Not Admitted,,42
756-52-5494,05-05-2024,11:28:00,T. Whetson,Male,9,Declined to Identify,None,Not Admitted,,24
801-96-6472,23-07-2024,06:24:00,T. Sheirlaw,Male,27,Declined to Identify,None,Not Admitted,,25
829-58-0293,11-08-2023,10:54:00,T. Bausor,Male,47,Declined to Identify,None,Not Admitted,,31
802-21-7879,24-04-2023,19:19:00,T. Jenk,Male,48,Declined to Identify,None,Not Admitted,,40
510-72-3447,28-10-2024,10:39:00,T. Hatz,Male,33,Declined to Identify,None,Not Admitted,,49
510-71-3837,28-06-2023,08:18:00,T. Devaney,Male,68,Declined to Identify,None,Not Admitted,,51
599-72-6200,18-05-2023,10:19:00,U. Trickey,Male,73,Declined to Identify,None,Not Admitted,,10
388-99-6135,24-10-2024,06:12:00,U. Bulfield,Male,9,Declined to Identify,None,Not Admitted,,11
822-92-9656,01-04-2024,22:18:00,U. Pendell,Male,1,Declined to Identify,None,Not Admitted,,12
715-29-1423,12-09-2024,13:23:00,U. Clemenzo,Male,30,Declined to Identify,None,Not Admitted,,16
237-21-4762,08-01-2024,10:11:00,U. Fancourt,Male,51,Declined to Identify,None,Not Admitted,,26
882-58-2131,17-08-2023,21:37:00,U. Richardin,Male,37,Declined to Identify,None,Not Admitted,,30
783-72-7030,20-08-2024,11:01:00,U. Stiles,Male,63,Declined to Identify,None,Not Admitted,,37
464-45-0661,22-10-2024,09:33:00,U. Lindner,Male,39,Declined to Identify,None,Not Admitted,,53
489-71-8195,08-08-2024,20:30:00,V. Steffan,Male,42,Declined to Identify,None,Not Admitted,,16
264-76-9841,03-07-2024,17:50:00,V. Rawdales,Male,53,Declined to Identify,None,Not Admitted,,17
315-18-9973,25-09-2024,02:02:00,V. Saladin,Male,29,Declined to Identify,None,Not Admitted,,18
737-42-0167,02-09-2024,14:16:00,V. Bayles,Male,23,Declined to Identify,None,Not Admitted,,41
687-42-5489,30-03-2024,00:17:00,W. Poore,Male,69,Declined to Identify,None,Not Admitted,,32
728-54-6250,16-08-2023,12:59:00,W. Schimek,Male,65,Declined to Identify,None,Not Admitted,,33
471-66-4521,15-07-2023,15:09:00,X. Leabeater,Male,8,Declined to Identify,None,Not Admitted,,10
258-65-6354,29-11-2023,04:10:00,X. Ferreres,Male,51,Declined to Identify,None,Not Admitted,,19
376-17-7596,25-10-2024,11:22:00,X. Tremonte,Male,72,Declined to Identify,None,Not Admitted,,38
138-44-2456,24-05-2023,13:07:00,X. Dallywater,Male,32,Declined to Identify,None,Not Admitted,,56
396-32-6551,03-07-2024,12:56:00,Y. Lightman,Male,20,Declined to Identify,None,Not Admitted,,59
318-02-7729,15-07-2023,17:51:00,Z. Clears,Male,20,Declined to Identify,None,Not Admitted,,20
649-57-9772,04-04-2024,06:50:00,Z. Walter,Male,29,Declined to Identify,None,Not Admitted,,21
133-40-1294,27-05-2023,13:54:00,Z. Marlor,Male,53,Declined to Identify,None,Not Admitted,,31
749-62-9350,01-09-2024,22:09:00,H. Aldridge,Male,1,Declined to Identify,None,Not Admitted,0,32
631-06-7500,12-08-2023,21:19:00,W. Sutcliffe,Male,51,Declined to Identify,None,Not Admitted,0,56
897-05-9313,25-10-2024,23:07:00,X. Aujean,Male,2,Declined to Identify,None,Not Admitted,0,30
789-01-8569,30-07-2023,09:31:00,K. Greves,Male,58,Declined to Identify,None,Not Admitted,1,15
838-28-2043,29-09-2023,08:54:00,S. Son,Male,51,Declined to Identify,None,Not Admitted,1,12
600-21-0825,16-05-2024,21:18:00,W. Slevin,Male,18,Declined to Identify,None,Not Admitted,1,50
587-35-6481,11-02-2024,23:52:00,M. Anfossi,Male,79,Declined to Identify,None,Not Admitted,2,33
675-22-7922,10-11-2023,22:40:00,P. Beggini,Male,76,Declined to Identify,None,Not Admitted,2,50
544-75-8121,25-08-2023,23:24:00,A. Togwell,Male,4,Declined to Identify,None,Not Admitted,3,30
407-61-5335,24-05-2024,01:12:00,W. Coolson,Male,53,Declined to Identify,None,Not Admitted,3,17
193-58-6345,28-01-2024,12:30:00,Y. Vassman,Male,6,Declined to Identify,None,Not Admitted,3,49
886-02-8536,11-09-2024,06:55:00,J. Ruselin,Male,17,Declined to Identify,None,Not Admitted,4,21
799-76-3863,20-10-2024,00:35:00,P. Lante,Male,46,Declined to Identify,None,Not Admitted,4,56
442-74-7250,23-10-2024,04:52:00,W. Jachtym,Male,41,Declined to Identify,None,Not Admitted,4,29
407-32-1027,03-10-2023,21:22:00,B. Turvey,Male,38,Declined to Identify,None,Not Admitted,5,38
813-03-6145,06-08-2024,11:00:00,N. Macewan,Male,3,Declined to Identify,None,Not Admitted,5,43
871-75-0210,12-02-2024,02:43:00,T. MacArdle,Male,76,Declined to Identify,None,Not Admitted,5,28
704-42-3319,21-04-2023,17:45:00,X. Coldbathe,Male,67,Declined to Identify,None,Not Admitted,5,40
571-79-5269,24-09-2024,08:27:00,R. Abrehart,Male,53,Declined to Identify,None,Not Admitted,6,35
363-55-0104,08-05-2023,01:41:00,X. Friar,Male,8,Declined to Identify,None,Not Admitted,6,36
314-88-4499,03-05-2024,05:37:00,B. Doy,Male,6,Declined to Identify,None,Not Admitted,7,22
740-87-7128,24-05-2024,09:48:00,B. Webster,Male,74,Declined to Identify,None,Not Admitted,7,51
596-88-7560,15-09-2023,21:50:00,C. Nowakowska,Male,20,Declined to Identify,None,Not Admitted,7,37
831-50-1174,03-07-2024,03:45:00,F. Jamary,Male,18,Declined to Identify,None,Not Admitted,7,30
501-79-5184,30-07-2023,20:01:00,K. Babalola,Male,51,Declined to Identify,None,Not Admitted,7,21
197-34-8117,15-10-2023,19:02:00,P. Gelland,Male,25,Declined to Identify,None,Not Admitted,7,27
574-67-5283,11-11-2023,10:42:00,U. Gilfether,Male,31,Declined to Identify,None,Not Admitted,7,53
807-20-6718,01-06-2023,15:43:00,Q. Seleway,Male,56,Declined to Identify,None,Not Admitted,8,17
846-06-7289,21-03-2024,13:38:00,V. Dursley,Male,41,Declined to Identify,None,Not Admitted,8,22
183-04-5484,22-06-2024,16:24:00,D. Ancell,Male,47,Declined to Identify,None,Not Admitted,10,13
103-26-4528,29-07-2024,05:58:00,D. Ambrozewicz,Male,60,Declined to Identify,None,Not Admitted,10,16
322-92-9504,17-10-2023,15:55:00,I. Riply,Male,16,Declined to Identify,None,Not Admitted,10,10
741-98-3267,01-08-2024,10:40:00,J. Branton,Male,8,Declined to Identify,None,Not Admitted,10,33
605-80-1296,03-04-2023,18:16:00,Z. Ruffles,Male,26,Declined to Identify,None,Not Admitted,10,41
421-67-9625,04-09-2023,19:33:00,C. Edwins,Male,24,Declined to Identify,Orthopedics,Not Admitted,,40
324-29-4700,27-05-2024,02:42:00,F. Bubb,Male,41,Declined to Identify,Orthopedics,Not Admitted,,13
867-15-2683,09-09-2023,19:15:00,G. Edington,Male,14,Declined to Identify,Orthopedics,Not Admitted,,36
545-31-8610,03-07-2023,20:28:00,I. Rikel,Male,7,Declined to Identify,Orthopedics,Not Admitted,,44
696-46-5892,18-08-2023,02:58:00,J. Nock,Male,11,Declined to Identify,Orthopedics,Not Admitted,,52
390-95-2404,16-10-2024,01:28:00,L. Gabe,Male,49,Declined to Identify,Orthopedics,Not Admitted,,46
394-06-7689,10-07-2023,22:25:00,U. Castagnet,Male,36,Declined to Identify,Orthopedics,Not Admitted,,50
634-25-0045,18-07-2023,01:52:00,W. Middup,Male,56,Declined to Identify,Orthopedics,Not Admitted,,50
134-05-7615,14-10-2023,14:34:00,W. Guyot,Male,40,Declined to Identify,Orthopedics,Not Admitted,,60
541-10-2365,04-04-2024,06:37:00,D. Rammell,Male,70,Declined to Identify,Orthopedics,Not Admitted,0,41
789-50-5483,27-07-2024,05:03:00,K. Wickstead,Male,73,Declined to Identify,Orthopedics,Not Admitted,0,35
644-62-8312,09-08-2024,00:34:00,O. Bille,Male,60,Declined to Identify,Orthopedics,Not Admitted,4,28
374-08-6811,05-01-2024,20:36:00,Y. Broadis,Male,9,Declined to Identify,Orthopedics,Not Admitted,8,30
606-25-1593,11-06-2023,19:38:00,K. Somerfield,Male,69,Declined to Identify,Orthopedics,Not Admitted,9,45
695-55-0089,03-07-2023,12:31:00,B. Grigaut,Male,62,Declined to Identify,Physiotherapy,Not Admitted,,27
518-99-6870,01-10-2024,15:19:00,C. Bachelar,Male,22,Declined to Identify,Physiotherapy,Not Admitted,,60
736-84-8737,26-06-2024,00:19:00,D. Spraging,Male,42,Declined to Identify,Physiotherapy,Not Admitted,,41
145-74-2366,08-10-2024,00:33:00,H. Opdenort,Male,6,Declined to Identify,Physiotherapy,Not Admitted,,18
548-86-6142,09-03-2024,09:01:00,L. Oleszczak,Male,30,Declined to Identify,Physiotherapy,Not Admitted,,45
874-40-5379,19-08-2023,11:07:00,N. Bagworth,Male,14,Declined to Identify,Physiotherapy,Not Admitted,,10
328-78-1549,21-02-2024,10:10:00,N. Kolodziej,Male,72,Declined to Identify,Physiotherapy,Not Admitted,,49
401-62-1630,02-08-2023,11:01:00,W. Balassa,Male,33,Declined to Identify,Physiotherapy,Not Admitted,,39
414-23-6748,22-06-2023,03:56:00,Y. Wonham,Male,49,Declined to Identify,Physiotherapy,Not Admitted,,49
802-04-8013,16-12-2023,01:56:00,Z. Trainor,Male,21,Declined to Identify,Physiotherapy,Not Admitted,8,46
514-92-4822,13-02-2024,20:36:00,A. Lichfield,Male,70,Declined to Identify,Renal,Not Admitted,,23
136-91-3908,29-05-2023,05:34:00,O. D'Ambrogio,Male,13,Declined to Identify,Renal,Not Admitted,,42
524-01-4528,13-06-2024,07:17:00,R. Born,Male,76,Declined to Identify,Renal,Not Admitted,,54
595-99-4674,13-12-2023,02:44:00,Q. Medlen,Male,31,Declined to Identify,Renal,Not Admitted,9,14
439-58-8398,17-08-2024,10:39:00,E. Wendover,Male,72,Native American/Alaska Native,Cardiology,Not Admitted,6,58
277-32-2308,08-04-2024,00:55:00,G. Van der Mark,Male,15,Native American/Alaska Native,Cardiology,Not Admitted,10,18
657-69-7469,13-10-2024,23:40:00,B. Kidd,Male,60,Native American/Alaska Native,General Practice,Not Admitted,,17
283-41-9667,12-11-2023,05:06:00,B. Grunnell,Male,49,Native American/Alaska Native,General Practice,Not Admitted,,59
758-75-2960,07-10-2024,07:08:00,G. Rickell,Male,45,Native American/Alaska Native,General Practice,Not Admitted,,11
733-79-4603,03-05-2024,17:59:00,H. Mcimmie,Male,69,Native American/Alaska Native,General Practice,Not Admitted,,16
528-10-4398,02-08-2024,09:38:00,H. McQuin,Male,12,Native American/Alaska Native,General Practice,Not Admitted,,37
213-83-0677,03-06-2023,00:07:00,O. Rundall,Male,62,Native American/Alaska Native,General Practice,Not Admitted,,11
693-24-9026,13-06-2024,18:18:00,Q. Sayers,Male,27,Native American/Alaska Native,General Practice,Not Admitted,,32
218-44-6635,30-04-2023,04:41:00,R. Parsons,Male,36,Native American/Alaska Native,General Practice,Not Admitted,,13
360-59-1270,12-04-2023,22:50:00,T. Coneley,Male,30,Native American/Alaska Native,General Practice,Not Admitted,,59
241-39-9857,11-04-2023,05:14:00,U. Petett,Male,23,Native American/Alaska Native,General Practice,Not Admitted,,57
870-29-5321,18-05-2024,18:08:00,V. Aleksankin,Male,56,Native American/Alaska Native,General Practice,Not Admitted,,32
663-84-5771,15-07-2023,15:06:00,W. Bucktrout,Male,61,Native American/Alaska Native,General Practice,Not Admitted,,44
573-53-7688,26-09-2023,07:45:00,X. Nolton,Male,67,Native American/Alaska Native,General Practice,Not Admitted,,22
844-95-3112,11-12-2023,13:23:00,Y. Speechly,Male,61,Native American/Alaska Native,General Practice,Not Admitted,,24
196-64-2615,07-06-2024,09:41:00,Y. Kinnock,Male,65,Native American/Alaska Native,General Practice,Not Admitted,,51
393-87-9467,12-07-2023,20:36:00,V. Akam,Male,2,Native American/Alaska Native,General Practice,Not Admitted,0,26
866-64-8724,23-07-2023,10:21:00,I. Londer,Male,49,Native American/Alaska Native,General Practice,Not Admitted,2,42
691-99-7802,08-07-2024,07:37:00,E. Abele,Male,51,Native American/Alaska Native,General Practice,Not Admitted,3,31
866-27-9262,18-05-2023,17:11:00,T. Dureden,Male,37,Native American/Alaska Native,General Practice,Not Admitted,3,16
319-44-8371,30-10-2023,00:20:00,C. Nangle,Male,48,Native American/Alaska Native,General Practice,Not Admitted,4,22
769-98-7974,07-10-2023,06:44:00,E. Garnett,Male,9,Native American/Alaska Native,General Practice,Not Admitted,5,48
661-01-7056,03-11-2023,08:54:00,F. Cowlas,Male,42,Native American/Alaska Native,General Practice,Not Admitted,8,60
328-03-8699,06-02-2024,06:31:00,Z. Brellin,Male,45,Native American/Alaska Native,General Practice,Not Admitted,9,37
783-31-4079,23-07-2024,23:29:00,A. Stirman,Male,3,Native American/Alaska Native,General Practice,Not Admitted,10,15
835-43-3416,31-05-2023,17:24:00,G. MacClancey,Male,74,Native American/Alaska Native,General Practice,Not Admitted,10,60
585-33-1678,06-06-2023,11:53:00,N. Beamand,Male,77,Native American/Alaska Native,Neurology,Not Admitted,,45
299-32-9018,30-04-2023,04:19:00,R. Kerins,Male,4,Native American/Alaska Native,Neurology,Not Admitted,,27
867-67-1720,11-10-2023,17:34:00,A. Delete,Male,14,Native American/Alaska Native,None,Not Admitted,,18
812-38-6594,19-11-2023,07:44:00,A. Schoroder,Male,29,Native American/Alaska Native,None,Not Admitted,,24
480-68-4648,23-11-2023,10:30:00,A. Templeton,Male,49,Native American/Alaska Native,None,Not Admitted,,24
693-48-7205,20-09-2024,03:41:00,B. Smalridge,Male,12,Native American/Alaska Native,None,Not Admitted,,47
595-53-2097,04-10-2024,07:58:00,B. Twinborough,Male,58,Native American/Alaska Native,None,Not Admitted,,54
748-02-4547,29-06-2023,21:32:00,B. Ledram,Male,71,Native American/Alaska Native,None,Not Admitted,,54
700-08-2429,16-12-2023,17:01:00,C. Barthropp,Male,45,Native American/Alaska Native,None,Not Admitted,,10
483-90-5282,07-08-2024,10:51:00,C. Ertelt,Male,23,Native American/Alaska Native,None,Not Admitted,,28
742-84-8134,15-11-2023,04:52:00,D. Beale,Male,50,Native American/Alaska Native,None,Not Admitted,,24
106-90-6844,08-05-2023,13:38:00,D. Pluck,Male,66,Native American/Alaska Native,None,Not Admitted,,29
639-86-3384,24-03-2024,08:20:00,D. Petrozzi,Male,68,Native American/Alaska Native,None,Not Admitted,,29
184-99-9736,04-07-2023,13:44:00,D. Trownson,Male,35,Native American/Alaska Native,None,Not Admitted,,30
555-26-1090,08-02-2024,22:10:00,E. Licence,Male,69,Native American/Alaska Native,None,Not Admitted,,38
311-60-5245,29-04-2024,19:12:00,E. Boc,Male,20,Native American/Alaska Native,None,Not Admitted,,40
874-83-4874,27-02-2024,04:29:00,F. Simchenko,Male,67,Native American/Alaska Native,None,Not Admitted,,16
691-78-7775,17-10-2023,11:01:00,F. Ennew,Male,8,Native American/Alaska Native,None,Not Admitted,,32
883-50-9955,28-07-2024,22:17:00,F. Keogh,Male,42,Native American/Alaska Native,None,Not Admitted,,50
329-17-7774,20-08-2023,01:13:00,F. Minihan,Male,43,Native American/Alaska Native,None,Not Admitted,,60
658-31-6075,29-07-2024,10:01:00,G. Tremblot,Male,73,Native American/Alaska Native,None,Not Admitted,,51
581-96-1885,10-03-2024,23:29:00,G. Sigmund,Male,18,Native American/Alaska Native,None,Not Admitted,,58
350-22-3902,21-08-2023,12:30:00,H. Arend,Male,13,Native American/Alaska Native,None,Not Admitted,,47
339-34-7290,31-08-2024,02:30:00,I. Crummey,Male,75,Native American/Alaska Native,None,Not Admitted,,11
248-89-4575,10-07-2023,22:40:00,I. Tosdevin,Male,39,Native American/Alaska Native,None,Not Admitted,,27
663-08-4603,30-06-2024,09:56:00,I. Beverstock,Male,31,Native American/Alaska Native,None,Not Admitted,,34
504-78-6609,28-04-2023,13:15:00,J. Di Francecshi,Male,40,Native American/Alaska Native,None,Not Admitted,,23
777-76-9816,06-05-2024,18:17:00,J. Hartop,Male,7,Native American/Alaska Native,None,Not Admitted,,33
687-34-3845,10-03-2024,16:52:00,K. Tandy,Male,26,Native American/Alaska Native,None,Not Admitted,,43
148-50-5807,25-04-2024,09:39:00,L. Kennedy,Male,18,Native American/Alaska Native,None,Not Admitted,,25
468-23-6357,08-01-2024,22:22:00,L. De Bruyne,Male,61,Native American/Alaska Native,None,Not Admitted,,52
723-46-9161,06-10-2023,08:58:00,L. Adess,Male,30,Native American/Alaska Native,None,Not Admitted,,58
198-07-1293,25-02-2024,12:45:00,M. Blanking,Male,58,Native American/Alaska Native,None,Not Admitted,,35
702-69-6189,07-12-2023,11:15:00,M. Ginn,Male,26,Native American/Alaska Native,None,Not Admitted,,49
112-20-6496,05-01-2024,04:14:00,N. Spehr,Male,16,Native American/Alaska Native,None,Not Admitted,,20
516-97-1661,20-09-2024,03:05:00,N. Antonio,Male,22,Native American/Alaska Native,None,Not Admitted,,36
625-37-2749,16-04-2024,04:51:00,N. Noel,Male,69,Native American/Alaska Native,None,Not Admitted,,58
491-68-4558,28-03-2024,03:47:00,O. Dawdary,Male,19,Native American/Alaska Native,None,Not Admitted,,15
251-42-6932,20-10-2023,15:11:00,P. Cooch,Male,44,Native American/Alaska Native,None,Not Admitted,,48
806-36-0588,04-08-2024,00:33:00,R. Faulks,Male,78,Native American/Alaska Native,None,Not Admitted,,43
216-06-1190,14-07-2023,22:10:00,S. Bland,Male,15,Native American/Alaska Native,None,Not Admitted,,37
186-99-6396,15-04-2023,10:05:00,T. Szepe,Male,78,Native American/Alaska Native,None,Not Admitted,,48
830-06-4916,16-03-2024,05:02:00,T. Colley,Male,67,Native American/Alaska Native,None,Not Admitted,,54
132-30-5293,03-03-2024,13:46:00,V. Bussy,Male,5,Native American/Alaska Native,None,Not Admitted,,56
537-37-0895,26-07-2024,06:02:00,X. Woodvine,Male,50,Native American/Alaska Native,None,Not Admitted,,14
148-25-3695,01-09-2023,15:11:00,X. Lillegard,Male,48,Native American/Alaska Native,None,Not Admitted,,44
858-55-0031,30-08-2024,18:14:00,Y. Edmeads,Male,36,Native American/Alaska Native,None,Not Admitted,,13
850-07-0244,12-08-2024,12:40:00,B. Rudinger,Male,59,Native American/Alaska Native,None,Not Admitted,0,22
126-18-1278,14-01-2024,16:30:00,C. Auger,Male,70,Native American/Alaska Native,None,Not Admitted,0,22
131-10-7789,08-05-2023,00:58:00,E. Meldrum,Male,41,Native American/Alaska Native,None,Not Admitted,1,36
543-86-2381,23-02-2024,06:42:00,J. Jamieson,Male,59,Native American/Alaska Native,None,Not Admitted,2,43
804-46-9415,19-04-2024,09:30:00,H. Puddifer,Male,26,Native American/Alaska Native,None,Not Admitted,3,10
498-68-8416,09-05-2024,01:59:00,S. Barrus,Male,33,Native American/Alaska Native,None,Not Admitted,3,37
261-13-3460,07-09-2023,12:24:00,F. Mingame,Male,58,Native American/Alaska Native,None,Not Admitted,4,53
334-92-1880,24-07-2023,23:30:00,O. Wesley,Male,13,Native American/Alaska Native,None,Not Admitted,4,56
322-73-8642,22-10-2024,16:34:00,F. Keogh,Male,18,Native American/Alaska Native,None,Not Admitted,5,52
501-82-7238,09-06-2024,08:51:00,I. Franciotti,Male,70,Native American/Alaska Native,None,Not Admitted,5,33
410-70-9311,14-04-2023,18:21:00,Z. Mundee,Male,12,Native American/Alaska Native,None,Not Admitted,5,33
308-11-1238,19-11-2023,04:51:00,I. Godlee,Male,27,Native American/Alaska Native,None,Not Admitted,7,28
364-42-5620,23-07-2023,10:17:00,M. Bretelle,Male,48,Native American/Alaska Native,None,Not Admitted,7,41
410-16-6184,06-05-2023,12:14:00,O. Danieli,Male,4,Native American/Alaska Native,None,Not Admitted,8,32
805-29-5064,23-08-2023,15:30:00,V. Giorgielli,Male,8,Native American/Alaska Native,None,Not Admitted,8,60
537-13-0339,25-01-2024,10:19:00,F. Giggs,Male,35,Native American/Alaska Native,None,Not Admitted,9,51
695-48-3258,09-11-2023,03:59:00,N. Jantot,Male,62,Native American/Alaska Native,Orthopedics,Not Admitted,,57
125-78-3248,27-07-2023,15:05:00,P. Babst,Male,29,Native American/Alaska Native,Orthopedics,Not Admitted,,25
544-63-0784,09-08-2024,03:12:00,P. Cappleman,Male,74,Native American/Alaska Native,Orthopedics,Not Admitted,,56
330-45-2025,06-03-2024,07:40:00,U. Pitman,Male,69,Native American/Alaska Native,Orthopedics,Not Admitted,,31
213-44-8981,09-04-2024,17:45:00,X. Lebang,Male,60,Native American/Alaska Native,Orthopedics,Not Admitted,,49
299-16-0016,03-01-2024,04:38:00,Z. Boulder,Male,16,Native American/Alaska Native,Orthopedics,Not Admitted,,20
323-73-5214,04-01-2024,03:07:00,Z. Andrelli,Male,27,Native American/Alaska Native,Orthopedics,Not Admitted,,53
398-53-4396,04-08-2024,19:52:00,E. Dunsford,Male,28,Native American/Alaska Native,Orthopedics,Not Admitted,0,40
768-15-4619,26-12-2023,01:11:00,C. Newson,Male,16,Native American/Alaska Native,Orthopedics,Not Admitted,8,25
400-21-4570,16-02-2024,22:59:00,A. Gallegos,Male,73,Native American/Alaska Native,Physiotherapy,Not Admitted,,45
219-14-6147,10-01-2024,09:15:00,Z. Girardengo,Male,63,Native American/Alaska Native,Renal,Not Admitted,,10
646-41-6242,24-04-2024,23:12:00,F. Roget,Male,70,Pacific Islander,Cardiology,Not Admitted,,47
230-64-7688,12-08-2023,21:30:00,K. Espinheira,Male,74,Pacific Islander,Cardiology,Not Admitted,,18
412-11-9829,31-07-2024,22:00:00,K. Wines,Male,7,Pacific Islander,Cardiology,Not Admitted,,49
630-34-6448,28-04-2023,18:16:00,N. Causton,Male,28,Pacific Islander,Cardiology,Not Admitted,,23
278-16-5571,20-02-2024,22:12:00,S. Sebert,Male,6,Pacific Islander,Cardiology,Not Admitted,,53
516-07-4192,26-08-2023,12:28:00,P. Lotte,Male,6,Pacific Islander,Gastroenterology,Not Admitted,,48
402-93-4014,27-05-2023,06:41:00,H. Shuttell,Male,38,Pacific Islander,Gastroenterology,Not Admitted,10,49
122-57-7501,08-05-2024,08:30:00,L. Artz,Male,19,Pacific Islander,Gastroenterology,Not Admitted,10,47
550-70-0152,09-05-2023,09:39:00,A. Kuscha,Male,76,Pacific Islander,General Practice,Not Admitted,,34
497-73-0149,06-01-2024,19:29:00,D. Vigors,Male,5,Pacific Islander,General Practice,Not Admitted,,16
866-87-1957,03-10-2023,21:44:00,J. Cressingham,Male,42,Pacific Islander,General Practice,Not Admitted,,17
306-57-7978,04-09-2024,05:58:00,J. Burston,Male,62,Pacific Islander,General Practice,Not Admitted,,28
575-58-8181,17-01-2024,23:43:00,J. Rimington,Male,55,Pacific Islander,General Practice,Not Admitted,,42
437-92-3747,11-09-2024,16:41:00,K. Pedwell,Male,38,Pacific Islander,General Practice,Not Admitted,,11
307-92-3400,16-04-2023,01:52:00,K. Caslett,Male,11,Pacific Islander,General Practice,Not Admitted,,38
112-29-0583,17-09-2023,07:06:00,K. Gynni,Male,5,Pacific Islander,General Practice,Not Admitted,,59
149-06-7304,17-11-2023,22:34:00,M. Legen,Male,19,Pacific Islander,General Practice,Not Admitted,,32
437-71-7777,07-08-2024,11:17:00,N. Byram,Male,14,Pacific Islander,General Practice,Not Admitted,,10
238-23-8191,04-12-2023,01:08:00,N. Gatherer,Male,73,Pacific Islander,General Practice,Not Admitted,,22
198-80-3135,27-12-2023,03:01:00,O. Alderwick,Male,52,Pacific Islander,General Practice,Not Admitted,,40
773-65-6904,21-05-2024,09:15:00,Q. Vila,Male,57,Pacific Islander,General Practice,Not Admitted,,34
500-37-6455,31-08-2023,16:32:00,Q. Parradine,Male,44,Pacific Islander,General Practice,Not Admitted,,38
485-52-4633,05-08-2024,05:13:00,T. Burgane,Male,18,Pacific Islander,General Practice,Not Admitted,,13
753-69-2921,05-04-2023,15:08:00,T. McInerney,Male,76,Pacific Islander,General Practice,Not Admitted,,27
461-10-5835,03-10-2024,11:19:00,U. Rutty,Male,42,Pacific Islander,General Practice,Not Admitted,,48
468-40-7586,24-03-2024,15:43:00,V. Ardron,Male,13,Pacific Islander,General Practice,Not Admitted,,29
183-34-1466,21-12-2023,13:57:00,V. Antoons,Male,79,Pacific Islander,General Practice,Not Admitted,,40
608-99-9818,05-10-2024,23:08:00,X. Olney,Male,41,Pacific Islander,General Practice,Not Admitted,,50
389-57-3830,14-11-2023,13:59:00,Z. Kunzler,Male,26,Pacific Islander,General Practice,Not Admitted,,50
209-24-5193,23-12-2023,07:56:00,V. Fitchett,Male,31,Pacific Islander,General Practice,Not Admitted,0,15
200-47-4120,19-07-2023,10:30:00,N. Ricket,Male,77,Pacific Islander,General Practice,Not Admitted,3,29
408-93-7396,12-09-2023,18:36:00,R. Gunney,Male,72,Pacific Islander,General Practice,Not Admitted,3,44
611-62-1333,02-03-2024,03:50:00,T. Ianetti,Male,51,Pacific Islander,General Practice,Not Admitted,4,40
846-33-1744,18-02-2024,23:33:00,S. Nutting,Male,27,Pacific Islander,General Practice,Not Admitted,6,25
685-53-9518,09-04-2024,20:19:00,N. Dignall,Male,64,Pacific Islander,General Practice,Not Admitted,7,39
271-73-5806,29-11-2023,23:00:00,I. Teather,Male,46,Pacific Islander,General Practice,Not Admitted,9,46
337-97-5948,01-08-2024,00:25:00,V. Henric,Male,78,Pacific Islander,General Practice,Not Admitted,9,36
618-62-6094,05-05-2023,01:49:00,B. Shrigley,Male,27,Pacific Islander,Neurology,Not Admitted,,24
284-29-1399,04-09-2023,16:31:00,C. O'Cannon,Male,13,Pacific Islander,Neurology,Not Admitted,,31
420-73-7015,11-10-2023,08:23:00,T. Stenner,Male,79,Pacific Islander,Neurology,Not Admitted,,15
438-36-2108,26-03-2024,05:32:00,A. Muller,Male,33,Pacific Islander,None,Not Admitted,,12
404-31-3488,01-06-2023,13:23:00,A. Scallon,Male,67,Pacific Islander,None,Not Admitted,,39
118-97-5167,25-10-2024,19:58:00,A. Kennelly,Male,78,Pacific Islander,None,Not Admitted,,39
875-73-1721,10-08-2024,01:02:00,A. Pitrelli,Male,31,Pacific Islander,None,Not Admitted,,51
155-49-8625,27-09-2023,01:01:00,B. Bunney,Male,64,Pacific Islander,None,Not Admitted,,14
466-18-4689,30-04-2023,07:20:00,C. Tregensoe,Male,37,Pacific Islander,None,Not Admitted,,28
318-93-4219,17-10-2024,21:29:00,D. Blaksland,Male,57,Pacific Islander,None,Not Admitted,,13
309-31-4290,16-11-2023,09:17:00,D. Laible,Male,54,Pacific Islander,None,Not Admitted,,48
334-28-4596,24-08-2024,15:56:00,E. Belchamp,Male,61,Pacific Islander,None,Not Admitted,,33
333-23-4575,17-09-2024,12:08:00,F. Cabena,Male,19,Pacific Islander,None,Not Admitted,,19
338-24-1649,08-12-2023,18:55:00,F. Winskill,Male,45,Pacific Islander,None,Not Admitted,,33
275-94-9976,28-01-2024,07:51:00,G. Burde,Male,30,Pacific Islander,None,Not Admitted,,23
429-56-6759,04-01-2024,13:46:00,H. Winslade,Male,62,Pacific Islander,None,Not Admitted,,22
378-24-4152,10-09-2024,00:07:00,I. Attwoul,Male,48,Pacific Islander,None,Not Admitted,,35
699-82-7292,23-10-2024,23:26:00,I. Klimashevich,Male,19,Pacific Islander,None,Not Admitted,,36
405-69-6541,29-11-2023,11:01:00,J. Yeldon,Male,79,Pacific Islander,None,Not Admitted,,26
722-52-9830,24-05-2024,07:55:00,K. Arguile,Male,57,Pacific Islander,None,Not Admitted,,57
396-36-0799,10-02-2024,09:27:00,K. Dyshart,Male,25,Pacific Islander,None,Not Admitted,,59
893-95-2429,06-06-2023,10:25:00,L. Laffoley-Lane,Male,42,Pacific Islander,None,Not Admitted,,14
522-78-1715,28-06-2024,22:03:00,L. Philipart,Male,24,Pacific Islander,None,Not Admitted,,25
776-73-6961,07-06-2023,04:22:00,L. Wissbey,Male,54,Pacific Islander,None,Not Admitted,,54
357-19-2990,01-11-2023,22:49:00,L. Weekly,Male,24,Pacific Islander,None,Not Admitted,,55
890-49-1894,27-06-2024,10:26:00,M. Scimone,Male,13,Pacific Islander,None,Not Admitted,,12
640-48-4878,02-02-2024,06:33:00,M. Elvy,Male,59,Pacific Islander,None,Not Admitted,,43
179-53-8316,23-05-2024,20:37:00,M. Cumbers,Male,22,Pacific Islander,None,Not Admitted,,45
473-15-4074,15-04-2023,03:28:00,M. Brimfield,Male,78,Pacific Islander,None,Not Admitted,,54
296-45-1574,22-12-2023,06:22:00,M. Windibank,Male,31,Pacific Islander,None,Not Admitted,,55
240-91-0423,04-08-2023,05:28:00,N. Hitschke,Male,14,Pacific Islander,None,Not Admitted,,20
629-41-3758,10-08-2023,15:48:00,N. Sporgeon,Male,41,Pacific Islander,None,Not Admitted,,22
735-67-4512,29-05-2024,17:07:00,N. Overton,Male,59,Pacific Islander,None,Not Admitted,,34
516-82-9080,07-09-2023,05:42:00,N. Klosser,Male,43,Pacific Islander,None,Not Admitted,,52
526-99-9283,24-01-2024,09:46:00,O. Dennert,Male,44,Pacific Islander,None,Not Admitted,,23
207-64-8402,08-06-2024,09:57:00,O. Skivington,Male,31,Pacific Islander,None,Not Admitted,,58
137-63-3880,15-06-2023,06:28:00,P. Ivie,Male,26,Pacific Islander,None,Not Admitted,,21
731-63-7305,17-12-2023,11:08:00,P. Lago,Male,64,Pacific Islander,None,Not Admitted,,36
292-29-7969,13-01-2024,08:59:00,P. Shayes,Male,65,Pacific Islander,None,Not Admitted,,37
701-50-9412,03-06-2023,03:48:00,P. Kordt,Male,43,Pacific Islander,None,Not Admitted,,41
751-70-2352,08-06-2024,20:49:00,R. Bernini,Male,11,Pacific Islander,None,Not Admitted,,48
308-97-7916,23-09-2024,00:50:00,R. Smale,Male,8,Pacific Islander,None,Not Admitted,,57
364-16-5242,06-06-2024,04:48:00,S. Stuchbury,Male,13,Pacific Islander,None,Not Admitted,,43
888-84-7651,21-04-2024,22:09:00,S. Pleasance,Male,73,Pacific Islander,None,Not Admitted,,44
556-05-0837,16-10-2023,20:41:00,T. Tooth,Male,68,Pacific Islander,None,Not Admitted,,10
753-19-0778,05-10-2023,23:56:00,T. Spaducci,Male,12,Pacific Islander,None,Not Admitted,,11
728-86-5184,27-08-2024,02:31:00,T. MacAne,Male,79,Pacific Islander,None,Not Admitted,,17
875-52-8869,19-09-2023,05:11:00,T. Wand,Male,64,Pacific Islander,None,Not Admitted,,20
810-10-6393,18-08-2024,07:35:00,U. Bonifacio,Male,45,Pacific Islander,None,Not Admitted,,10
182-98-4289,08-05-2024,07:22:00,U. McKerlie,Male,15,Pacific Islander,None,Not Admitted,,21
844-75-6188,07-05-2024,20:06:00,U. Echallier,Male,15,Pacific Islander,None,Not Admitted,,29
876-55-5877,12-10-2024,22:26:00,U. Mothersole,Male,32,Pacific Islander,None,Not Admitted,,34
589-78-6787,22-08-2024,07:07:00,V. Partridge,Male,7,Pacific Islander,None,Not Admitted,,34
116-36-0093,10-08-2023,03:21:00,W. Gwilt,Male,40,Pacific Islander,None,Not Admitted,,49
216-88-0117,27-08-2023,11:16:00,W. Rodbourne,Male,58,Pacific Islander,None,Not Admitted,,55
866-88-0473,12-06-2023,05:07:00,X. Iddiens,Male,58,Pacific Islander,None,Not Admitted,,15
148-63-5704,04-09-2023,02:43:00,Y. Olden,Male,31,Pacific Islander,None,Not Admitted,,60
156-69-0132,08-03-2024,22:32:00,Z. Peachman,Male,37,Pacific Islander,None,Not Admitted,,29
165-23-5765,21-04-2024,12:12:00,Z. Scurry,Male,17,Pacific Islander,None,Not Admitted,,55
145-73-4921,23-04-2024,00:52:00,Z. Screwton,Male,69,Pacific Islander,None,Not Admitted,,55
292-11-9160,20-11-2023,19:09:00,Z. Riche,Male,37,Pacific Islander,None,Not Admitted,,59
227-23-5068,01-03-2024,22:27:00,F. Faherty,Male,78,Pacific Islander,None,Not Admitted,1,60
542-43-2204,29-02-2024,20:47:00,Z. Cottage,Male,67,Pacific Islander,None,Not Admitted,1,14
541-60-5377,17-02-2024,03:34:00,V. Quye,Male,5,Pacific Islander,None,Not Admitted,3,28
389-46-5464,11-10-2024,00:27:00,F. Gateman,Male,9,Pacific Islander,None,Not Admitted,4,39
626-10-0620,29-08-2023,15:45:00,I. Duffitt,Male,20,Pacific Islander,None,Not Admitted,4,44
119-84-9558,28-01-2024,09:56:00,T. Drache,Male,12,Pacific Islander,None,Not Admitted,4,39
167-15-7518,13-02-2024,17:36:00,H. Coppenhall,Male,73,Pacific Islander,None,Not Admitted,5,55
755-92-1392,23-07-2023,12:33:00,P. MacKomb,Male,57,Pacific Islander,None,Not Admitted,5,15
651-08-2231,04-02-2024,09:40:00,Y. Joret,Male,63,Pacific Islander,None,Not Admitted,6,44
783-71-2901,04-11-2023,08:17:00,Y. Prandy,Male,31,Pacific Islander,None,Not Admitted,6,56
847-95-6147,06-08-2023,07:42:00,F. Kilgallen,Male,9,Pacific Islander,None,Not Admitted,7,19
236-48-3172,12-09-2024,22:16:00,I. Rubica,Male,39,Pacific Islander,None,Not Admitted,7,35
225-87-5051,03-08-2024,04:37:00,G. Swinfen,Male,47,Pacific Islander,None,Not Admitted,8,13
218-28-1324,17-03-2024,02:03:00,J. Saunton,Male,36,Pacific Islander,None,Not Admitted,9,58
257-71-5722,31-07-2024,00:53:00,M. Chrystie,Male,13,Pacific Islander,None,Not Admitted,9,48
451-55-0085,15-05-2024,02:55:00,U. Izard,Male,72,Pacific Islander,None,Not Admitted,10,29
128-30-7104,30-11-2023,00:21:00,A. Grafhom,Male,58,Pacific Islander,Orthopedics,Not Admitted,,56
796-12-3706,16-10-2023,20:17:00,C. Burr,Male,78,Pacific Islander,Orthopedics,Not Admitted,,43
651-52-1504,21-09-2024,02:11:00,E. Brockley,Male,15,Pacific Islander,Orthopedics,Not Admitted,,45
290-26-2181,23-09-2023,23:08:00,G. Ablitt,Male,23,Pacific Islander,Orthopedics,Not Admitted,,27
783-94-4066,19-09-2023,08:20:00,G. Malkin,Male,13,Pacific Islander,Orthopedics,Not Admitted,,46
141-16-6774,28-10-2024,21:50:00,M. Bakewell,Male,51,Pacific Islander,Orthopedics,Not Admitted,,18
420-49-1092,08-11-2023,13:38:00,N. Rubroe,Male,70,Pacific Islander,Orthopedics,Not Admitted,,18
729-26-8869,21-06-2023,03:25:00,N. Spurge,Male,33,Pacific Islander,Orthopedics,Not Admitted,,25
804-80-4289,07-01-2024,22:32:00,Q. Lomax,Male,63,Pacific Islander,Orthopedics,Not Admitted,,41
226-26-8565,22-05-2024,18:30:00,R. Broadhurst,Male,40,Pacific Islander,Orthopedics,Not Admitted,,51
341-94-2072,17-10-2024,20:55:00,F. Fashion,Male,49,Pacific Islander,Orthopedics,Not Admitted,0,30
504-59-9776,06-05-2023,07:07:00,P. Chavez,Male,67,Pacific Islander,Physiotherapy,Not Admitted,,25
474-93-8205,28-10-2024,07:18:00,Q. Konke,Male,58,Pacific Islander,Physiotherapy,Not Admitted,,53
752-34-8096,11-11-2023,14:28:00,W. Burnet,Male,57,Pacific Islander,Physiotherapy,Not Admitted,,59
532-37-4005,16-06-2023,03:27:00,Y. Harly,Male,67,Pacific Islander,Physiotherapy,Not Admitted,,29
510-24-2831,08-09-2023,20:55:00,M. Polino,Male,79,Pacific Islander,Physiotherapy,Not Admitted,9,27
316-76-8097,07-07-2024,06:05:00,A. Tevelov,Male,35,Two or More Races,Cardiology,Not Admitted,,33
637-52-8720,12-07-2024,04:16:00,F. Gitthouse,Male,61,Two or More Races,Cardiology,Not Admitted,,27
644-72-8499,30-09-2024,15:36:00,I. Witten,Male,68,Two or More Races,Cardiology,Not Admitted,,17
839-52-8308,12-06-2024,16:42:00,L. Scanderet,Male,32,Two or More Races,Cardiology,Not Admitted,,49
639-72-8897,10-04-2024,09:03:00,Q. Haslum,Male,10,Two or More Races,Cardiology,Not Admitted,,19
246-91-3426,21-05-2024,08:26:00,Q. Betz,Male,65,Two or More Races,Cardiology,Not Admitted,,44
889-96-0276,01-04-2023,22:10:00,Q. Purseglove,Male,10,Two or More Races,Cardiology,Not Admitted,,45
583-68-4800,13-10-2024,07:36:00,Q. Way,Male,15,Two or More Races,Cardiology,Not Admitted,,51
471-10-2260,31-12-2023,05:06:00,T. Carey,Male,30,Two or More Races,Cardiology,Not Admitted,,14
728-50-2926,24-03-2024,11:47:00,T. Rashleigh,Male,49,Two or More Races,Cardiology,Not Admitted,,43
206-57-4155,19-12-2023,22:41:00,X. Belle,Male,49,Two or More Races,Cardiology,Not Admitted,,29
237-05-9734,23-07-2024,04:57:00,E. Forsdike,Male,37,Two or More Races,Cardiology,Not Admitted,3,12
506-63-9917,19-11-2023,02:39:00,S. Peniman,Male,47,Two or More Races,Cardiology,Not Admitted,6,51
269-42-7536,29-02-2024,23:12:00,S. Rate,Male,15,Two or More Races,Cardiology,Not Admitted,7,33
729-22-1036,18-05-2023,04:06:00,R. Jozefczak,Male,23,Two or More Races,Cardiology,Not Admitted,8,16
311-54-5268,13-05-2024,14:30:00,T. Ware,Male,45,Two or More Races,Cardiology,Not Admitted,8,30
567-79-4489,29-10-2024,18:51:00,S. Zelley,Male,3,Two or More Races,Cardiology,Not Admitted,9,40
604-67-4072,06-07-2024,04:04:00,G. Comiam,Male,55,Two or More Races,Gastroenterology,Not Admitted,,43
327-39-0494,03-09-2024,03:52:00,H. Wharby,Male,19,Two or More Races,Gastroenterology,Not Admitted,,17
571-03-9350,15-09-2024,04:41:00,O. Dounbare,Male,66,Two or More Races,Gastroenterology,Not Admitted,,37
774-05-5714,01-08-2024,17:41:00,U. Mariette,Male,31,Two or More Races,Gastroenterology,Not Admitted,,20
354-05-8896,01-10-2024,08:31:00,V. Gorrissen,Male,36,Two or More Races,Gastroenterology,Not Admitted,,33
609-61-5196,02-11-2023,14:42:00,M. Knowlson,Male,43,Two or More Races,Gastroenterology,Not Admitted,9,39
710-08-1839,20-09-2024,13:49:00,A. Hourstan,Male,11,Two or More Races,General Practice,Not Admitted,,17
669-23-3949,01-08-2024,10:21:00,A. Gadsdon,Male,7,Two or More Races,General Practice,Not Admitted,,32
127-74-5580,27-05-2024,04:02:00,B. Lambswood,Male,17,Two or More Races,General Practice,Not Admitted,,10
534-18-3151,03-12-2023,01:48:00,B. Collibear,Male,67,Two or More Races,General Practice,Not Admitted,,37
758-21-5102,24-05-2024,14:58:00,B. Schwandermann,Male,33,Two or More Races,General Practice,Not Admitted,,39
523-65-6493,28-06-2024,01:56:00,B. Hulk,Male,26,Two or More Races,General Practice,Not Admitted,,40
796-69-6311,12-08-2023,15:48:00,B. Heffer,Male,62,Two or More Races,General Practice,Not Admitted,,44
153-10-3389,01-12-2023,06:34:00,B. Ruzek,Male,12,Two or More Races,General Practice,Not Admitted,,59
159-05-9428,31-05-2024,03:47:00,E. Bartolomieu,Male,62,Two or More Races,General Practice,Not Admitted,,25
751-78-5779,22-08-2023,07:27:00,F. Orehead,Male,71,Two or More Races,General Practice,Not Admitted,,60
648-17-3878,26-06-2024,18:51:00,G. Penkman,Male,24,Two or More Races,General Practice,Not Admitted,,11
109-22-5491,26-06-2024,13:41:00,G. Reisenstein,Male,39,Two or More Races,General Practice,Not Admitted,,53
781-15-8827,29-09-2023,02:51:00,H. Steptow,Male,18,Two or More Races,General Practice,Not Admitted,,29
308-38-1759,13-06-2024,20:52:00,I. Oliveira,Male,79,Two or More Races,General Practice,Not Admitted,,18
495-09-1764,08-09-2023,23:31:00,I. Bocken,Male,4,Two or More Races,General Practice,Not Admitted,,21
169-41-1872,10-12-2023,13:07:00,I. Ketchaside,Male,61,Two or More Races,General Practice,Not Admitted,,23
536-91-2898,29-04-2023,11:29:00,I. Leathem,Male,31,Two or More Races,General Practice,Not Admitted,,27
846-40-7635,06-04-2023,20:41:00,K. Fern,Male,3,Two or More Races,General Practice,Not Admitted,,26
696-25-8164,09-06-2024,23:24:00,K. Evreux,Male,22,Two or More Races,General Practice,Not Admitted,,35
455-86-5550,30-08-2023,02:31:00,K. Deveraux,Male,41,Two or More Races,General Practice,Not Admitted,,55
556-45-4348,01-08-2024,13:39:00,L. Curd,Male,15,Two or More Races,General Practice,Not Admitted,,16
505-43-6760,02-09-2023,11:06:00,L. Ramelet,Male,48,Two or More Races,General Practice,Not Admitted,,55
334-42-8970,20-12-2023,05:06:00,M. Burnie,Male,25,Two or More Races,General Practice,Not Admitted,,15
620-35-3794,07-11-2023,00:21:00,M. Kubelka,Male,35,Two or More Races,General Practice,Not Admitted,,37
291-90-1058,01-10-2023,05:38:00,M. Connell,Male,8,Two or More Races,General Practice,Not Admitted,,55
151-79-4805,11-08-2023,23:19:00,N. Monelle,Male,48,Two or More Races,General Practice,Not Admitted,,26
468-54-8320,01-05-2024,23:12:00,N. Swindall,Male,50,Two or More Races,General Practice,Not Admitted,,27
337-54-0640,28-03-2024,06:24:00,N. Skeech,Male,64,Two or More Races,General Practice,Not Admitted,,52
695-96-3968,08-05-2023,21:20:00,N. Jimson,Male,62,Two or More Races,General Practice,Not Admitted,,54
823-21-4024,27-06-2024,19:41:00,O. Lukasen,Male,14,Two or More Races,General Practice,Not Admitted,,38
458-99-8740,26-04-2023,16:43:00,P. Fountain,Male,61,Two or More Races,General Practice,Not Admitted,,28
326-32-9009,11-08-2024,05:05:00,Q. Brechin,Male,4,Two or More Races,General Practice,Not Admitted,,25
772-30-5939,26-09-2023,07:46:00,Q. Cluderay,Male,22,Two or More Races,General Practice,Not Admitted,,37
327-01-6909,01-09-2024,06:32:00,R. Oldfield,Male,77,Two or More Races,General Practice,Not Admitted,,38
586-06-0042,01-05-2024,04:50:00,S. Wickendon,Male,21,Two or More Races,General Practice,Not Admitted,,22
633-24-7176,05-12-2023,00:08:00,S. Almon,Male,57,Two or More Races,General Practice,Not Admitted,,28
621-04-1236,31-07-2023,21:17:00,S. Shobbrook,Male,35,Two or More Races,General Practice,Not Admitted,,54
461-42-4480,12-08-2023,02:11:00,T. Jimmes,Male,68,Two or More Races,General Practice,Not Admitted,,17
470-13-8720,16-03-2024,06:26:00,T. Fido,Male,62,Two or More Races,General Practice,Not Admitted,,18
730-82-2040,05-02-2024,19:18:00,T. Becconsall,Male,70,Two or More Races,General Practice,Not Admitted,,28
716-69-2537,21-10-2023,07:39:00,T. Reubens,Male,33,Two or More Races,General Practice,Not Admitted,,32
784-23-5193,07-08-2023,03:22:00,T. Dalmon,Male,18,Two or More Races,General Practice,Not Admitted,,38
575-35-1820,02-07-2024,20:27:00,T. Wyllcock,Male,22,Two or More Races,General Practice,Not Admitted,,44
322-21-8317,07-09-2024,23:19:00,T. Lile,Male,23,Two or More Races,General Practice,Not Admitted,,58
891-04-3560,29-09-2023,04:58:00,V. Greaser,Male,65,Two or More Races,General Practice,Not Admitted,,43
248-90-1365,21-11-2023,04:42:00,V. Kobpal,Male,65,Two or More Races,General Practice,Not Admitted,,45
687-78-6410,24-10-2024,18:17:00,V. Rodder,Male,9,Two or More Races,General Practice,Not Admitted,,50
583-85-8092,13-04-2023,21:04:00,V. Nickerson,Male,36,Two or More Races,General Practice,Not Admitted,,54
442-15-0286,22-10-2024,23:07:00,W. Lyosik,Male,71,Two or More Races,General Practice,Not Admitted,,34
801-82-1101,09-08-2023,17:05:00,W. Pamment,Male,5,Two or More Races,General Practice,Not Admitted,,46
577-99-1334,26-02-2024,04:24:00,W. Haslum,Male,58,Two or More Races,General Practice,Not Admitted,,59
535-11-6082,27-05-2024,07:49:00,X. Grout,Male,78,Two or More Races,General Practice,Not Admitted,,53
547-68-7669,12-04-2023,05:06:00,Y. Hurn,Male,6,Two or More Races,General Practice,Not Admitted,,45
808-37-0659,10-09-2023,00:59:00,Y. Anfusso,Male,38,Two or More Races,General Practice,Not Admitted,,46
700-13-0524,10-06-2024,00:44:00,Z. Surphliss,Male,74,Two or More Races,General Practice,Not Admitted,,26
625-15-3474,05-02-2024,08:54:00,Z. Kittles,Male,11,Two or More Races,General Practice,Not Admitted,,32
723-21-0173,17-08-2023,17:15:00,Z. Dudny,Male,26,Two or More Races,General Practice,Not Admitted,,52
877-20-8814,20-04-2023,23:25:00,N. Miroy,Male,4,Two or More Races,General Practice,Not Admitted,0,60
684-69-6166,20-12-2023,05:27:00,R. Dacre,Male,21,Two or More Races,General Practice,Not Admitted,0,44
722-95-5362,04-08-2023,01:09:00,Q. Ghirardi,Male,45,Two or More Races,General Practice,Not Admitted,1,43
657-23-9149,18-05-2024,21:15:00,S. Brantl,Male,75,Two or More Races,General Practice,Not Admitted,1,34
564-46-5874,26-04-2024,18:25:00,C. Reavey,Male,72,Two or More Races,General Practice,Not Admitted,2,55
645-04-1339,30-07-2024,05:19:00,E. Whetnell,Male,64,Two or More Races,General Practice,Not Admitted,2,40
351-19-3715,21-10-2023,20:42:00,F. Gregson,Male,71,Two or More Races,General Practice,Not Admitted,2,18
826-96-7716,09-06-2024,02:18:00,B. Twiggs,Male,78,Two or More Races,General Practice,Not Admitted,3,60
285-30-3138,26-05-2023,17:42:00,N. McKeney,Male,32,Two or More Races,General Practice,Not Admitted,3,17
385-18-5423,26-10-2023,13:26:00,C. Naulty,Male,14,Two or More Races,General Practice,Not Admitted,4,59
494-79-9100,10-12-2023,19:27:00,U. Cator,Male,64,Two or More Races,General Practice,Not Admitted,4,53
447-24-8349,01-07-2024,11:50:00,W. De Vuyst,Male,29,Two or More Races,General Practice,Not Admitted,4,18
662-52-4940,03-06-2023,15:13:00,L. Hume,Male,68,Two or More Races,General Practice,Not Admitted,6,30
760-91-8824,07-03-2024,00:48:00,R. Toogood,Male,46,Two or More Races,General Practice,Not Admitted,6,57
431-88-1973,03-09-2024,22:06:00,A. Rowbottam,Male,20,Two or More Races,General Practice,Not Admitted,7,45
667-17-4571,15-03-2024,13:34:00,X. Lantoph,Male,69,Two or More Races,General Practice,Not Admitted,7,11
145-60-1945,16-01-2024,23:26:00,A. Leedal,Male,76,Two or More Races,General Practice,Not Admitted,8,53
676-41-8623,26-11-2023,07:30:00,C. Inder,Male,52,Two or More Races,General Practice,Not Admitted,9,37
304-19-1206,27-04-2023,10:32:00,C. Lilion,Male,70,Two or More Races,General Practice,Not Admitted,9,44
136-49-6777,29-06-2023,09:04:00,P. Dmiterko,Male,28,Two or More Races,General Practice,Not Admitted,9,28
370-89-4668,24-08-2023,02:47:00,P. Gingle,Male,20,Two or More Races,General Practice,Not Admitted,9,55
770-53-0226,14-04-2024,08:35:00,A. Yaneev,Male,57,Two or More Races,General Practice,Not Admitted,10,25
602-51-2635,11-06-2023,13:35:00,H. Ruskin,Male,29,Two or More Races,Neurology,Not Admitted,,57
852-67-0616,29-06-2024,04:26:00,P. Le Blond,Male,57,Two or More Races,Neurology,Not Admitted,,27
410-03-2700,11-10-2024,15:27:00,S. Hempshall,Male,8,Two or More Races,Neurology,Not Admitted,,29
825-31-1708,28-08-2024,12:11:00,V. Pleasance,Male,46,Two or More Races,Neurology,Not Admitted,,58
352-97-4533,22-05-2023,18:06:00,X. Bedbury,Male,46,Two or More Races,Neurology,Not Admitted,1,20
557-30-5454,28-09-2023,21:25:00,A. Emmanuele,Male,23,Two or More Races,None,Not Admitted,,16
206-01-6874,05-10-2023,22:01:00,A. Ilyinykh,Male,37,Two or More Races,None,Not Admitted,,31
899-89-5599,25-08-2023,18:35:00,A. Caulwell,Male,64,Two or More Races,None,Not Admitted,,33
217-35-6245,18-10-2023,14:34:00,A. Quig,Male,6,Two or More Races,None,Not Admitted,,36
365-42-3810,21-01-2024,04:58:00,A. Jeenes,Male,57,Two or More Races,None,Not Admitted,,36
763-76-4655,01-03-2024,02:00:00,B. Havoc,Male,16,Two or More Races,None,Not Admitted,,13
304-28-9211,18-05-2023,18:49:00,B. Couldwell,Male,72,Two or More Races,None,Not Admitted,,16
508-21-1465,03-09-2024,08:09:00,B. Nealand,Male,28,Two or More Races,None,Not Admitted,,33
222-02-0601,08-04-2024,15:35:00,C. Colquit,Male,4,Two or More Races,None,Not Admitted,,18
558-68-4555,10-11-2023,04:54:00,C. Pladen,Male,61,Two or More Races,None,Not Admitted,,36
317-55-6525,01-08-2023,15:50:00,C. Fogt,Male,35,Two or More Races,None,Not Admitted,,49
337-32-9874,15-03-2024,17:55:00,C. Caccavella,Male,26,Two or More Races,None,Not Admitted,,57
546-92-5814,16-09-2023,11:02:00,D. Dewsnap,Male,32,Two or More Races,None,Not Admitted,,30
240-32-0217,01-10-2023,18:53:00,D. Jayes,Male,40,Two or More Races,None,Not Admitted,,35
545-10-8265,02-11-2023,10:13:00,D. Flag,Male,9,Two or More Races,None,Not Admitted,,36
204-74-7032,29-06-2023,05:31:00,D. Mingardo,Male,79,Two or More Races,None,Not Admitted,,39
206-56-8505,06-06-2024,10:54:00,E. Gummoe,Male,9,Two or More Races,None,Not Admitted,,21
157-74-0353,16-05-2023,20:08:00,E. Formie,Male,31,Two or More Races,None,Not Admitted,,23
465-33-5924,14-08-2023,00:32:00,E. Lavallin,Male,2,Two or More Races,None,Not Admitted,,24
245-91-2609,11-12-2023,06:06:00,E. Snoddon,Male,59,Two or More Races,None,Not Admitted,,48
867-51-9350,13-07-2024,23:38:00,E. Congdon,Male,60,Two or More Races,None,Not Admitted,,49
189-34-0360,22-04-2024,08:23:00,E. Guyton,Male,7,Two or More Races,None,Not Admitted,,60
490-32-7822,07-06-2023,15:13:00,F. Zucker,Male,69,Two or More Races,None,Not Admitted,,21
736-88-1861,15-08-2024,20:01:00,F. Casperri,Male,61,Two or More Races,None,Not Admitted,,38
858-67-1649,13-08-2023,03:39:00,F. Stansfield,Male,65,Two or More Races,None,Not Admitted,,44
813-81-2517,08-09-2023,11:36:00,F. Glazebrook,Male,3,Two or More Races,None,Not Admitted,,47
458-33-0984,22-06-2023,23:06:00,G. Le Port,Male,35,Two or More Races,None,Not Admitted,,22
559-74-3492,27-07-2023,11:12:00,G. Tollow,Male,68,Two or More Races,None,Not Admitted,,25
562-54-5073,17-09-2024,14:44:00,G. Macy,Male,6,Two or More Races,None,Not Admitted,,30
126-82-7615,30-05-2023,09:04:00,G. Viggers,Male,50,Two or More Races,None,Not Admitted,,30
887-08-0888,25-05-2023,14:24:00,G. Brech,Male,74,Two or More Races,None,Not Admitted,,45
659-65-1419,23-03-2024,05:46:00,G. Winkle,Male,46,Two or More Races,None,Not Admitted,,50
191-43-9431,01-05-2024,14:15:00,G. Bain,Male,5,Two or More Races,None,Not Admitted,,52
551-11-0556,24-04-2023,05:26:00,G. Rosenwasser,Male,14,Two or More Races,None,Not Admitted,,54
509-22-2744,27-08-2023,00:35:00,H. Audas,Male,76,Two or More Races,None,Not Admitted,,13
884-09-2944,27-01-2024,02:24:00,H. Cotgrove,Male,37,Two or More Races,None,Not Admitted,,15
240-21-3354,20-10-2023,03:38:00,H. Dimmne,Male,18,Two or More Races,None,Not Admitted,,28
120-25-2822,26-04-2023,12:06:00,H. Dael,Male,15,Two or More Races,None,Not Admitted,,32
404-47-0411,15-10-2024,23:32:00,H. Favey,Male,73,Two or More Races,None,Not Admitted,,40
569-17-1454,12-04-2023,08:39:00,H. Lopez,Male,20,Two or More Races,None,Not Admitted,,47
209-88-4916,17-02-2024,14:17:00,H. Bryer,Male,20,Two or More Races,None,Not Admitted,,51
837-04-4032,04-04-2023,02:36:00,H. Scrimgeour,Male,21,Two or More Races,None,Not Admitted,,53
693-10-1328,30-01-2024,23:19:00,I. Baish,Male,52,Two or More Races,None,Not Admitted,,11
254-84-0202,01-08-2024,07:08:00,I. Liverseege,Male,51,Two or More Races,None,Not Admitted,,40
685-11-0667,04-04-2024,03:02:00,I. Lohden,Male,10,Two or More Races,None,Not Admitted,,41
327-82-9042,21-03-2024,21:01:00,I. Barribal,Male,36,Two or More Races,None,Not Admitted,,52
723-91-2291,28-07-2023,04:39:00,J. Mikalski,Male,1,Two or More Races,None,Not Admitted,,15
812-01-1280,05-06-2024,21:22:00,J. Gon,Male,33,Two or More Races,None,Not Admitted,,19
245-14-4691,17-08-2024,01:13:00,J. De Michele,Male,63,Two or More Races,None,Not Admitted,,41
277-58-9258,25-05-2023,07:16:00,K. Slowly,Male,39,Two or More Races,None,Not Admitted,,29
742-21-9416,05-01-2024,06:12:00,K. Scapelhorn,Male,71,Two or More Races,None,Not Admitted,,34
701-67-1487,31-10-2023,17:06:00,K. Patis,Male,19,Two or More Races,None,Not Admitted,,49
434-92-9569,25-08-2024,00:55:00,K. Creavan,Male,51,Two or More Races,None,Not Admitted,,58
319-55-1295,30-09-2024,03:37:00,K. Fetters,Male,75,Two or More Races,None,Not Admitted,,59
251-46-0287,17-09-2023,20:43:00,L. Birtwistle,Male,66,Two or More Races,None,Not Admitted,,18
188-08-8982,15-08-2024,13:57:00,L. Smitton,Male,45,Two or More Races,None,Not Admitted,,21
855-28-4521,15-09-2024,16:48:00,L. Saltmarshe,Male,12,Two or More Races,None,Not Admitted,,26
310-24-6292,23-09-2023,11:44:00,L. Gatheridge,Male,78,Two or More Races,None,Not Admitted,,43
487-45-9169,06-10-2023,13:41:00,L. Bartelet,Male,42,Two or More Races,None,Not Admitted,,46
386-86-0028,13-05-2024,05:15:00,L. Rebeiro,Male,71,Two or More Races,None,Not Admitted,,47
518-92-6308,09-07-2024,10:42:00,L. Goodbarne,Male,28,Two or More Races,None,Not Admitted,,48
546-70-9687,26-05-2023,09:27:00,L. Westnedge,Male,50,Two or More Races,None,Not Admitted,,52
186-18-2336,15-04-2024,14:20:00,L. Ryal,Male,79,Two or More Races,None,Not Admitted,,53
171-47-7261,15-08-2024,08:43:00,L. Sallows,Male,78,Two or More Races,None,Not Admitted,,55
273-87-9584,16-04-2023,19:04:00,L. Storch,Male,3,Two or More Races,None,Not Admitted,,57
742-20-0489,22-10-2024,08:58:00,L. Ferry,Male,56,Two or More Races,None,Not Admitted,,59
684-78-3004,20-06-2024,10:26:00,M. Ablett,Male,79,Two or More Races,None,Not Admitted,,10
273-13-6898,20-02-2024,23:57:00,M. Petrescu,Male,33,Two or More Races,None,Not Admitted,,13
450-75-0223,17-08-2024,11:35:00,M. Benmore,Male,54,Two or More Races,None,Not Admitted,,13
437-85-8690,05-06-2024,05:24:00,M. Cyseley,Male,40,Two or More Races,None,Not Admitted,,19
357-43-3573,04-04-2024,03:09:00,M. Jenoure,Male,34,Two or More Races,None,Not Admitted,,22
882-51-5189,26-01-2024,00:07:00,M. Lannin,Male,79,Two or More Races,None,Not Admitted,,26
230-57-4543,27-04-2023,20:50:00,M. Whittlesea,Male,70,Two or More Races,None,Not Admitted,,27
296-77-3384,18-08-2023,01:33:00,M. Ferrarello,Male,71,Two or More Races,None,Not Admitted,,28
207-77-6544,27-11-2023,04:48:00,M. O'Dowgaine,Male,70,Two or More Races,None,Not Admitted,,33
894-55-1978,06-06-2023,03:20:00,M. Truwert,Male,53,Two or More Races,None,Not Admitted,,45
516-27-3906,01-10-2024,15:24:00,M. Stringman,Male,43,Two or More Races,None,Not Admitted,,48
759-53-1240,06-07-2023,04:33:00,M. Kayzer,Male,57,Two or More Races,None,Not Admitted,,56
167-62-7585,06-12-2023,20:05:00,M. Elflain,Male,5,Two or More Races,None,Not Admitted,,58
102-73-6494,13-01-2024,22:49:00,M. Wogdon,Male,65,Two or More Races,None,Not Admitted,,59
732-58-9090,24-09-2023,08:30:00,N. Halward,Male,75,Two or More Races,None,Not Admitted,,13
669-83-2459,11-07-2023,06:00:00,N. Boddington,Male,39,Two or More Races,None,Not Admitted,,19
571-01-1479,10-08-2023,00:40:00,N. Smallman,Male,21,Two or More Races,None,Not Admitted,,21
620-46-0049,16-07-2023,04:35:00,N. Bodleigh,Male,79,Two or More Races,None,Not Admitted,,34
469-06-1176,20-05-2023,10:45:00,N. Olerenshaw,Male,78,Two or More Races,None,Not Admitted,,36
899-55-1671,26-01-2024,11:33:00,N. Haslum,Male,30,Two or More Races,None,Not Admitted,,38
214-52-9500,25-08-2023,03:12:00,N. Starmer,Male,42,Two or More Races,None,Not Admitted,,41
157-29-3974,17-10-2023,06:19:00,N. Selliman,Male,78,Two or More Races,None,Not Admitted,,43
531-24-1621,19-10-2024,18:47:00,N. MacParlan,Male,37,Two or More Races,None,Not Admitted,,45
765-03-1957,27-03-2024,22:23:00,N. Tabner,Male,68,Two or More Races,None,Not Admitted,,46
184-28-0688,28-02-2024,17:02:00,N. Hamlyn,Male,21,Two or More Races,None,Not Admitted,,55
421-11-4250,20-05-2024,05:18:00,O. Loren,Male,53,Two or More Races,None,Not Admitted,,23
424-26-5497,29-05-2024,06:35:00,O. McCrossan,Male,30,Two or More Races,None,Not Admitted,,48
458-85-7700,06-04-2024,01:15:00,O. Atkins,Male,28,Two or More Races,None,Not Admitted,,54
416-20-6906,05-08-2024,23:31:00,O. Sallarie,Male,60,Two or More Races,None,Not Admitted,,54
655-74-2551,02-10-2023,17:22:00,O. Fayne,Male,56,Two or More Races,None,Not Admitted,,57
690-33-5798,04-05-2023,08:11:00,P. Fernier,Male,3,Two or More Races,None,Not Admitted,,31
111-82-4863,26-02-2024,11:02:00,P. Hackinge,Male,38,Two or More Races,None,Not Admitted,,36
602-01-2917,24-12-2023,09:12:00,P. Colby,Male,4,Two or More Races,None,Not Admitted,,41
133-97-5806,18-05-2023,03:28:00,P. Royall,Male,60,Two or More Races,None,Not Admitted,,41
536-63-0892,19-02-2024,00:32:00,P. Lisamore,Male,22,Two or More Races,None,Not Admitted,,46
845-50-2469,06-12-2023,00:22:00,P. Lancetter,Male,55,Two or More Races,None,Not Admitted,,47
117-05-8303,15-02-2024,00:50:00,P. Fidele,Male,45,Two or More Races,None,Not Admitted,,50
101-63-3628,29-07-2023,09:48:00,P. Quest,Male,38,Two or More Races,None,Not Admitted,,53
640-43-6147,01-07-2023,02:35:00,P. Merwood,Male,10,Two or More Races,None,Not Admitted,,59
761-86-9283,23-10-2023,08:05:00,P. Boyan,Male,53,Two or More Races,None,Not Admitted,,59
599-32-7694,30-04-2024,19:40:00,Q. Boothroyd,Male,9,Two or More Races,None,Not Admitted,,21
488-91-3513,25-12-2023,15:42:00,Q. Duffill,Male,1,Two or More Races,None,Not Admitted,,29
519-80-5152,07-08-2023,00:28:00,Q. Petts,Male,29,Two or More Races,None,Not Admitted,,33
381-42-5162,01-06-2023,09:34:00,Q. Wones,Male,3,Two or More Races,None,Not Admitted,,43
297-23-3279,06-04-2023,18:26:00,Q. Glazer,Male,63,Two or More Races,None,Not Admitted,,44
185-53-6571,13-05-2023,07:26:00,Q. McGuigan,Male,24,Two or More Races,None,Not Admitted,,48
147-93-3011,07-02-2024,22:43:00,Q. Griffith,Male,47,Two or More Races,None,Not Admitted,,53
562-21-4757,24-12-2023,13:53:00,R. Cubbino,Male,42,Two or More Races,None,Not Admitted,,23
631-71-2348,28-09-2023,07:13:00,R. Fitzjohn,Male,8,Two or More Races,None,Not Admitted,,33
875-72-5720,22-11-2023,16:07:00,R. Diglin,Male,71,Two or More Races,None,Not Admitted,,33
629-65-4881,01-05-2024,03:01:00,R. Vecard,Male,20,Two or More Races,None,Not Admitted,,38
850-22-3610,13-08-2023,22:04:00,R. Brandassi,Male,53,Two or More Races,None,Not Admitted,,43
562-91-4704,22-05-2024,07:50:00,R. Greenslade,Male,44,Two or More Races,None,Not Admitted,,45
182-39-2715,24-06-2023,02:03:00,R. Omrod,Male,23,Two or More Races,None,Not Admitted,,57
444-26-8586,21-06-2023,22:13:00,S. Wilby,Male,42,Two or More Races,None,Not Admitted,,13
192-70-2490,18-07-2024,08:12:00,S. Bronot,Male,66,Two or More Races,None,Not Admitted,,28
357-94-8253,07-03-2024,18:28:00,S. Issard,Male,19,Two or More Races,None,Not Admitted,,47
544-11-1795,15-09-2024,20:21:00,S. Forge,Male,7,Two or More Races,None,Not Admitted,,52
231-15-8623,21-12-2023,16:09:00,T. Edgerton,Male,40,Two or More Races,None,Not Admitted,,12
404-80-3404,24-12-2023,05:53:00,T. Avramchik,Male,28,Two or More Races,None,Not Admitted,,16
790-73-7064,08-06-2024,04:56:00,T. Northway,Male,41,Two or More Races,None,Not Admitted,,22
592-72-5027,27-08-2024,00:58:00,T. Hardison,Male,8,Two or More Races,None,Not Admitted,,36
397-02-1176,19-11-2023,21:39:00,T. Scamal,Male,34,Two or More Races,None,Not Admitted,,39
259-48-1976,01-02-2024,09:47:00,T. Collis,Male,64,Two or More Races,None,Not Admitted,,47
470-74-4865,01-06-2024,07:47:00,T. Leyborne,Male,9,Two or More Races,None,Not Admitted,,54
467-53-4353,19-02-2024,23:48:00,T. Reucastle,Male,55,Two or More Races,None,Not Admitted,,55
602-75-0217,14-09-2023,19:01:00,U. Palek,Male,72,Two or More Races,None,Not Admitted,,28
677-98-5643,20-02-2024,21:08:00,U. Ridings,Male,71,Two or More Races,None,Not Admitted,,38
856-72-6362,14-06-2024,22:48:00,U. Wartnaby,Male,23,Two or More Races,None,Not Admitted,,52
131-03-6212,13-05-2023,01:14:00,U. Banfield,Male,73,Two or More Races,None,Not Admitted,,59
504-25-5424,01-12-2023,11:05:00,V. Aslum,Male,24,Two or More Races,None,Not Admitted,,14
578-08-6528,01-05-2024,14:14:00,V. McGeown,Male,32,Two or More Races,None,Not Admitted,,14
498-62-7428,04-04-2024,05:33:00,V. Cutts,Male,15,Two or More Races,None,Not Admitted,,17
509-56-3417,26-10-2024,21:45:00,V. Kirlin,Male,18,Two or More Races,None,Not Admitted,,26
707-77-5889,27-06-2024,16:00:00,V. Losbie,Male,12,Two or More Races,None,Not Admitted,,30
176-55-4577,26-02-2024,03:54:00,V. Marjanski,Male,34,Two or More Races,None,Not Admitted,,41
791-36-7512,22-01-2024,13:02:00,V. Piddle,Male,8,Two or More Races,None,Not Admitted,,45
336-06-4838,21-01-2024,21:20:00,W. Chaster,Male,53,Two or More Races,None,Not Admitted,,11
170-64-9353,07-04-2023,22:13:00,W. Emanueli,Male,9,Two or More Races,None,Not Admitted,,29
468-13-6713,02-10-2023,07:30:00,W. Cancutt,Male,21,Two or More Races,None,Not Admitted,,29
562-75-0518,28-04-2024,13:58:00,W. Dibdale,Male,32,Two or More Races,None,Not Admitted,,43
342-06-3290,23-06-2024,18:41:00,W. Llywarch,Male,52,Two or More Races,None,Not Admitted,,46
408-77-1580,22-10-2024,01:57:00,W. Ghost,Male,64,Two or More Races,None,Not Admitted,,51
459-94-5715,16-05-2024,00:42:00,W. Lammerts,Male,5,Two or More Races,None,Not Admitted,,55
548-19-1868,20-09-2024,14:54:00,W. Layfield,Male,29,Two or More Races,None,Not Admitted,,60
616-28-2836,06-07-2023,17:13:00,X. Griffey,Male,9,Two or More Races,None,Not Admitted,,29
681-47-7161,12-12-2023,19:41:00,X. Fenner,Male,30,Two or More Races,None,Not Admitted,,32
824-26-8292,18-08-2024,03:43:00,X. O' Connell,Male,63,Two or More Races,None,Not Admitted,,36
832-02-4384,11-05-2024,22:25:00,X. Thwaite,Male,56,Two or More Races,None,Not Admitted,,51
504-24-1823,19-09-2023,16:50:00,X. Delafoy,Male,1,Two or More Races,None,Not Admitted,,53
647-60-5836,29-05-2024,03:38:00,X. Darkott,Male,17,Two or More Races,None,Not Admitted,,53
693-68-8151,25-08-2023,07:50:00,Y. Tuffley,Male,15,Two or More Races,None,Not Admitted,,18
580-96-5293,25-06-2023,23:10:00,Y. Kenford,Male,19,Two or More Races,None,Not Admitted,,21
121-21-5456,28-06-2023,13:22:00,Y. Starzaker,Male,11,Two or More Races,None,Not Admitted,,22
242-22-7019,17-06-2023,00:51:00,Y. Lafayette,Male,20,Two or More Races,None,Not Admitted,,25
818-21-7805,05-09-2024,16:41:00,Y. Lees,Male,36,Two or More Races,None,Not Admitted,,30
218-25-1042,02-10-2023,18:53:00,Y. Brazener,Male,77,Two or More Races,None,Not Admitted,,36
553-72-9772,28-07-2024,19:07:00,Y. Jasik,Male,22,Two or More Races,None,Not Admitted,,37
350-23-6043,01-06-2023,21:12:00,Y. Truss,Male,18,Two or More Races,None,Not Admitted,,39
435-97-4500,21-02-2024,02:32:00,Y. De Cruze,Male,6,Two or More Races,None,Not Admitted,,48
469-17-6711,30-05-2023,05:46:00,Y. Spurr,Male,33,Two or More Races,None,Not Admitted,,51
380-20-7996,02-03-2024,22:19:00,Y. Wilcocke,Male,62,Two or More Races,None,Not Admitted,,51
246-04-5446,31-05-2024,05:39:00,Z. Cabrera,Male,16,Two or More Races,None,Not Admitted,,16
176-04-1535,11-07-2023,17:35:00,Z. Ketcher,Male,18,Two or More Races,None,Not Admitted,,45
555-84-6544,24-02-2024,10:32:00,B. Akett,Male,71,Two or More Races,None,Not Admitted,0,53
457-33-9645,13-06-2024,09:06:00,K. Paliser,Male,11,Two or More Races,None,Not Admitted,0,21
530-09-7689,29-05-2024,23:07:00,K. Osichev,Male,24,Two or More Races,None,Not Admitted,0,40
174-30-4861,29-08-2024,04:19:00,L. Pischel,Male,45,Two or More Races,None,Not Admitted,0,11
617-12-0398,23-07-2024,06:59:00,O. Malthouse,Male,16,Two or More Races,None,Not Admitted,0,60
163-42-7259,06-10-2024,02:51:00,S. Jaimez,Male,76,Two or More Races,None,Not Admitted,0,27
187-97-2013,10-07-2024,06:10:00,T. Gerault,Male,65,Two or More Races,None,Not Admitted,0,47
431-43-7748,23-09-2024,04:42:00,B. Slocket,Male,31,Two or More Races,None,Not Admitted,1,47
171-54-6595,06-04-2024,14:11:00,D. Dragon,Male,77,Two or More Races,None,Not Admitted,1,39
856-41-7474,29-04-2024,05:44:00,G. Olivas,Male,51,Two or More Races,None,Not Admitted,1,56
790-80-4467,20-04-2023,02:29:00,J. Kingsnoad,Male,6,Two or More Races,None,Not Admitted,1,26
680-09-8962,20-01-2024,00:38:00,O. Stribling,Male,13,Two or More Races,None,Not Admitted,1,60
431-94-9771,21-09-2024,21:29:00,P. McKnish,Male,54,Two or More Races,None,Not Admitted,1,26
781-05-2472,15-10-2023,21:18:00,Q. Baird,Male,32,Two or More Races,None,Not Admitted,1,41
514-54-2083,12-03-2024,08:48:00,U. Pelerin,Male,4,Two or More Races,None,Not Admitted,1,53
539-78-6123,25-06-2024,10:03:00,H. Swine,Male,72,Two or More Races,None,Not Admitted,2,52
674-56-8811,02-05-2023,13:26:00,P. Predohl,Male,55,Two or More Races,None,Not Admitted,2,55
150-50-7478,24-11-2023,02:51:00,B. Garth,Male,59,Two or More Races,None,Not Admitted,3,33
715-04-2060,29-10-2023,16:14:00,C. Ogborn,Male,3,Two or More Races,None,Not Admitted,3,30
492-48-0459,16-04-2023,00:48:00,D. Brandom,Male,12,Two or More Races,None,Not Admitted,3,15
402-78-2438,23-05-2023,11:46:00,G. Doubleday,Male,67,Two or More Races,None,Not Admitted,3,15
425-15-8705,24-06-2023,02:24:00,H. Van de Velde,Male,47,Two or More Races,None,Not Admitted,3,51
496-65-4747,25-03-2024,07:49:00,U. Cowin,Male,78,Two or More Races,None,Not Admitted,3,15
758-16-8254,14-09-2024,14:43:00,G. Angove,Male,5,Two or More Races,None,Not Admitted,4,44
861-79-7549,14-07-2024,12:51:00,H. MacHarg,Male,71,Two or More Races,None,Not Admitted,4,58
630-69-5811,23-05-2023,21:13:00,I. Drewett,Male,25,Two or More Races,None,Not Admitted,4,24
724-10-8138,29-10-2023,04:25:00,N. Waple,Male,45,Two or More Races,None,Not Admitted,4,50
112-60-3884,27-08-2024,19:53:00,X. Kelledy,Male,57,Two or More Races,None,Not Admitted,4,50
296-05-6177,05-06-2023,00:27:00,H. Aylesbury,Male,11,Two or More Races,None,Not Admitted,5,36
806-35-1624,03-02-2024,03:22:00,K. Thickins,Male,18,Two or More Races,None,Not Admitted,5,23
683-75-7436,26-10-2023,23:20:00,Q. Zavattero,Male,73,Two or More Races,None,Not Admitted,5,53
793-82-0278,22-05-2024,22:46:00,T. Kettle,Male,76,Two or More Races,None,Not Admitted,5,40
543-31-9504,21-01-2024,13:11:00,X. Gleeton,Male,69,Two or More Races,None,Not Admitted,5,15
571-28-4395,07-03-2024,22:02:00,Z. Twatt,Male,44,Two or More Races,None,Not Admitted,5,29
251-44-9574,15-08-2024,22:13:00,E. Sprake,Male,44,Two or More Races,None,Not Admitted,6,33
776-02-2598,30-09-2024,16:57:00,E. Ogle,Male,42,Two or More Races,None,Not Admitted,6,41
754-49-7731,17-01-2024,06:16:00,H. Tonbridge,Male,32,Two or More Races,None,Not Admitted,6,28
512-19-6052,17-09-2023,17:21:00,H. Penrith,Male,2,Two or More Races,None,Not Admitted,6,55
818-40-2922,15-11-2023,12:11:00,P. Queen,Male,20,Two or More Races,None,Not Admitted,6,31
460-51-5878,14-05-2024,13:25:00,B. Gilchrest,Male,58,Two or More Races,None,Not Admitted,7,10
493-10-1682,01-02-2024,16:41:00,M. Akroyd,Male,15,Two or More Races,None,Not Admitted,7,37
422-64-5062,15-12-2023,14:46:00,T. Deveraux,Male,71,Two or More Races,None,Not Admitted,7,15
830-19-4776,13-07-2023,23:05:00,U. Spray,Male,77,Two or More Races,None,Not Admitted,7,29
857-69-5508,04-08-2023,01:24:00,Z. Tiffney,Male,15,Two or More Races,None,Not Admitted,7,55
476-55-5109,06-01-2024,08:25:00,Z. Broxholme,Male,28,Two or More Races,None,Not Admitted,7,60
757-23-1659,10-01-2024,15:24:00,E. Orpwood,Male,17,Two or More Races,None,Not Admitted,8,47
880-55-7692,29-03-2024,16:19:00,J. Plumm,Male,52,Two or More Races,None,Not Admitted,8,17
104-76-6945,07-07-2024,06:32:00,O. Brigden,Male,56,Two or More Races,None,Not Admitted,8,13
419-53-5282,10-04-2023,04:38:00,R. Philippon,Male,52,Two or More Races,None,Not Admitted,9,30
283-50-3153,26-06-2023,15:44:00,G. Di Claudio,Male,39,Two or More Races,None,Not Admitted,10,36
741-46-3329,19-03-2024,03:28:00,J. Knolles-Green,Male,18,Two or More Races,None,Not Admitted,10,47
507-87-0166,22-03-2024,17:03:00,T. Plevin,Male,2,Two or More Races,None,Not Admitted,10,14
715-73-6259,04-02-2024,07:00:00,A. Mc Gorley,Male,24,Two or More Races,Orthopedics,Not Admitted,,30
536-83-0771,10-08-2023,13:08:00,D. Antley,Male,16,Two or More Races,Orthopedics,Not Admitted,,55
176-93-9459,05-05-2023,13:59:00,E. Portugal,Male,54,Two or More Races,Orthopedics,Not Admitted,,29
705-06-3874,26-08-2024,18:23:00,F. Schurcke,Male,79,Two or More Races,Orthopedics,Not Admitted,,18
848-51-5434,14-01-2024,11:35:00,F. Skilton,Male,62,Two or More Races,Orthopedics,Not Admitted,,50
152-67-4247,25-10-2023,18:24:00,G. Domenichelli,Male,15,Two or More Races,Orthopedics,Not Admitted,,19
871-56-7981,12-04-2023,23:13:00,H. Landy,Male,33,Two or More Races,Orthopedics,Not Admitted,,43
594-57-8538,17-11-2023,15:45:00,J. Daynter,Male,36,Two or More Races,Orthopedics,Not Admitted,,30
644-37-7174,08-08-2024,01:32:00,K. Hornig,Male,25,Two or More Races,Orthopedics,Not Admitted,,44
776-13-4447,30-07-2024,23:13:00,M. Curness,Male,16,Two or More Races,Orthopedics,Not Admitted,,33
389-53-3260,10-02-2024,10:19:00,N. Dudliston,Male,76,Two or More Races,Orthopedics,Not Admitted,,34
542-46-7781,26-06-2023,13:04:00,P. Pringour,Male,66,Two or More Races,Orthopedics,Not Admitted,,19
257-30-3026,30-06-2023,02:59:00,Q. Bonaire,Male,62,Two or More Races,Orthopedics,Not Admitted,,47
427-28-6383,12-05-2024,07:12:00,S. Gallafant,Male,73,Two or More Races,Orthopedics,Not Admitted,,15
672-75-7086,07-01-2024,11:35:00,S. McCaughan,Male,55,Two or More Races,Orthopedics,Not Admitted,,56
433-77-2388,03-03-2024,02:03:00,T. Robottom,Male,1,Two or More Races,Orthopedics,Not Admitted,,30
319-25-3554,19-09-2023,21:04:00,T. Baelde,Male,38,Two or More Races,Orthopedics,Not Admitted,,60
849-30-0675,21-08-2024,04:20:00,U. Fitzsimon,Male,35,Two or More Races,Orthopedics,Not Admitted,,15
488-61-3428,08-01-2024,14:12:00,U. Yegorchenkov,Male,73,Two or More Races,Orthopedics,Not Admitted,,38
161-62-6037,06-09-2023,18:40:00,V. Nyles,Male,38,Two or More Races,Orthopedics,Not Admitted,,48
204-94-7733,11-04-2023,22:55:00,V. Newband,Male,50,Two or More Races,Orthopedics,Not Admitted,,51
372-50-6699,27-02-2024,16:24:00,X. Lutas,Male,41,Two or More Races,Orthopedics,Not Admitted,,48
209-23-9967,04-05-2023,16:37:00,P. Yoslowitz,Male,66,Two or More Races,Orthopedics,Not Admitted,0,16
652-27-0238,06-09-2023,22:49:00,A. Filisov,Male,64,Two or More Races,Orthopedics,Not Admitted,2,35
163-72-8040,18-10-2023,11:09:00,V. Blueman,Male,54,Two or More Races,Orthopedics,Not Admitted,3,47
531-98-0661,04-07-2023,15:59:00,A. Punt,Male,52,Two or More Races,Orthopedics,Not Admitted,4,13
886-10-5724,13-10-2023,05:58:00,O. Wittering,Male,13,Two or More Races,Orthopedics,Not Admitted,4,24
439-17-0103,14-04-2023,01:26:00,F. Cuseick,Male,78,Two or More Races,Orthopedics,Not Admitted,6,10
722-78-9494,04-05-2024,23:27:00,S. Blackstone,Male,51,Two or More Races,Orthopedics,Not Admitted,6,60
480-93-4605,07-04-2024,23:08:00,T. Monro,Male,24,Two or More Races,Orthopedics,Not Admitted,7,44
492-80-1890,16-10-2023,20:04:00,N. O'Teague,Male,47,Two or More Races,Orthopedics,Not Admitted,8,15
896-38-1209,20-03-2024,18:30:00,C. Killiner,Male,10,Two or More Races,Orthopedics,Not Admitted,9,20
399-06-7105,28-09-2023,19:09:00,G. Merrigans,Male,73,Two or More Races,Physiotherapy,Not Admitted,,44
110-19-5907,07-01-2024,02:56:00,M. Lorentzen,Male,7,Two or More Races,Physiotherapy,Not Admitted,,46
433-06-4961,19-07-2023,23:32:00,R. Grigorian,Male,30,Two or More Races,Physiotherapy,Not Admitted,,32
547-05-3726,04-06-2023,03:07:00,V. Oakden,Male,14,Two or More Races,Physiotherapy,Not Admitted,,43
460-31-7684,17-06-2024,08:09:00,X. Stoffers,Male,73,Two or More Races,Physiotherapy,Not Admitted,,29
111-36-1435,15-04-2024,12:27:00,V. Giorgietto,Male,6,Two or More Races,Physiotherapy,Not Admitted,4,41
877-36-0019,29-04-2024,18:23:00,W. Onions,Male,41,Two or More Races,Physiotherapy,Not Admitted,4,49
866-31-3592,27-07-2024,12:53:00,T. Colegate,Male,19,Two or More Races,Physiotherapy,Not Admitted,7,16
625-05-0578,29-07-2023,21:54:00,O. McAree,Male,63,Two or More Races,Physiotherapy,Not Admitted,9,27
496-05-7135,20-02-2024,20:36:00,Q. Trayte,Male,19,Two or More Races,Renal,Not Admitted,,24
618-42-5655,22-10-2023,04:45:00,N. Guisby,Male,37,Two or More Races,Renal,Not Admitted,4,19
138-04-7377,09-03-2024,03:07:00,A. O'Dyvoy,Male,61,White,Cardiology,Not Admitted,,45
195-51-1109,30-06-2024,18:39:00,D. Earpe,Male,63,White,Cardiology,Not Admitted,,60
860-46-7659,24-07-2023,08:47:00,J. Keeves,Male,56,White,Cardiology,Not Admitted,,37
176-32-3686,08-04-2023,21:43:00,N. Brimson,Male,26,White,Cardiology,Not Admitted,,10
782-62-9612,17-11-2023,06:39:00,S. Frankcom,Male,51,White,Cardiology,Not Admitted,,26
353-25-3957,01-01-2024,23:01:00,S. Levermore,Male,19,White,Cardiology,Not Admitted,,34
614-43-7853,10-04-2024,19:34:00,Y. Siggin,Male,34,White,Cardiology,Not Admitted,,41
214-94-6329,21-11-2023,13:59:00,K. Le feuvre,Male,27,White,Cardiology,Not Admitted,0,58
380-61-4131,22-09-2023,19:11:00,F. Alishoner,Male,64,White,Cardiology,Not Admitted,1,14
773-71-6564,06-07-2023,23:07:00,M. Imorts,Male,79,White,Cardiology,Not Admitted,4,32
405-19-7318,19-05-2023,14:01:00,K. Jandl,Male,53,White,Cardiology,Not Admitted,6,35
328-12-4206,01-10-2024,15:44:00,K. Bexon,Male,1,White,Cardiology,Not Admitted,7,11
572-35-3820,22-07-2024,18:15:00,L. Ferran,Male,42,White,Cardiology,Not Admitted,7,41
193-43-6202,06-04-2023,02:00:00,D. Jon,Male,79,White,Gastroenterology,Not Admitted,,13
290-84-6074,17-10-2024,02:38:00,H. Parradice,Male,79,White,Gastroenterology,Not Admitted,,50
228-33-1858,25-06-2024,18:20:00,K. Sharrier,Male,46,White,Gastroenterology,Not Admitted,,60
476-98-6877,16-11-2023,10:13:00,L. Gonsalvo,Male,20,White,Gastroenterology,Not Admitted,,32
791-80-0710,08-08-2023,22:39:00,P. Ailward,Male,24,White,Gastroenterology,Not Admitted,,49
232-46-5874,01-03-2024,10:15:00,X. Wilse,Male,39,White,Gastroenterology,Not Admitted,,37
472-84-3017,27-05-2024,00:33:00,Y. Pistol,Male,18,White,Gastroenterology,Not Admitted,,45
156-79-3301,14-09-2024,18:45:00,I. Leadbitter,Male,33,White,Gastroenterology,Not Admitted,1,14
393-93-3535,25-12-2023,16:28:00,G. Rechert,Male,38,White,Gastroenterology,Not Admitted,6,56
688-25-2615,12-09-2024,10:47:00,A. Birbeck,Male,44,White,General Practice,Not Admitted,,33
820-83-9876,10-03-2024,22:11:00,A. Castelyn,Male,62,White,General Practice,Not Admitted,,33
884-57-5845,28-02-2024,10:41:00,A. Milner,Male,8,White,General Practice,Not Admitted,,39
442-19-3458,25-10-2023,08:45:00,B. Passman,Male,26,White,General Practice,Not Admitted,,16
679-06-4862,09-07-2023,10:33:00,B. Meas,Male,39,White,General Practice,Not Admitted,,58
871-63-8322,12-09-2024,21:12:00,C. Lawlie,Male,74,White,General Practice,Not Admitted,,10
192-73-1375,19-04-2024,15:15:00,C. Barensen,Male,32,White,General Practice,Not Admitted,,15
480-83-8725,12-01-2024,18:01:00,C. Colleck,Male,1,White,General Practice,Not Admitted,,25
710-62-3265,18-06-2023,12:46:00,C. Alenikov,Male,48,White,General Practice,Not Admitted,,26
873-71-0439,14-02-2024,04:32:00,C. Littefair,Male,1,White,General Practice,Not Admitted,,54
454-11-9188,17-06-2024,10:22:00,D. Ballin,Male,73,White,General Practice,Not Admitted,,24
737-43-6461,04-03-2024,01:40:00,D. McRuvie,Male,19,White,General Practice,Not Admitted,,39
744-75-4100,05-07-2024,02:15:00,E. Brumbie,Male,25,White,General Practice,Not Admitted,,11
730-17-0598,19-06-2024,11:20:00,E. Janas,Male,15,White,General Practice,Not Admitted,,12
789-85-5518,20-07-2024,08:32:00,E. McLagan,Male,56,White,General Practice,Not Admitted,,14
562-52-4808,24-08-2024,02:08:00,E. Ranfield,Male,54,White,General Practice,Not Admitted,,21
585-41-4703,31-01-2024,10:37:00,E. Videan,Male,58,White,General Practice,Not Admitted,,25
506-64-0596,12-07-2024,02:58:00,F. Mussen,Male,18,White,General Practice,Not Admitted,,48
625-63-4515,21-12-2023,20:26:00,F. Merriment,Male,57,White,General Practice,Not Admitted,,52
455-48-1591,06-03-2024,23:27:00,G. Adolfsen,Male,78,White,General Practice,Not Admitted,,10
834-85-5897,19-12-2023,18:15:00,G. Jindracek,Male,38,White,General Practice,Not Admitted,,20
759-80-0475,11-05-2024,21:50:00,G. Gould,Male,51,White,General Practice,Not Admitted,,27
234-08-8186,30-04-2024,22:57:00,G. Gillaspy,Male,14,White,General Practice,Not Admitted,,32
725-56-0226,17-01-2024,09:51:00,G. Zielinski,Male,47,White,General Practice,Not Admitted,,35
605-04-8828,04-04-2024,21:48:00,G. Doole,Male,41,White,General Practice,Not Admitted,,38
639-36-5043,08-04-2023,12:04:00,H. Rayne,Male,68,White,General Practice,Not Admitted,,22
138-52-2171,28-03-2024,12:57:00,H. Banger,Male,77,White,General Practice,Not Admitted,,31
293-76-2040,11-04-2024,01:26:00,I. Samet,Male,26,White,General Practice,Not Admitted,,22
248-98-7235,23-08-2023,16:41:00,J. Shaplin,Male,21,White,General Practice,Not Admitted,,15
496-05-4044,21-03-2024,13:43:00,J. Sneesbie,Male,64,White,General Practice,Not Admitted,,23
811-13-0849,29-05-2023,08:00:00,J. Hover,Male,1,White,General Practice,Not Admitted,,25
335-09-3012,28-04-2024,18:22:00,J. Gidney,Male,56,White,General Practice,Not Admitted,,53
427-80-9934,13-10-2023,12:27:00,J. Howcroft,Male,50,White,General Practice,Not Admitted,,58
844-39-7915,11-04-2024,05:42:00,K. Tilford,Male,71,White,General Practice,Not Admitted,,39
496-11-6286,20-07-2023,16:29:00,L. Ravel,Male,15,White,General Practice,Not Admitted,,34
571-85-3714,09-09-2024,00:14:00,M. Semerad,Male,75,White,General Practice,Not Admitted,,16
533-29-8111,18-04-2023,23:12:00,M. Nassie,Male,26,White,General Practice,Not Admitted,,29
893-31-0684,26-07-2024,16:31:00,M. Birney,Male,27,White,General Practice,Not Admitted,,48
413-75-7208,02-06-2023,20:09:00,N. Dumelow,Male,21,White,General Practice,Not Admitted,,36
712-44-5959,11-09-2023,21:15:00,N. Reichert,Male,5,White,General Practice,Not Admitted,,41
659-98-9321,01-09-2024,23:34:00,N. Alwin,Male,11,White,General Practice,Not Admitted,,47
177-46-1546,25-10-2023,22:08:00,N. Phippen,Male,44,White,General Practice,Not Admitted,,50
785-28-4887,25-04-2023,23:01:00,O. Bolt,Male,40,White,General Practice,Not Admitted,,12
104-94-3544,25-08-2023,18:43:00,O. Risman,Male,18,White,General Practice,Not Admitted,,47
548-40-3880,02-09-2024,20:36:00,O. Antos,Male,45,White,General Practice,Not Admitted,,53
641-33-6740,21-01-2024,16:52:00,P. Goch,Male,54,White,General Practice,Not Admitted,,15
727-93-0292,07-04-2024,00:32:00,P. Grigg,Male,74,White,General Practice,Not Admitted,,32
699-89-5729,31-07-2024,19:34:00,P. Cardnell,Male,62,White,General Practice,Not Admitted,,40
201-34-0312,03-08-2023,00:37:00,P. Dugdale,Male,34,White,General Practice,Not Admitted,,49
252-57-4638,08-08-2023,03:50:00,P. Wanka,Male,41,White,General Practice,Not Admitted,,54
618-82-3874,16-09-2024,03:12:00,P. Doley,Male,31,White,General Practice,Not Admitted,,57
661-74-3185,22-09-2023,18:46:00,Q. Steljes,Male,75,White,General Practice,Not Admitted,,14
509-72-7679,16-06-2024,07:48:00,Q. Barras,Male,16,White,General Practice,Not Admitted,,17
763-23-4635,05-04-2024,18:13:00,Q. Occleshaw,Male,5,White,General Practice,Not Admitted,,19
435-27-7132,22-05-2023,00:55:00,Q. Gonthier,Male,61,White,General Practice,Not Admitted,,30
625-57-1785,07-12-2023,13:36:00,Q. Surby,Male,26,White,General Practice,Not Admitted,,40
707-25-6349,17-05-2023,00:37:00,Q. Corre,Male,40,White,General Practice,Not Admitted,,49
693-28-8846,30-04-2023,08:43:00,Q. Ragsdall,Male,63,White,General Practice,Not Admitted,,53
660-87-6404,11-02-2024,18:11:00,R. Nortcliffe,Male,33,White,General Practice,Not Admitted,,24
227-50-8036,01-09-2024,16:58:00,R. McAne,Male,58,White,General Practice,Not Admitted,,56
853-54-6536,03-06-2023,05:32:00,S. Mattaus,Male,74,White,General Practice,Not Admitted,,14
127-97-8438,22-04-2023,02:07:00,S. Caney,Male,72,White,General Practice,Not Admitted,,21
590-93-6696,28-10-2023,23:37:00,S. Guislin,Male,24,White,General Practice,Not Admitted,,27
213-89-6553,25-08-2024,16:05:00,S. Fountain,Male,1,White,General Practice,Not Admitted,,38
846-85-3469,26-07-2024,07:16:00,S. Garrity,Male,4,White,General Practice,Not Admitted,,53
782-31-2439,23-05-2024,14:01:00,T. Goodchild,Male,71,White,General Practice,Not Admitted,,22
473-69-8282,25-04-2024,15:36:00,T. Leyburn,Male,63,White,General Practice,Not Admitted,,29
844-04-7131,29-01-2024,13:00:00,T. Petrillo,Male,47,White,General Practice,Not Admitted,,47
597-69-6388,05-12-2023,21:59:00,U. Madner,Male,53,White,General Practice,Not Admitted,,15
587-94-0306,23-06-2023,21:11:00,U. Telling,Male,76,White,General Practice,Not Admitted,,31
353-99-9075,20-06-2023,02:18:00,U. Hemms,Male,75,White,General Practice,Not Admitted,,50
694-38-9846,20-10-2023,11:30:00,V. Borley,Male,68,White,General Practice,Not Admitted,,10
735-56-2510,04-08-2023,11:55:00,V. Guiton,Male,9,White,General Practice,Not Admitted,,39
774-89-5184,11-01-2024,10:34:00,V. Bourdice,Male,6,White,General Practice,Not Admitted,,44
868-57-6762,12-11-2023,16:31:00,V. Goodfellow,Male,65,White,General Practice,Not Admitted,,56
629-68-4241,15-06-2023,08:30:00,W. Roach,Male,49,White,General Practice,Not Admitted,,13
851-72-1676,12-07-2024,12:30:00,W. Crossgrove,Male,74,White,General Practice,Not Admitted,,14
767-63-9719,21-01-2024,03:35:00,W. Dixie,Male,7,White,General Practice,Not Admitted,,33
769-72-8314,14-10-2024,12:22:00,W. Lambarton,Male,43,White,General Practice,Not Admitted,,36
433-35-8228,03-12-2023,01:22:00,W. Gebb,Male,38,White,General Practice,Not Admitted,,39
230-72-4802,09-10-2023,08:31:00,X. Beniesh,Male,27,White,General Practice,Not Admitted,,14
728-26-6726,14-06-2024,19:31:00,Y. Buten,Male,66,White,General Practice,Not Admitted,,21
530-19-6308,27-05-2023,11:08:00,Y. Clausen-Thue,Male,24,White,General Practice,Not Admitted,,27
624-24-6189,13-09-2024,18:07:00,Y. Jennemann,Male,41,White,General Practice,Not Admitted,,27
141-51-5635,17-07-2023,15:23:00,Y. Camerati,Male,63,White,General Practice,Not Admitted,,31
505-95-5668,22-04-2023,22:42:00,Y. Joannidi,Male,74,White,General Practice,Not Admitted,,58
608-49-9277,08-10-2024,04:36:00,Z. Cordon,Male,32,White,General Practice,Not Admitted,,20
573-40-2464,24-10-2023,23:16:00,Z. Elmar,Male,77,White,General Practice,Not Admitted,,21
411-18-9512,23-12-2023,08:03:00,Z. Stockley,Male,66,White,General Practice,Not Admitted,,23
732-12-0603,17-04-2023,22:50:00,Z. Sarfatti,Male,18,White,General Practice,Not Admitted,,48
595-86-7693,11-06-2023,15:12:00,Z. Panter,Male,74,White,General Practice,Not Admitted,,57
588-72-2524,16-07-2024,10:26:00,Z. Skerm,Male,1,White,General Practice,Not Admitted,,58
658-71-6172,23-08-2023,23:21:00,G. Absolem,Male,32,White,General Practice,Not Admitted,0,33
340-71-1290,02-01-2024,20:14:00,T. Jaquemar,Male,43,White,General Practice,Not Admitted,0,41
170-60-7747,01-04-2023,13:25:00,T. Snowdon,Male,31,White,General Practice,Not Admitted,0,56
146-77-1591,15-02-2024,22:04:00,K. Dorian,Male,46,White,General Practice,Not Admitted,1,31
203-04-2783,21-10-2023,21:51:00,L. Deverson,Male,50,White,General Practice,Not Admitted,1,42
883-68-7233,02-05-2024,13:01:00,T. Hugueville,Male,55,White,General Practice,Not Admitted,1,25
470-99-9429,04-05-2023,06:38:00,A. Nevill,Male,68,White,General Practice,Not Admitted,3,25
204-42-0922,01-10-2024,18:46:00,C. Pallin,Male,68,White,General Practice,Not Admitted,3,56
702-24-7897,29-01-2024,12:11:00,O. Dougliss,Male,73,White,General Practice,Not Admitted,3,28
323-59-6278,20-11-2023,20:09:00,U. Condie,Male,13,White,General Practice,Not Admitted,5,53
760-71-3160,11-09-2023,09:53:00,W. Wray,Male,18,White,General Practice,Not Admitted,5,20
267-31-9051,17-08-2024,12:51:00,A. Verrechia,Male,73,White,General Practice,Not Admitted,6,53
898-96-3786,24-06-2023,05:05:00,E. Bossom,Male,14,White,General Practice,Not Admitted,6,57
430-78-4586,14-04-2023,13:00:00,Q. Lamputt,Male,3,White,General Practice,Not Admitted,6,54
135-61-7666,07-02-2024,22:20:00,S. Dagon,Male,78,White,General Practice,Not Admitted,6,59
571-52-7559,14-01-2024,23:05:00,V. Farthin,Male,22,White,General Practice,Not Admitted,6,32
203-83-9332,03-09-2023,12:21:00,G. Bending,Male,24,White,General Practice,Not Admitted,7,57
276-56-0604,10-02-2024,23:28:00,R. McMurray,Male,34,White,General Practice,Not Admitted,7,55
570-69-8864,12-08-2023,05:29:00,F. Kettles,Male,39,White,General Practice,Not Admitted,8,29
325-33-5772,27-10-2024,21:57:00,H. Bolgar,Male,45,White,General Practice,Not Admitted,8,12
679-54-4775,08-07-2024,10:06:00,J. Treamayne,Male,78,White,General Practice,Not Admitted,8,35
848-12-7424,26-05-2023,23:23:00,C. Crannach,Male,11,White,General Practice,Not Admitted,10,23
894-88-8079,24-10-2023,10:13:00,N. Handaside,Male,29,White,General Practice,Not Admitted,10,39
681-33-8999,27-11-2023,21:22:00,R. Emtage,Male,71,White,General Practice,Not Admitted,10,51
285-78-6419,31-03-2024,20:09:00,W. Orys,Male,69,White,General Practice,Not Admitted,10,17
160-05-9410,02-08-2023,06:38:00,E. Merricks,Male,7,White,Neurology,Not Admitted,,44
621-27-7002,07-11-2023,04:52:00,G. Spindler,Male,59,White,Neurology,Not Admitted,,31
350-75-4511,10-07-2023,13:28:00,J. Hillhouse,Male,10,White,Neurology,Not Admitted,,52
222-85-6440,10-04-2023,09:45:00,S. Petrolli,Male,35,White,Neurology,Not Admitted,,34
367-62-9249,06-09-2024,23:22:00,Z. Swigger,Male,18,White,Neurology,Not Admitted,3,53
140-55-8447,18-05-2024,10:22:00,H. Valasek,Male,3,White,Neurology,Not Admitted,4,53
707-68-7512,22-08-2024,15:34:00,J. Topham,Male,33,White,Neurology,Not Admitted,6,18
393-06-6114,12-06-2024,05:09:00,E. Labrenz,Male,40,White,Neurology,Not Admitted,9,39
678-19-2895,02-05-2024,17:51:00,Q. Heale,Male,39,White,Neurology,Not Admitted,9,15
550-59-7164,25-05-2024,21:52:00,A. Redmond,Male,69,White,None,Not Admitted,,19
176-91-4008,23-06-2024,04:55:00,A. Render,Male,15,White,None,Not Admitted,,37
263-48-3682,15-08-2023,20:51:00,A. Toseland,Male,18,White,None,Not Admitted,,37
516-65-1011,22-10-2024,22:47:00,A. Palliser,Male,38,White,None,Not Admitted,,40
560-89-7239,04-06-2023,14:20:00,A. Orringe,Male,48,White,None,Not Admitted,,44
299-03-0225,27-04-2024,16:08:00,A. Riddett,Male,20,White,None,Not Admitted,,46
136-93-5822,29-09-2023,15:50:00,A. Gerbl,Male,63,White,None,Not Admitted,,55
661-86-2616,23-05-2023,23:16:00,A. Langton,Male,12,White,None,Not Admitted,,57
314-94-6078,08-11-2023,03:13:00,A. Boot,Male,14,White,None,Not Admitted,,57
353-33-5380,17-12-2023,10:54:00,A. Scatchar,Male,70,White,None,Not Admitted,,58
546-52-9716,08-01-2024,23:03:00,B. Gookey,Male,55,White,None,Not Admitted,,21
188-84-9362,29-05-2024,15:58:00,B. Furzey,Male,16,White,None,Not Admitted,,29
552-97-7824,18-10-2024,23:57:00,B. Schindler,Male,67,White,None,Not Admitted,,33
437-40-4631,18-10-2024,10:48:00,B. Hearns,Male,4,White,None,Not Admitted,,38
547-45-4774,11-01-2024,08:01:00,B. Akaster,Male,25,White,None,Not Admitted,,49
105-50-4871,09-11-2023,18:36:00,B. Bligh,Male,71,White,None,Not Admitted,,52
270-19-6893,03-04-2023,18:32:00,B. Tucknott,Male,21,White,None,Not Admitted,,54
620-23-8298,01-11-2023,09:52:00,B. Dolden,Male,25,White,None,Not Admitted,,58
735-55-8837,01-06-2023,03:12:00,C. Polet,Male,36,White,None,Not Admitted,,37
760-24-8347,20-10-2024,11:56:00,C. Whitelaw,Male,17,White,None,Not Admitted,,46
146-29-4419,24-05-2024,14:36:00,C. Caslake,Male,66,White,None,Not Admitted,,48
276-65-2584,07-10-2024,12:18:00,C. Goaley,Male,78,White,None,Not Admitted,,56
860-91-3089,14-01-2024,01:04:00,C. Pascho,Male,71,White,None,Not Admitted,,60
234-16-7761,21-10-2024,21:35:00,D. Brokenshire,Male,52,White,None,Not Admitted,,13
680-20-7790,28-04-2024,23:58:00,D. Airlie,Male,74,White,None,Not Admitted,,14
719-64-1635,12-07-2023,12:16:00,D. McLewd,Male,18,White,None,Not Admitted,,15
430-81-2099,10-06-2023,20:14:00,D. Knotte,Male,43,White,None,Not Admitted,,20
673-15-3561,05-07-2024,14:26:00,D. Stuckow,Male,15,White,None,Not Admitted,,22
627-25-0591,14-07-2023,11:06:00,D. Moutray Read,Male,54,White,None,Not Admitted,,23
322-25-9678,24-02-2024,21:50:00,D. Sams,Male,53,White,None,Not Admitted,,27
300-57-0346,12-08-2023,16:56:00,D. Blampey,Male,17,White,None,Not Admitted,,29
446-57-0814,18-10-2023,07:48:00,D. Schultheiss,Male,50,White,None,Not Admitted,,29
830-03-8674,20-04-2024,23:40:00,D. Maddie,Male,14,White,None,Not Admitted,,41
261-41-3006,16-01-2024,15:09:00,D. Slocum,Male,50,White,None,Not Admitted,,47
850-52-6715,28-10-2024,03:12:00,D. Benasik,Male,41,White,None,Not Admitted,,50
331-34-8927,25-06-2024,16:46:00,D. Mitchely,Male,27,White,None,Not Admitted,,59
220-02-8548,14-12-2023,17:09:00,E. Mattiazzo,Male,50,White,None,Not Admitted,,10
329-89-5170,21-09-2024,14:49:00,E. McOwan,Male,62,White,None,Not Admitted,,15
607-76-9368,03-05-2024,18:27:00,E. Finnemore,Male,41,White,None,Not Admitted,,16
636-38-5841,03-03-2024,05:11:00,E. Gumme,Male,46,White,None,Not Admitted,,23
826-05-1245,15-03-2024,22:11:00,E. Shyres,Male,67,White,None,Not Admitted,,23
260-99-9033,20-05-2024,10:33:00,E. Gon,Male,73,White,None,Not Admitted,,30
869-82-8816,25-08-2024,04:36:00,E. Clougher,Male,49,White,None,Not Admitted,,33
625-11-3614,06-01-2024,08:24:00,E. Shovel,Male,68,White,None,Not Admitted,,41
344-19-5332,06-09-2024,11:19:00,E. Battams,Male,11,White,None,Not Admitted,,43
840-93-3146,28-04-2023,19:34:00,E. McNea,Male,21,White,None,Not Admitted,,49
192-35-0491,28-06-2023,15:39:00,F. Bonson,Male,43,White,None,Not Admitted,,16
781-45-2775,05-07-2023,20:02:00,F. Farrin,Male,24,White,None,Not Admitted,,20
274-24-7640,21-04-2024,00:16:00,F. Strachan,Male,39,White,None,Not Admitted,,29
428-71-5740,01-07-2023,07:29:00,F. Braisher,Male,73,White,None,Not Admitted,,34
201-10-9557,17-04-2023,21:53:00,F. Relfe,Male,69,White,None,Not Admitted,,36
439-52-0309,01-05-2023,00:29:00,F. Pochet,Male,30,White,None,Not Admitted,,37
284-76-1097,05-08-2023,07:28:00,F. Garretts,Male,76,White,None,Not Admitted,,39
642-24-2097,20-05-2024,03:10:00,F. Dienes,Male,54,White,None,Not Admitted,,40
729-09-1173,08-06-2023,03:02:00,F. McWhan,Male,25,White,None,Not Admitted,,45
229-64-6626,01-08-2024,16:25:00,F. Leggott,Male,72,White,None,Not Admitted,,46
740-90-4651,01-08-2024,16:27:00,F. Tillyer,Male,56,White,None,Not Admitted,,47
792-14-4393,02-09-2024,14:57:00,F. Kristiansen,Male,36,White,None,Not Admitted,,50
602-08-6121,07-11-2023,05:28:00,F. Coenraets,Male,38,White,None,Not Admitted,,50
362-55-7521,13-06-2024,18:16:00,F. Jenoure,Male,77,White,None,Not Admitted,,50
519-94-5552,23-02-2024,16:29:00,F. Rodenhurst,Male,10,White,None,Not Admitted,,55
599-01-3259,28-09-2023,13:02:00,F. Charte,Male,27,White,None,Not Admitted,,55
654-56-7769,19-07-2024,06:36:00,F. Enticott,Male,29,White,None,Not Admitted,,56
295-23-8245,31-12-2023,21:01:00,G. D'Orsay,Male,69,White,None,Not Admitted,,11
507-03-0083,16-10-2023,17:57:00,G. Eastcott,Male,79,White,None,Not Admitted,,22
856-44-7824,18-04-2024,04:42:00,G. Garvin,Male,63,White,None,Not Admitted,,25
819-96-9508,15-12-2023,14:28:00,G. Goldson,Male,71,White,None,Not Admitted,,40
781-68-2465,20-10-2024,02:47:00,G. Tinsley,Male,26,White,None,Not Admitted,,47
274-29-8312,12-04-2023,21:45:00,G. Vaulkhard,Male,73,White,None,Not Admitted,,47
126-71-8708,23-04-2024,20:42:00,G. Nissle,Male,58,White,None,Not Admitted,,49
557-63-9631,13-06-2024,04:34:00,G. Chadbourne,Male,55,White,None,Not Admitted,,51
654-95-2156,14-09-2023,11:31:00,G. Haliday,Male,59,White,None,Not Admitted,,57
871-05-6285,18-04-2024,06:58:00,G. Clement,Male,64,White,None,Not Admitted,,59
593-23-5909,27-07-2023,13:30:00,G. Filippo,Male,68,White,None,Not Admitted,,59
281-13-9122,22-10-2023,21:20:00,G. Goodenough,Male,74,White,None,Not Admitted,,59
507-62-7126,28-05-2023,12:37:00,H. Beedle,Male,15,White,None,Not Admitted,,11
575-11-3097,28-08-2023,19:33:00,H. Faust,Male,75,White,None,Not Admitted,,11
314-07-4648,12-08-2023,00:09:00,H. Cursey,Male,68,White,None,Not Admitted,,18
452-25-4626,20-10-2024,09:51:00,H. Greenacre,Male,53,White,None,Not Admitted,,22
640-10-5390,20-05-2024,06:02:00,H. Rein,Male,45,White,None,Not Admitted,,31
222-74-5629,22-05-2023,09:04:00,H. Tran,Male,31,White,None,Not Admitted,,42
238-98-0679,04-04-2024,17:23:00,H. Robson,Male,56,White,None,Not Admitted,,46
103-81-2792,30-10-2024,23:44:00,H. Ollie,Male,73,White,None,Not Admitted,,51
346-71-7552,02-03-2024,07:45:00,H. Ellor,Male,56,White,None,Not Admitted,,55
775-05-5919,25-03-2024,15:25:00,H. Shotton,Male,17,White,None,Not Admitted,,57
291-44-0132,07-11-2023,05:34:00,I. Attrey,Male,27,White,None,Not Admitted,,12
737-84-1709,01-05-2023,12:20:00,I. Fallowfield,Male,61,White,None,Not Admitted,,14
298-96-3551,26-12-2023,13:27:00,I. Leman,Male,22,White,None,Not Admitted,,16
322-65-2690,17-08-2024,11:24:00,I. Lawry,Male,47,White,None,Not Admitted,,23
500-96-0933,31-05-2023,00:27:00,I. Sinnie,Male,10,White,None,Not Admitted,,28
358-62-9394,02-08-2023,20:33:00,I. Philippard,Male,11,White,None,Not Admitted,,32
164-49-8624,01-12-2023,18:22:00,I. Lambole,Male,25,White,None,Not Admitted,,32
661-12-9006,21-06-2024,15:04:00,I. Apperley,Male,73,White,None,Not Admitted,,32
788-50-6371,01-07-2024,08:15:00,I. Abrahart,Male,9,White,None,Not Admitted,,34
714-85-9231,22-04-2024,03:17:00,I. Kenrick,Male,72,White,None,Not Admitted,,34
426-39-1493,08-06-2024,15:29:00,I. Copyn,Male,9,White,None,Not Admitted,,36
699-42-8804,15-06-2024,20:04:00,I. Jiricka,Male,49,White,None,Not Admitted,,49
376-81-5705,18-10-2023,22:34:00,I. Challin,Male,21,White,None,Not Admitted,,53
507-81-5352,16-01-2024,06:44:00,J. Battson,Male,7,White,None,Not Admitted,,10
516-57-1396,09-01-2024,08:24:00,J. Boribal,Male,48,White,None,Not Admitted,,11
467-76-2120,29-07-2024,12:09:00,J. Flarity,Male,21,White,None,Not Admitted,,12
464-58-0449,06-12-2023,23:25:00,J. Ducker,Male,3,White,None,Not Admitted,,14
177-54-8118,24-07-2023,15:47:00,J. Errigo,Male,73,White,None,Not Admitted,,35
733-04-5324,01-07-2023,12:16:00,J. Pickervance,Male,25,White,None,Not Admitted,,38
738-98-5900,25-02-2024,10:55:00,J. Gerbi,Male,31,White,None,Not Admitted,,38
379-30-7250,31-01-2024,02:25:00,J. Acory,Male,48,White,None,Not Admitted,,47
727-12-3250,20-12-2023,04:47:00,K. Priddis,Male,14,White,None,Not Admitted,,17
201-47-2627,31-03-2024,20:13:00,K. Harrowing,Male,31,White,None,Not Admitted,,35
181-27-3015,23-01-2024,03:16:00,K. Amos,Male,75,White,None,Not Admitted,,36
525-09-7165,28-10-2023,05:53:00,K. Mauser,Male,65,White,None,Not Admitted,,44
843-80-4343,03-03-2024,15:52:00,K. O'Caherny,Male,28,White,None,Not Admitted,,50
250-74-5502,18-11-2023,21:34:00,K. Flacke,Male,22,White,None,Not Admitted,,59
327-41-8014,22-04-2024,10:30:00,L. Keating,Male,21,White,None,Not Admitted,,15
858-03-5171,01-08-2024,23:42:00,L. Luty,Male,36,White,None,Not Admitted,,26
677-89-7468,26-08-2023,20:12:00,L. Guerra,Male,67,White,None,Not Admitted,,27
829-79-9655,04-03-2024,20:36:00,L. O'Day,Male,4,White,None,Not Admitted,,32
621-31-9795,13-09-2023,04:01:00,L. Velten,Male,75,White,None,Not Admitted,,38
758-02-1523,23-07-2024,19:44:00,L. Byrde,Male,9,White,None,Not Admitted,,40
223-46-4550,20-10-2023,09:37:00,L. Ludwell,Male,39,White,None,Not Admitted,,41
847-72-5654,06-05-2023,22:01:00,L. McGlaughn,Male,37,White,None,Not Admitted,,49
154-48-7665,28-06-2024,09:05:00,L. Peert,Male,65,White,None,Not Admitted,,57
337-38-8786,16-07-2023,18:27:00,L. Boulde,Male,72,White,None,Not Admitted,,60
503-09-9421,11-10-2023,11:17:00,L. Ley,Male,79,White,None,Not Admitted,,60
616-52-5618,14-07-2023,21:48:00,M. Stoner,Male,72,White,None,Not Admitted,,30
522-22-0709,27-03-2024,21:18:00,M. Demeza,Male,41,White,None,Not Admitted,,32
870-05-2895,06-10-2024,10:44:00,M. Crevy,Male,16,White,None,Not Admitted,,36
652-95-2118,23-10-2023,22:58:00,M. Proffitt,Male,15,White,None,Not Admitted,,44
449-82-3256,12-07-2024,18:23:00,M. Orhrt,Male,39,White,None,Not Admitted,,49
751-60-7992,17-07-2023,13:09:00,M. Playdon,Male,48,White,None,Not Admitted,,49
452-78-5855,05-07-2023,01:48:00,N. Ayllett,Male,74,White,None,Not Admitted,,28
119-47-0197,04-04-2023,08:35:00,N. Skrines,Male,49,White,None,Not Admitted,,37
833-79-7494,25-11-2023,12:29:00,N. Dugood,Male,72,White,None,Not Admitted,,40
394-95-1221,19-12-2023,13:30:00,N. Pulbrook,Male,67,White,None,Not Admitted,,47
290-91-2994,24-01-2024,11:47:00,N. Lehr,Male,13,White,None,Not Admitted,,52
732-13-8882,15-11-2023,05:29:00,N. Jeanet,Male,28,White,None,Not Admitted,,58
718-76-3741,29-09-2023,20:29:00,O. Balas,Male,24,White,None,Not Admitted,,26
284-54-0844,29-10-2024,07:18:00,O. Bengochea,Male,6,White,None,Not Admitted,,30
663-53-8750,05-09-2023,04:23:00,O. Debnam,Male,4,White,None,Not Admitted,,32
709-15-6535,12-03-2024,16:19:00,O. Heaven,Male,68,White,None,Not Admitted,,33
795-97-9054,18-05-2023,02:24:00,O. O'Ferris,Male,26,White,None,Not Admitted,,34
219-43-4614,20-03-2024,14:56:00,O. Buncombe,Male,77,White,None,Not Admitted,,42
522-18-4466,13-10-2023,11:40:00,O. Dickerson,Male,31,White,None,Not Admitted,,60
283-38-8264,23-06-2024,10:53:00,P. Cleall,Male,28,White,None,Not Admitted,,18
750-19-2024,02-06-2024,13:07:00,P. Mellows,Male,63,White,None,Not Admitted,,20
111-62-1484,16-03-2024,22:09:00,P. Payle,Male,20,White,None,Not Admitted,,41
202-36-3749,10-08-2024,18:57:00,P. Godwin,Male,59,White,None,Not Admitted,,42
468-75-4841,07-04-2024,20:14:00,P. Swatton,Male,69,White,None,Not Admitted,,47
500-16-9899,27-09-2024,21:09:00,P. Wardroper,Male,36,White,None,Not Admitted,,50
773-70-5654,24-07-2023,08:17:00,P. Mussilli,Male,25,White,None,Not Admitted,,56
494-38-7066,21-12-2023,16:04:00,P. O' Liddy,Male,49,White,None,Not Admitted,,56
406-50-0138,24-11-2023,08:53:00,Q. Ickovitz,Male,37,White,None,Not Admitted,,21
870-17-7578,15-03-2024,19:13:00,Q. Alvy,Male,54,White,None,Not Admitted,,29
479-60-4864,29-08-2023,02:56:00,Q. Dulin,Male,54,White,None,Not Admitted,,30
346-20-4727,17-08-2024,00:26:00,Q. Ost,Male,18,White,None,Not Admitted,,37
295-95-8304,19-07-2023,06:15:00,R. Wimlet,Male,57,White,None,Not Admitted,,12
804-99-9395,17-09-2023,21:28:00,R. Cragg,Male,67,White,None,Not Admitted,,16
272-07-0356,28-06-2023,11:37:00,R. Tappor,Male,39,White,None,Not Admitted,,17
702-87-1289,20-01-2024,22:07:00,R. Tressler,Male,73,White,None,Not Admitted,,29
393-79-0957,24-05-2023,04:18:00,R. Casellas,Male,67,White,None,Not Admitted,,45
780-73-2206,04-07-2023,03:09:00,R. Cousins,Male,67,White,None,Not Admitted,,56
182-78-5630,06-09-2024,03:00:00,R. Graffin,Male,31,White,None,Not Admitted,,60
405-99-5576,05-04-2024,11:29:00,S. Lowre,Male,20,White,None,Not Admitted,,17
237-45-7615,10-09-2024,20:17:00,S. Rollitt,Male,58,White,None,Not Admitted,,19
145-56-8675,11-12-2023,16:48:00,S. De Benedictis,Male,27,White,None,Not Admitted,,27
437-17-7171,15-07-2024,22:58:00,S. Adamiak,Male,45,White,None,Not Admitted,,33
291-84-1236,08-11-2023,11:27:00,S. Upex,Male,49,White,None,Not Admitted,,38
741-09-8624,02-10-2023,04:06:00,S. Bonnette,Male,10,White,None,Not Admitted,,40
736-37-6932,24-10-2024,22:36:00,S. Welbourn,Male,66,White,None,Not Admitted,,40
639-44-3444,15-01-2024,22:54:00,S. Hillatt,Male,78,White,None,Not Admitted,,44
716-92-3445,25-12-2023,08:27:00,S. Calyton,Male,66,White,None,Not Admitted,,46
417-42-2318,14-08-2023,15:39:00,S. Hellmore,Male,32,White,None,Not Admitted,,50
491-43-8765,02-09-2023,12:16:00,S. Harrison,Male,38,White,None,Not Admitted,,52
813-12-6381,14-06-2024,15:34:00,T. Wardel,Male,35,White,None,Not Admitted,,11
424-45-3174,20-08-2024,20:25:00,T. Janaszkiewicz,Male,40,White,None,Not Admitted,,21
744-89-1379,09-10-2023,03:03:00,T. Smithies,Male,75,White,None,Not Admitted,,29
258-72-4657,23-08-2023,05:14:00,T. Deguara,Male,56,White,None,Not Admitted,,32
598-31-8151,09-05-2023,07:11:00,T. Gwilt,Male,55,White,None,Not Admitted,,41
485-42-0792,23-12-2023,21:48:00,T. Little,Male,8,White,None,Not Admitted,,46
738-42-0395,18-05-2024,23:03:00,T. Binford,Male,11,White,None,Not Admitted,,49
848-30-3365,17-06-2024,04:16:00,T. Capnerhurst,Male,3,White,None,Not Admitted,,50
357-93-7216,21-04-2024,21:21:00,T. Fields,Male,1,White,None,Not Admitted,,58
226-35-0871,23-10-2024,11:13:00,T. Ciciari,Male,32,White,None,Not Admitted,,59
437-58-9705,04-07-2023,13:36:00,U. Farmer,Male,25,White,None,Not Admitted,,11
517-52-9662,11-08-2023,23:33:00,U. Birkenhead,Male,59,White,None,Not Admitted,,18
640-15-7763,22-09-2023,03:41:00,U. Antonov,Male,43,White,None,Not Admitted,,19
853-59-1381,09-06-2024,23:38:00,U. Barkus,Male,45,White,None,Not Admitted,,20
164-59-0295,14-10-2024,02:04:00,U. Paddefield,Male,30,White,None,Not Admitted,,23
400-43-5549,20-05-2023,11:38:00,U. Boumphrey,Male,58,White,None,Not Admitted,,31
879-64-8222,06-06-2023,06:32:00,U. Hamshere,Male,28,White,None,Not Admitted,,37
615-91-1397,31-05-2024,14:55:00,U. Jablonski,Male,63,White,None,Not Admitted,,38
859-62-7867,12-04-2024,13:53:00,U. Marke,Male,76,White,None,Not Admitted,,38
353-63-2964,27-07-2023,22:54:00,U. Altham,Male,6,White,None,Not Admitted,,42
374-88-8638,14-06-2023,08:37:00,U. Dy,Male,61,White,None,Not Admitted,,56
467-42-9708,15-09-2023,04:42:00,U. Cluff,Male,24,White,None,Not Admitted,,57
746-54-6477,24-11-2023,08:14:00,V. Abrashkin,Male,12,White,None,Not Admitted,,16
311-91-8434,05-10-2023,09:31:00,V. Kinzel,Male,39,White,None,Not Admitted,,20
242-21-9349,17-08-2024,21:27:00,V. Hayselden,Male,28,White,None,Not Admitted,,34
603-74-1266,08-08-2024,06:05:00,V. Baudrey,Male,16,White,None,Not Admitted,,35
133-18-3896,08-12-2023,17:52:00,V. Casillas,Male,35,White,None,Not Admitted,,39
874-57-8352,01-04-2023,09:49:00,V. Matyushenko,Male,38,White,None,Not Admitted,,50
672-35-9516,05-09-2023,11:48:00,V. Dimitrov,Male,6,White,None,Not Admitted,,55
122-16-6072,11-05-2023,02:27:00,V. Gurnay,Male,54,White,None,Not Admitted,,60
330-89-7694,23-03-2024,02:46:00,W. Roark,Male,40,White,None,Not Admitted,,10
662-44-4990,14-02-2024,01:40:00,W. Riddlesden,Male,42,White,None,Not Admitted,,27
254-25-5430,28-06-2024,20:05:00,W. Gerrels,Male,1,White,None,Not Admitted,,35
447-61-1044,17-09-2024,01:45:00,W. Abisetti,Male,49,White,None,Not Admitted,,35
661-23-4741,21-08-2023,17:22:00,W. Newlin,Male,44,White,None,Not Admitted,,42
773-58-7793,20-06-2023,22:24:00,W. Connar,Male,40,White,None,Not Admitted,,59
848-67-2081,31-05-2023,14:47:00,X. Dikles,Male,9,White,None,Not Admitted,,12
373-06-3637,03-11-2023,15:21:00,X. Paddock,Male,15,White,None,Not Admitted,,12
457-19-5880,03-09-2024,16:59:00,X. Yurkov,Male,45,White,None,Not Admitted,,16
668-07-8528,09-10-2024,17:27:00,X. Fronks,Male,34,White,None,Not Admitted,,27
435-93-8724,09-12-2023,02:21:00,X. Janczewski,Male,36,White,None,Not Admitted,,30
790-05-2176,03-09-2023,11:53:00,X. Schnieder,Male,74,White,None,Not Admitted,,36
136-09-9416,05-12-2023,03:08:00,X. Ivanichev,Male,29,White,None,Not Admitted,,38
757-47-1680,17-08-2024,18:52:00,X. Hawkyens,Male,54,White,None,Not Admitted,,40
223-81-5903,02-10-2024,00:16:00,X. Buzek,Male,50,White,None,Not Admitted,,45
506-43-3890,20-06-2023,11:26:00,X. Fumagalli,Male,9,White,None,Not Admitted,,48
531-96-7985,17-08-2024,06:32:00,Y. Fuggle,Male,13,White,None,Not Admitted,,13
430-80-8880,06-06-2023,08:35:00,Y. Bockman,Male,37,White,None,Not Admitted,,22
752-35-9712,06-04-2023,09:20:00,Y. Gresley,Male,66,White,None,Not Admitted,,32
607-90-7919,19-09-2024,05:15:00,Y. Raynard,Male,1,White,None,Not Admitted,,34
440-84-8198,29-03-2024,19:42:00,Y. Mineghelli,Male,38,White,None,Not Admitted,,38
307-11-6508,17-03-2024,09:07:00,Y. Gregore,Male,25,White,None,Not Admitted,,49
204-67-1880,07-09-2023,11:04:00,Y. O'Scollee,Male,63,White,None,Not Admitted,,55
158-96-8777,27-06-2023,07:54:00,Z. MacCheyne,Male,21,White,None,Not Admitted,,10
269-27-0398,04-04-2023,02:11:00,Z. MacPike,Male,7,White,None,Not Admitted,,17
744-14-7520,28-03-2024,10:42:00,Z. Quennell,Male,19,White,None,Not Admitted,,33
369-27-1391,10-05-2024,07:33:00,Z. Kilduff,Male,7,White,None,Not Admitted,,47
161-12-2015,16-04-2024,10:31:00,Z. De Bischof,Male,28,White,None,Not Admitted,,51
428-04-4880,01-02-2024,06:20:00,L. Masdin,Male,78,White,None,Not Admitted,0,13
336-21-6476,05-06-2024,21:24:00,L. Benduhn,Male,8,White,None,Not Admitted,0,35
686-80-7797,20-04-2023,17:18:00,P. Kibard,Male,49,White,None,Not Admitted,0,38
871-94-3138,15-06-2024,19:40:00,Q. Duckers,Male,48,White,None,Not Admitted,0,37
754-35-8800,23-02-2024,19:51:00,S. Lankham,Male,72,White,None,Not Admitted,0,10
249-35-1997,01-10-2023,07:03:00,S. Waldie,Male,78,White,None,Not Admitted,0,42
503-41-0754,15-11-2023,02:02:00,U. Devote,Male,15,White,None,Not Admitted,0,51
825-41-8889,28-05-2024,22:51:00,X. Regnard,Male,32,White,None,Not Admitted,0,30
814-97-4775,29-03-2024,10:41:00,Y. Burgiss,Male,53,White,None,Not Admitted,0,43
532-39-4090,26-08-2024,15:49:00,B. Peskin,Male,54,White,None,Not Admitted,1,17
583-55-9151,05-11-2023,11:20:00,B. Jacquemet,Male,27,White,None,Not Admitted,1,38
290-54-9915,03-08-2023,10:47:00,D. Grinvalds,Male,30,White,None,Not Admitted,1,42
695-94-7928,15-02-2024,15:03:00,G. Harmeston,Male,28,White,None,Not Admitted,1,35
427-87-9237,21-08-2023,05:30:00,H. Cotelard,Male,19,White,None,Not Admitted,1,20
593-14-3392,08-04-2024,04:16:00,I. Summerlad,Male,66,White,None,Not Admitted,1,28
884-99-1419,25-07-2024,23:15:00,N. Harmston,Male,77,White,None,Not Admitted,1,39
115-63-3012,22-04-2024,04:05:00,P. Grigoriscu,Male,52,White,None,Not Admitted,1,57
682-37-1367,03-07-2024,21:23:00,R. Clayworth,Male,24,White,None,Not Admitted,1,30
727-99-6666,03-04-2024,12:42:00,S. Ions,Male,54,White,None,Not Admitted,1,45
867-51-1001,16-06-2024,00:32:00,Z. Kimbrough,Male,74,White,None,Not Admitted,1,14
639-66-6888,09-05-2023,14:55:00,A. Tweedle,Male,75,White,None,Not Admitted,2,55
577-20-8465,27-09-2023,11:34:00,E. Burtwell,Male,35,White,None,Not Admitted,2,58
446-34-2838,02-06-2023,16:07:00,G. Uttley,Male,71,White,None,Not Admitted,2,42
823-91-0073,12-07-2023,13:34:00,G. Goodfellowe,Male,23,White,None,Not Admitted,2,54
535-53-1709,15-03-2024,19:54:00,H. Corneil,Male,26,White,None,Not Admitted,2,27
170-53-5117,05-04-2024,14:26:00,O. Wenzel,Male,2,White,None,Not Admitted,2,34
694-52-7798,08-02-2024,19:08:00,U. Witherow,Male,27,White,None,Not Admitted,2,44
261-82-9019,18-04-2023,17:34:00,W. Rembrant,Male,40,White,None,Not Admitted,2,51
782-54-1080,15-04-2024,15:21:00,Y. Royall,Male,56,White,None,Not Admitted,2,38
222-34-9656,23-07-2023,01:13:00,Z. Kellick,Male,16,White,None,Not Admitted,2,54
194-99-7484,16-03-2024,03:34:00,A. Smyth,Male,42,White,None,Not Admitted,3,36
334-77-7420,30-09-2023,03:01:00,G. Hill,Male,1,White,None,Not Admitted,3,14
498-09-0568,19-05-2024,09:52:00,G. Fazackerley,Male,6,White,None,Not Admitted,3,45
410-44-5767,01-08-2024,12:00:00,M. Bembrigg,Male,60,White,None,Not Admitted,3,23
157-82-8955,08-10-2024,15:52:00,S. Maddin,Male,63,White,None,Not Admitted,3,23
227-87-1629,12-02-2024,15:08:00,S. Gainsburgh,Male,8,White,None,Not Admitted,3,37
838-56-1331,08-06-2024,09:06:00,T. Nettles,Male,32,White,None,Not Admitted,3,30
511-67-6488,29-05-2024,07:02:00,X. Coyish,Male,63,White,None,Not Admitted,3,30
281-25-4387,28-05-2024,07:41:00,Z. Gritten,Male,2,White,None,Not Admitted,3,23
799-90-2475,07-07-2023,00:43:00,E. Crose,Male,58,White,None,Not Admitted,4,18
478-05-6128,29-04-2023,12:44:00,H. Satterly,Male,33,White,None,Not Admitted,4,48
569-39-0856,15-08-2023,03:29:00,K. Rontsch,Male,63,White,None,Not Admitted,4,26
546-84-1188,31-01-2024,09:34:00,L. Caramuscia,Male,2,White,None,Not Admitted,4,41
771-07-1890,23-11-2023,00:20:00,L. Kiwitz,Male,72,White,None,Not Admitted,4,48
171-69-2921,29-02-2024,03:03:00,M. Kernley,Male,32,White,None,Not Admitted,4,36
110-75-4741,22-10-2024,07:22:00,N. Corbet,Male,45,White,None,Not Admitted,4,37
339-22-8496,30-01-2024,04:12:00,P. Gehrels,Male,22,White,None,Not Admitted,4,49
689-97-9515,04-05-2023,15:59:00,T. Freezer,Male,13,White,None,Not Admitted,4,32
278-40-9371,17-03-2024,02:47:00,Z. Rittmeyer,Male,8,White,None,Not Admitted,4,27
217-57-5300,30-06-2024,23:28:00,J. Godson,Male,43,White,None,Not Admitted,5,54
791-52-9087,28-08-2023,12:41:00,M. Brasher,Male,34,White,None,Not Admitted,5,17
737-62-8031,09-06-2024,03:14:00,V. Ponton,Male,4,White,None,Not Admitted,5,49
615-73-2112,18-06-2023,21:44:00,C. Parvin,Male,77,White,None,Not Admitted,6,24
686-15-3149,27-08-2023,21:50:00,D. Van't Hoff,Male,57,White,None,Not Admitted,6,56
543-72-2686,01-05-2024,03:02:00,F. Heddy,Male,56,White,None,Not Admitted,6,38
164-09-6339,24-04-2024,00:10:00,G. Reedyhough,Male,49,White,None,Not Admitted,6,29
632-27-3299,16-10-2024,23:46:00,I. Magenny,Male,56,White,None,Not Admitted,6,27
363-13-7370,28-04-2024,22:18:00,L. Patria,Male,23,White,None,Not Admitted,6,19
627-66-0665,22-05-2023,16:23:00,N. Sibbert,Male,56,White,None,Not Admitted,6,24
549-63-6821,02-05-2024,03:14:00,O. Wonfar,Male,50,White,None,Not Admitted,6,40
527-01-5968,27-04-2023,14:20:00,O. Stryde,Male,9,White,None,Not Admitted,6,45
621-38-5039,18-11-2023,20:42:00,Q. Cuthbert,Male,28,White,None,Not Admitted,6,47
735-88-2026,19-10-2024,10:31:00,S. Learmonth,Male,45,White,None,Not Admitted,6,34
366-77-5942,20-08-2023,13:58:00,V. Barniss,Male,75,White,None,Not Admitted,6,39
352-85-0161,20-04-2023,08:38:00,Y. Canet,Male,65,White,None,Not Admitted,6,50
135-28-3714,02-06-2023,08:07:00,A. Mulheron,Male,15,White,None,Not Admitted,7,53
227-46-4395,18-10-2024,03:57:00,B. Casoni,Male,37,White,None,Not Admitted,7,52
779-16-6027,26-09-2023,07:23:00,C. Fardo,Male,10,White,None,Not Admitted,7,26
716-81-0777,03-05-2024,16:06:00,F. Itzakovitz,Male,38,White,None,Not Admitted,7,43
133-43-4724,29-06-2024,05:58:00,K. Parr,Male,62,White,None,Not Admitted,7,53
338-32-5533,28-05-2023,02:00:00,N. Kiefer,Male,48,White,None,Not Admitted,7,51
771-56-2704,17-09-2024,12:09:00,O. Munns,Male,3,White,None,Not Admitted,7,20
169-76-5874,21-02-2024,20:56:00,U. Graith,Male,7,White,None,Not Admitted,7,22
152-47-3239,11-07-2023,02:57:00,Y. Reinger,Male,50,White,None,Not Admitted,7,14
745-53-1981,09-05-2024,02:39:00,Z. McTerlagh,Male,62,White,None,Not Admitted,7,36
203-58-4811,28-01-2024,05:31:00,Z. Fortey,Male,29,White,None,Not Admitted,7,48
274-32-2971,16-05-2023,08:15:00,E. Belison,Male,74,White,None,Not Admitted,8,45
330-72-1327,31-03-2024,14:07:00,L. Birkenhead,Male,34,White,None,Not Admitted,8,59
691-39-6392,10-12-2023,12:11:00,T. Regorz,Male,2,White,None,Not Admitted,8,34
489-19-3938,20-07-2024,09:16:00,T. Yes,Male,32,White,None,Not Admitted,8,44
388-62-0454,04-05-2024,04:21:00,U. Jeavon,Male,14,White,None,Not Admitted,8,37
221-14-1687,04-10-2024,14:36:00,U. Campion,Male,30,White,None,Not Admitted,8,54
357-52-0985,17-05-2023,17:19:00,W. Trippett,Male,6,White,None,Not Admitted,8,29
444-75-2039,14-09-2024,13:25:00,B. Cheves,Male,44,White,None,Not Admitted,9,39
703-87-8026,09-12-2023,04:01:00,M. Tomaskov,Male,33,White,None,Not Admitted,9,35
126-47-9260,07-09-2023,14:54:00,O. Roly,Male,64,White,None,Not Admitted,9,12
108-99-6116,02-05-2024,14:06:00,P. Baddeley,Male,44,White,None,Not Admitted,9,13
559-57-4367,28-06-2023,22:52:00,S. Galilee,Male,57,White,None,Not Admitted,9,28
361-78-8393,18-04-2024,15:50:00,S. Ridgway,Male,26,White,None,Not Admitted,9,33
752-78-6839,27-09-2023,13:32:00,S. Gosnoll,Male,19,White,None,Not Admitted,9,45
278-96-4501,05-02-2024,21:59:00,U. Djokic,Male,33,White,None,Not Admitted,9,39
322-58-0100,12-04-2024,13:05:00,U. Statefield,Male,39,White,None,Not Admitted,9,55
840-12-2681,08-11-2023,17:56:00,V. Besemer,Male,22,White,None,Not Admitted,9,10
210-67-0041,12-01-2024,18:19:00,D. Persent,Male,8,White,None,Not Admitted,10,49
538-18-1640,23-05-2024,14:23:00,L. Lambourne,Male,72,White,None,Not Admitted,10,10
256-38-2449,14-02-2024,13:07:00,Q. Copplestone,Male,23,White,None,Not Admitted,10,21
747-20-4937,03-04-2023,20:16:00,W. Fydo,Male,65,White,None,Not Admitted,10,38
395-80-7937,12-08-2024,07:57:00,A. Knagges,Male,24,White,Orthopedics,Not Admitted,,46
522-11-6573,18-09-2024,15:26:00,B. Koba,Male,48,White,Orthopedics,Not Admitted,,29
691-30-0132,03-07-2023,02:52:00,B. McComb,Male,13,White,Orthopedics,Not Admitted,,57
765-95-5555,25-03-2024,14:00:00,B. Gasken,Male,15,White,Orthopedics,Not Admitted,,59
159-84-9480,18-04-2023,05:34:00,C. Chappelle,Male,38,White,Orthopedics,Not Admitted,,12
774-50-3865,16-06-2024,18:11:00,C. Tilson,Male,7,White,Orthopedics,Not Admitted,,22
743-91-6945,16-09-2023,21:40:00,C. Filimore,Male,71,White,Orthopedics,Not Admitted,,28
445-83-2204,16-08-2023,03:30:00,C. Broyd,Male,71,White,Orthopedics,Not Admitted,,51
225-49-2583,07-08-2024,15:37:00,E. Vinsen,Male,4,White,Orthopedics,Not Admitted,,40
437-30-1210,12-10-2024,10:39:00,F. Derle,Male,60,White,Orthopedics,Not Admitted,,12
639-97-8705,06-06-2023,05:39:00,F. Kainz,Male,56,White,Orthopedics,Not Admitted,,54
523-16-7292,29-08-2023,09:27:00,G. Batiste,Male,53,White,Orthopedics,Not Admitted,,21
407-40-5782,22-07-2023,22:19:00,G. Farron,Male,26,White,Orthopedics,Not Admitted,,23
555-46-4291,19-09-2023,13:44:00,H. Pidgley,Male,5,White,Orthopedics,Not Admitted,,21
682-86-8226,24-06-2023,17:19:00,I. McCaughey,Male,12,White,Orthopedics,Not Admitted,,36
227-34-5910,31-07-2023,23:37:00,J. Tomovic,Male,47,White,Orthopedics,Not Admitted,,21
663-14-4225,24-12-2023,12:55:00,J. Becerro,Male,23,White,Orthopedics,Not Admitted,,41
535-66-6021,26-02-2024,18:50:00,K. Knotton,Male,43,White,Orthopedics,Not Admitted,,11
142-78-7156,07-10-2024,08:06:00,K. Peller,Male,15,White,Orthopedics,Not Admitted,,36
330-51-8943,17-09-2023,04:07:00,L. Yair,Male,58,White,Orthopedics,Not Admitted,,13
472-69-7533,17-11-2023,15:45:00,M. Grimmett,Male,40,White,Orthopedics,Not Admitted,,54
293-33-5200,23-12-2023,23:03:00,N. Mattheeuw,Male,66,White,Orthopedics,Not Admitted,,45
524-53-6024,08-06-2023,09:46:00,O. Stenson,Male,8,White,Orthopedics,Not Admitted,,15
497-90-2670,17-08-2023,04:27:00,O. Wrightem,Male,17,White,Orthopedics,Not Admitted,,30
562-95-1851,11-02-2024,01:22:00,O. Daber,Male,74,White,Orthopedics,Not Admitted,,53
233-08-7548,16-07-2023,20:12:00,P. McKeever,Male,20,White,Orthopedics,Not Admitted,,30
153-26-1570,13-08-2023,14:52:00,Q. Mulvany,Male,62,White,Orthopedics,Not Admitted,,16
124-28-5022,06-09-2024,03:13:00,Q. Lomasna,Male,8,White,Orthopedics,Not Admitted,,56
232-89-7136,12-02-2024,20:04:00,R. Silverthorne,Male,65,White,Orthopedics,Not Admitted,,14
364-07-8056,17-03-2024,16:05:00,R. Sidsaff,Male,69,White,Orthopedics,Not Admitted,,43
213-37-6807,16-08-2023,05:54:00,S. Douce,Male,79,White,Orthopedics,Not Admitted,,48
780-83-2349,03-05-2023,21:30:00,S. Sketch,Male,32,White,Orthopedics,Not Admitted,,55
168-64-3036,22-04-2024,23:21:00,T. Casarini,Male,78,White,Orthopedics,Not Admitted,,49
152-63-8112,28-12-2023,07:25:00,U. Panichelli,Male,71,White,Orthopedics,Not Admitted,,15
644-56-6799,31-03-2024,01:49:00,V. Kingzeth,Male,43,White,Orthopedics,Not Admitted,,13
353-41-7612,27-11-2023,12:15:00,V. Leyland,Male,58,White,Orthopedics,Not Admitted,,37
483-56-5234,25-08-2024,18:04:00,W. Pash,Male,7,White,Orthopedics,Not Admitted,,34
858-85-6744,23-04-2023,00:43:00,W. Quiddington,Male,34,White,Orthopedics,Not Admitted,,48
619-81-7587,12-12-2023,23:33:00,X. Probbing,Male,9,White,Orthopedics,Not Admitted,,15
374-49-5410,17-04-2024,22:02:00,X. Morgen,Male,49,White,Orthopedics,Not Admitted,,21
413-18-5206,08-10-2023,19:41:00,Y. Sakins,Male,57,White,Orthopedics,Not Admitted,,30
318-18-6578,26-07-2023,09:59:00,Y. Chilver,Male,41,White,Orthopedics,Not Admitted,,58
287-34-1507,31-07-2023,13:43:00,Z. Garwill,Male,19,White,Orthopedics,Not Admitted,,15
835-45-5469,01-06-2024,00:40:00,B. Jorat,Male,71,White,Orthopedics,Not Admitted,0,53
318-50-0134,21-07-2024,14:09:00,C. Gutowska,Male,48,White,Orthopedics,Not Admitted,0,44
588-32-8125,18-12-2023,06:54:00,H. Jacobssen,Male,26,White,Orthopedics,Not Admitted,0,11
330-70-2830,21-12-2023,19:58:00,M. Eneas,Male,44,White,Orthopedics,Not Admitted,0,26
427-61-4630,02-08-2024,16:14:00,M. MacFarland,Male,27,White,Orthopedics,Not Admitted,0,37
688-21-4474,09-06-2023,15:59:00,Y. Utley,Male,64,White,Orthopedics,Not Admitted,0,19
386-99-7261,15-12-2023,12:02:00,P. MacTrustrie,Male,60,White,Orthopedics,Not Admitted,1,31
710-28-6576,02-11-2023,13:57:00,A. Levens,Male,36,White,Orthopedics,Not Admitted,2,19
764-69-8400,30-09-2024,03:31:00,K. Osorio,Male,79,White,Orthopedics,Not Admitted,2,21
225-76-9368,04-06-2023,09:07:00,W. Biggar,Male,56,White,Orthopedics,Not Admitted,2,21
414-43-5287,25-08-2023,16:25:00,G. Fuzzard,Male,48,White,Orthopedics,Not Admitted,3,24
531-11-9597,21-07-2023,01:30:00,M. Aubert,Male,39,White,Orthopedics,Not Admitted,3,50
715-62-6956,18-07-2024,07:11:00,M. Iltchev,Male,9,White,Orthopedics,Not Admitted,3,58
873-33-0832,03-12-2023,20:16:00,P. Giffon,Male,29,White,Orthopedics,Not Admitted,3,39
647-52-7688,13-07-2024,09:49:00,H. Worham,Male,32,White,Orthopedics,Not Admitted,4,51
283-07-6389,01-08-2024,17:18:00,A. Kildea,Male,46,White,Orthopedics,Not Admitted,5,51
423-15-5984,25-07-2023,11:59:00,D. Matterface,Male,31,White,Orthopedics,Not Admitted,5,53
845-27-3580,26-09-2023,01:51:00,G. Glidden,Male,39,White,Orthopedics,Not Admitted,5,22
800-66-2051,27-07-2024,13:05:00,I. Plastow,Male,28,White,Orthopedics,Not Admitted,5,60
612-96-3788,03-02-2024,06:56:00,R. Mann,Male,46,White,Orthopedics,Not Admitted,5,32
670-45-6492,22-12-2023,18:51:00,A. Geillier,Male,64,White,Orthopedics,Not Admitted,6,40
354-50-5854,10-07-2023,17:00:00,P. Llewellin,Male,31,White,Orthopedics,Not Admitted,6,18
483-70-4436,21-05-2024,01:57:00,S. Roark,Male,4,White,Orthopedics,Not Admitted,6,13
425-90-5163,22-10-2024,09:59:00,M. Hawtrey,Male,63,White,Orthopedics,Not Admitted,7,37
180-56-0276,28-04-2023,23:23:00,A. Platts,Male,42,White,Orthopedics,Not Admitted,8,22
516-30-4919,02-04-2023,21:59:00,S. Nyland,Male,16,White,Orthopedics,Not Admitted,9,21
102-43-8026,07-08-2023,08:01:00,W. Parker,Male,27,White,Orthopedics,Not Admitted,9,13
345-46-3519,14-06-2023,14:35:00,X. O'Fergus,Male,37,White,Orthopedics,Not Admitted,9,27
203-70-6564,30-05-2024,03:07:00,X. McGarvey,Male,16,White,Orthopedics,Not Admitted,9,60
385-79-2506,11-10-2024,08:23:00,K. Haile,Male,57,White,Orthopedics,Not Admitted,10,15
547-48-9466,22-12-2023,23:40:00,W. Swatton,Male,56,White,Orthopedics,Not Admitted,10,45
633-30-1877,26-12-2023,16:42:00,B. Flag,Male,72,White,Physiotherapy,Not Admitted,,57
810-65-3273,22-05-2023,08:32:00,D. Philbrook,Male,79,White,Physiotherapy,Not Admitted,,57
835-50-8973,19-10-2024,17:26:00,F. Dabbs,Male,18,White,Physiotherapy,Not Admitted,,11
340-51-9084,19-12-2023,15:32:00,F. Fullylove,Male,79,White,Physiotherapy,Not Admitted,,39
653-56-1789,08-10-2023,10:13:00,H. Leefe,Male,43,White,Physiotherapy,Not Admitted,,43
670-79-1251,05-11-2023,00:43:00,N. Gregolotti,Male,60,White,Physiotherapy,Not Admitted,,14
467-83-9328,22-09-2023,02:09:00,S. Binley,Male,43,White,Physiotherapy,Not Admitted,,20
352-37-6251,19-12-2023,22:13:00,U. Ockendon,Male,17,White,Physiotherapy,Not Admitted,,52
190-02-7429,05-05-2024,20:55:00,X. Semrad,Male,30,White,Physiotherapy,Not Admitted,,27
538-39-7442,26-06-2024,04:02:00,K. Durrand,Male,9,White,Physiotherapy,Not Admitted,0,45
581-71-7643,31-08-2024,09:34:00,W. Baxill,Male,67,White,Physiotherapy,Not Admitted,2,47
439-58-8420,11-08-2024,01:44:00,D. Giron,Male,73,White,Physiotherapy,Not Admitted,3,34
334-96-4072,28-05-2023,07:00:00,S. Forseith,Male,63,White,Physiotherapy,Not Admitted,4,50
466-97-4081,27-07-2024,06:30:00,B. Fillimore,Male,43,White,Physiotherapy,Not Admitted,9,41
398-19-1977,23-09-2024,00:03:00,M. Regus,Male,63,White,Renal,Not Admitted,,15
670-56-9740,06-09-2023,17:12:00,W. Anfossi,Male,38,White,Renal,Not Admitted,,53
196-41-1005,19-04-2023,03:14:00,X. Battin,Male,2,White,Renal,Not Admitted,4,52
335-25-0106,08-06-2023,10:20:00,F. Deely,Male,61,African American,None,Not Admitted,,55
746-94-4167,11-04-2024,02:05:00,M. Byatt,Male,55,African American,None,Not Admitted,,55
401-48-2727,02-04-2024,19:31:00,O. Puddicombe,Male,17,African American,None,Not Admitted,,52
110-34-1005,28-12-2023,02:19:00,V. Butting,Male,5,African American,Orthopedics,Not Admitted,,31
695-90-6476,26-04-2023,21:49:00,A. Paget,Male,58,African American,Orthopedics,Not Admitted,4,41
481-55-5602,15-05-2023,04:11:00,V. Hassett,Male,53,Declined to Identify,General Practice,Not Admitted,,39
730-96-4311,14-12-2023,18:12:00,F. Fowlston,Male,78,Declined to Identify,None,Not Admitted,,31
708-20-8149,12-07-2023,23:07:00,F. Sculley,Male,43,Declined to Identify,None,Not Admitted,,32
525-15-5126,25-06-2023,07:18:00,G. Linnett,Male,51,Declined to Identify,None,Not Admitted,,32
254-55-0234,23-02-2024,03:20:00,L. Snasdell,Male,43,Pacific Islander,None,Not Admitted,,37
384-24-5300,12-06-2024,23:28:00,C. Dempster,Male,46,Two or More Races,General Practice,Not Admitted,,26
200-98-7030,27-06-2024,07:46:00,Y. Gerckens,Male,65,White,Gastroenterology,Not Admitted,,10
542-12-4124,10-05-2024,11:28:00,J. Breslau,Male,2,White,None,Not Admitted,0,38
549-88-7719,20-08-2024,08:06:00,H. Figurski,Male,11,White,None,Not Admitted,7,34
888-31-9974,23-03-2024,07:45:00,N. Hatherley,Male,67,White,Orthopedics,Not Admitted,,18
375-77-7547,19-10-2024,21:21:00,A. Haine,Female,48,African American,Cardiology,Admitted,,55
401-54-5114,16-08-2024,12:23:00,C. Fabler,Female,52,African American,Cardiology,Admitted,,44
152-63-9780,09-10-2024,09:27:00,D. MacNeil,Female,54,African American,Cardiology,Admitted,,13
441-46-8707,30-06-2023,02:45:00,D. Filochov,Female,7,African American,Cardiology,Admitted,,37
774-96-3514,14-07-2023,18:42:00,E. Sarfass,Female,53,African American,Cardiology,Admitted,,44
125-71-2639,21-10-2023,10:19:00,G. O'Neill,Female,51,African American,Cardiology,Admitted,,33
885-62-7905,28-03-2024,17:26:00,O. Southwood,Female,21,African American,Cardiology,Admitted,,32
690-60-3044,22-08-2023,22:25:00,U. Clew,Female,2,African American,Cardiology,Admitted,,55
145-40-1045,05-06-2023,13:19:00,V. Prangle,Female,12,African American,Cardiology,Admitted,,44
857-03-3289,09-05-2023,12:32:00,X. Palfrey,Female,59,African American,Cardiology,Admitted,,10
578-18-1747,12-01-2024,23:02:00,M. Scambler,Female,63,African American,Cardiology,Admitted,1,45
865-91-1513,08-12-2023,06:01:00,M. Ianittello,Female,7,African American,Cardiology,Admitted,4,57
159-55-1671,26-04-2024,19:57:00,T. Merryfield,Female,50,African American,Cardiology,Admitted,6,26
476-45-3645,18-11-2023,04:34:00,B. Gres,Female,60,African American,Gastroenterology,Admitted,,13
489-73-9085,26-04-2023,20:35:00,G. Hattersley,Female,9,African American,Gastroenterology,Admitted,,56
753-59-2860,18-10-2023,18:17:00,K. Heaps,Female,25,African American,Gastroenterology,Admitted,,48
676-76-4936,05-05-2023,09:05:00,N. Spino,Female,3,African American,Gastroenterology,Admitted,,43
393-40-5807,18-09-2023,16:08:00,R. Vossing,Female,7,African American,Gastroenterology,Admitted,,32
540-88-7623,05-08-2023,16:03:00,T. Champney,Female,5,African American,Gastroenterology,Admitted,,34
724-35-7305,02-03-2024,05:26:00,U. Margery,Female,67,African American,Gastroenterology,Admitted,,34
548-85-7423,03-05-2023,14:51:00,X. Mcsarry,Female,59,African American,Gastroenterology,Admitted,,45
366-28-5083,24-09-2023,15:49:00,Z. Cazalet,Female,67,African American,Gastroenterology,Admitted,,14
407-25-2841,09-10-2024,22:29:00,R. Thulborn,Female,73,African American,Gastroenterology,Admitted,3,16
548-38-0350,12-10-2023,17:05:00,H. Pettiford,Female,48,African American,Gastroenterology,Admitted,4,35
250-28-2501,06-10-2023,21:18:00,W. Morch,Female,70,African American,Gastroenterology,Admitted,5,19
711-46-8034,20-05-2023,13:03:00,H. Miner,Female,41,African American,Gastroenterology,Admitted,10,53
660-57-0260,07-04-2024,17:34:00,A. Douthwaite,Female,8,African American,General Practice,Admitted,,11
302-70-1794,24-06-2024,17:01:00,A. Arden,Female,73,African American,General Practice,Admitted,,19
324-66-5621,29-12-2023,15:02:00,A. Ornillos,Female,39,African American,General Practice,Admitted,,37
661-26-1636,23-10-2024,05:33:00,A. Williment,Female,27,African American,General Practice,Admitted,,47
786-88-7335,01-05-2023,17:01:00,B. Normansell,Female,7,African American,General Practice,Admitted,,19
803-38-7077,14-07-2024,09:21:00,B. Atton,Female,18,African American,General Practice,Admitted,,24
623-89-0066,08-08-2024,07:57:00,C. McGarahan,Female,3,African American,General Practice,Admitted,,34
325-83-3354,25-09-2023,05:41:00,D. Eastmead,Female,24,African American,General Practice,Admitted,,28
158-99-3168,13-11-2023,04:21:00,D. Benjamin,Female,73,African American,General Practice,Admitted,,36
791-95-5994,25-08-2024,15:55:00,F. Steinson,Female,33,African American,General Practice,Admitted,,40
382-23-5205,01-09-2023,20:41:00,G. Cyples,Female,25,African American,General Practice,Admitted,,11
642-29-3297,04-12-2023,22:37:00,G. Geraldez,Female,4,African American,General Practice,Admitted,,35
889-12-3929,25-05-2023,04:03:00,G. Ragate,Female,8,African American,General Practice,Admitted,,35
852-89-5200,15-09-2024,03:37:00,G. Lope,Female,7,African American,General Practice,Admitted,,43
531-97-4128,01-07-2024,00:36:00,H. Bullier,Female,49,African American,General Practice,Admitted,,21
463-21-7365,16-11-2023,04:52:00,H. Starcks,Female,17,African American,General Practice,Admitted,,45
367-01-0029,15-10-2024,17:31:00,I. Basili,Female,10,African American,General Practice,Admitted,,40
397-28-4915,19-09-2023,12:56:00,J. Paddington,Female,2,African American,General Practice,Admitted,,56
763-60-6360,12-07-2024,04:53:00,K. Scini,Female,70,African American,General Practice,Admitted,,18
396-78-3849,28-07-2023,19:26:00,K. Kiefer,Female,29,African American,General Practice,Admitted,,38
284-11-1573,15-06-2024,19:32:00,K. Franzman,Female,28,African American,General Practice,Admitted,,50
791-29-5321,04-01-2024,18:19:00,L. Stonbridge,Female,64,African American,General Practice,Admitted,,55
202-96-9613,20-07-2023,08:13:00,M. Abriani,Female,5,African American,General Practice,Admitted,,21
186-26-5228,28-08-2024,05:55:00,M. Spiring,Female,29,African American,General Practice,Admitted,,26
852-91-2788,15-12-2023,00:17:00,M. Abele,Female,66,African American,General Practice,Admitted,,60
706-76-0191,25-07-2024,15:08:00,O. Gallafant,Female,29,African American,General Practice,Admitted,,53
464-29-2369,05-07-2023,06:43:00,O. Mettrick,Female,29,African American,General Practice,Admitted,,56
384-90-4175,20-05-2024,18:52:00,P. Quickfall,Female,37,African American,General Practice,Admitted,,15
263-72-7906,22-07-2024,18:50:00,P. Yegorkin,Female,58,African American,General Practice,Admitted,,26
399-26-0442,22-12-2023,17:46:00,P. Mattiazzo,Female,49,African American,General Practice,Admitted,,27
164-11-5953,10-09-2024,21:29:00,P. Vardie,Female,41,African American,General Practice,Admitted,,51
430-99-6185,06-05-2023,12:21:00,Q. Jubert,Female,12,African American,General Practice,Admitted,,12
550-61-7079,13-09-2024,18:54:00,Q. Shark,Female,4,African American,General Practice,Admitted,,14
899-16-2971,06-12-2023,03:08:00,S. Lebel,Female,17,African American,General Practice,Admitted,,48
877-31-9427,05-09-2023,22:20:00,S. Prazer,Female,63,African American,General Practice,Admitted,,51
178-16-4162,31-10-2023,01:37:00,T. Gueinn,Female,56,African American,General Practice,Admitted,,22
283-02-9366,02-09-2024,19:02:00,U. Doulton,Female,70,African American,General Practice,Admitted,,13
152-23-4004,02-08-2024,02:38:00,U. Radnage,Female,62,African American,General Practice,Admitted,,31
174-15-0807,12-10-2023,02:15:00,U. Walsh,Female,43,African American,General Practice,Admitted,,52
180-98-5818,11-10-2024,05:32:00,V. Southall,Female,18,African American,General Practice,Admitted,,59
273-01-8560,17-06-2024,16:20:00,W. Fewless,Female,17,African American,General Practice,Admitted,,43
730-64-2077,24-09-2023,14:00:00,X. Rankin,Female,8,African American,General Practice,Admitted,,24
624-82-6885,18-06-2023,06:17:00,X. Crofts,Female,47,African American,General Practice,Admitted,,50
477-35-3889,04-08-2024,20:10:00,Y. Ticic,Female,15,African American,General Practice,Admitted,,31
899-48-1776,30-05-2023,18:23:00,Y. Klemt,Female,23,African American,General Practice,Admitted,,31
552-08-9390,14-04-2023,03:43:00,Y. Stobbie,Female,66,African American,General Practice,Admitted,,41
551-86-5733,17-05-2024,07:19:00,Y. Marklew,Female,40,African American,General Practice,Admitted,,44
842-59-0940,18-09-2024,09:37:00,Z. McDuffie,Female,30,African American,General Practice,Admitted,,41
468-44-0145,08-07-2023,01:02:00,C. Balma,Female,37,African American,General Practice,Admitted,1,58
519-49-3038,14-07-2023,07:42:00,N. Henrionot,Female,50,African American,General Practice,Admitted,3,13
377-64-6766,29-01-2024,04:48:00,T. Ingreda,Female,67,African American,General Practice,Admitted,4,17
816-12-1573,05-08-2024,19:01:00,W. Fee,Female,77,African American,General Practice,Admitted,4,22
251-98-9445,12-05-2024,17:55:00,L. Treffry,Female,71,African American,General Practice,Admitted,5,54
442-88-8033,01-11-2023,15:41:00,O. Winny,Female,68,African American,General Practice,Admitted,5,19
884-07-5896,16-11-2023,18:13:00,O. Stanyon,Female,43,African American,General Practice,Admitted,5,46
750-23-6816,05-12-2023,16:01:00,O. Knocker,Female,11,African American,General Practice,Admitted,5,54
238-61-7262,05-07-2024,19:30:00,M. Bennedsen,Female,6,African American,General Practice,Admitted,6,17
536-68-0475,09-09-2024,13:14:00,T. Shillaker,Female,25,African American,General Practice,Admitted,6,14
818-18-4773,23-04-2024,10:00:00,G. Faucett,Female,64,African American,General Practice,Admitted,7,41
549-91-5573,15-04-2024,02:23:00,M. Schaffel,Female,47,African American,General Practice,Admitted,8,30
624-52-0442,15-04-2023,18:22:00,N. Stansby,Female,52,African American,General Practice,Admitted,8,58
199-42-7548,21-04-2023,12:54:00,F. Divell,Female,47,African American,General Practice,Admitted,9,50
815-67-5217,28-07-2024,21:57:00,K. Edlin,Female,59,African American,General Practice,Admitted,9,41
297-21-1996,03-05-2024,15:50:00,N. Beat,Female,11,African American,General Practice,Admitted,9,53
321-09-0448,07-11-2023,03:08:00,C. Skade,Female,2,African American,General Practice,Admitted,10,13
310-87-0319,06-08-2023,03:52:00,E. Abdee,Female,65,African American,General Practice,Admitted,10,19
737-16-3422,21-05-2023,08:35:00,E. Fellos,Female,45,African American,General Practice,Admitted,10,23
206-29-8584,08-01-2024,21:24:00,S. Fearnsides,Female,17,African American,General Practice,Admitted,10,58
359-09-1937,16-09-2024,16:36:00,A. Garioch,Female,60,African American,Neurology,Admitted,,18
783-39-5247,15-12-2023,13:03:00,B. Everingham,Female,60,African American,Neurology,Admitted,,17
879-93-8813,23-10-2023,19:15:00,B. Waddell,Female,12,African American,Neurology,Admitted,,55
547-84-9622,14-07-2024,10:58:00,F. Torrance,Female,10,African American,Neurology,Admitted,,15
188-23-0231,04-12-2023,18:33:00,N. Greensite,Female,58,African American,Neurology,Admitted,,55
433-82-5158,30-01-2024,16:00:00,S. Broughton,Female,35,African American,Neurology,Admitted,,16
154-31-5563,31-10-2023,00:52:00,U. Luca,Female,55,African American,Neurology,Admitted,,34
613-57-6485,25-04-2023,07:51:00,U. Dadswell,Female,10,African American,Neurology,Admitted,,41
422-80-2579,10-06-2024,23:30:00,Y. Hamments,Female,31,African American,Neurology,Admitted,,36
250-66-4495,05-02-2024,17:34:00,V. Nabbs,Female,38,African American,Neurology,Admitted,2,38
431-70-7977,27-06-2023,00:30:00,A. Eatock,Female,15,African American,Neurology,Admitted,5,27
657-56-7706,28-07-2023,17:37:00,M. Manginot,Female,75,African American,Neurology,Admitted,5,59
668-87-0275,24-10-2024,22:42:00,E. Roiz,Female,15,African American,Neurology,Admitted,9,58
119-26-2201,09-05-2024,16:39:00,A. Angell,Female,42,African American,None,Admitted,,27
700-68-4912,30-04-2024,21:34:00,A. Coombs,Female,22,African American,None,Admitted,,38
106-76-7225,14-09-2023,01:58:00,A. Gipson,Female,17,African American,None,Admitted,,44
347-41-3905,07-05-2023,04:00:00,A. Hedde,Female,30,African American,None,Admitted,,55
798-70-3323,17-09-2024,17:43:00,A. Shillitoe,Female,9,African American,None,Admitted,,60
207-74-6194,18-04-2024,23:25:00,B. Sloss,Female,3,African American,None,Admitted,,16
472-53-4784,24-07-2023,21:50:00,B. Thon,Female,43,African American,None,Admitted,,25
438-97-9487,09-03-2024,12:53:00,B. Tomasik,Female,32,African American,None,Admitted,,28
418-23-0083,08-12-2023,17:51:00,B. Whinray,Female,33,African American,None,Admitted,,36
808-83-6561,25-02-2024,07:28:00,B. Lindback,Female,45,African American,None,Admitted,,37
384-24-4481,17-12-2023,02:09:00,B. Scobbie,Female,39,African American,None,Admitted,,47
587-01-1932,10-11-2023,23:29:00,B. Leppo,Female,8,African American,None,Admitted,,50
846-12-5816,13-05-2024,12:25:00,B. Robiot,Female,47,African American,None,Admitted,,51
371-22-5842,11-08-2023,06:45:00,B. O'Hearn,Female,75,African American,None,Admitted,,51
215-29-2936,09-09-2023,13:19:00,B. Emberson,Female,44,African American,None,Admitted,,53
338-11-7529,01-04-2023,17:41:00,B. Grzelczak,Female,38,African American,None,Admitted,,54
478-58-9136,03-05-2023,11:27:00,B. Judkin,Female,65,African American,None,Admitted,,54
625-79-4633,02-05-2024,23:53:00,C. Rope,Female,20,African American,None,Admitted,,13
797-20-9107,03-10-2024,19:33:00,C. Kyte,Female,59,African American,None,Admitted,,18
851-78-7667,24-07-2023,08:00:00,C. Heavy,Female,37,African American,None,Admitted,,30
626-42-7918,26-05-2024,05:19:00,C. Pimlock,Female,27,African American,None,Admitted,,36
314-48-4183,27-05-2024,01:11:00,C. Brower,Female,54,African American,None,Admitted,,39
559-99-9805,01-11-2023,01:15:00,C. O'Hoolahan,Female,66,African American,None,Admitted,,39
785-14-2082,23-03-2024,14:48:00,D. Kestin,Female,61,African American,None,Admitted,,14
563-60-9618,02-10-2024,12:20:00,D. Golden of Ireland,Female,71,African American,None,Admitted,,30
136-56-3814,20-10-2023,06:37:00,D. Creboe,Female,62,African American,None,Admitted,,31
890-09-5805,05-02-2024,19:22:00,D. Linkie,Female,8,African American,None,Admitted,,32
208-89-2644,19-03-2024,07:01:00,D. Heeps,Female,62,African American,None,Admitted,,36
854-18-4574,09-06-2024,11:51:00,D. Camerello,Female,59,African American,None,Admitted,,39
149-73-5025,16-02-2024,13:19:00,D. Danet,Female,72,African American,None,Admitted,,46
771-65-9241,19-11-2023,02:46:00,D. Garvey,Female,45,African American,None,Admitted,,51
648-84-0803,13-10-2023,04:23:00,E. Haxbie,Female,34,African American,None,Admitted,,16
654-47-3643,15-09-2024,06:07:00,E. Heberden,Female,54,African American,None,Admitted,,18
696-65-5769,16-07-2024,00:58:00,E. Erangey,Female,41,African American,None,Admitted,,20
540-85-3196,30-03-2024,06:10:00,E. Krollmann,Female,33,African American,None,Admitted,,21
435-33-5469,01-05-2023,03:04:00,E. Anthoine,Female,28,African American,None,Admitted,,23
581-11-0547,09-08-2023,10:42:00,E. Gorries,Female,67,African American,None,Admitted,,25
726-73-2510,07-11-2023,21:57:00,E. Longland,Female,34,African American,None,Admitted,,26
522-30-9330,29-01-2024,02:44:00,E. Van der Kruys,Female,45,African American,None,Admitted,,31
648-23-5753,17-04-2023,01:46:00,E. Spofforth,Female,14,African American,None,Admitted,,47
736-08-9674,11-11-2023,13:24:00,E. Itscowicz,Female,1,African American,None,Admitted,,48
471-58-0942,23-12-2023,03:03:00,F. Dilrew,Female,35,African American,None,Admitted,,26
401-25-3976,22-04-2023,17:57:00,F. Bagge,Female,50,African American,None,Admitted,,26
605-97-5273,25-12-2023,08:45:00,F. Cagan,Female,27,African American,None,Admitted,,34
552-51-5855,09-09-2024,19:25:00,F. Dickerson,Female,24,African American,None,Admitted,,36
371-60-2571,18-07-2024,03:58:00,F. Rosling,Female,55,African American,None,Admitted,,38
834-93-8607,07-11-2023,04:52:00,F. Richings,Female,3,African American,None,Admitted,,55
233-87-0588,10-01-2024,06:01:00,F. Aronoff,Female,68,African American,None,Admitted,,55
694-42-9885,16-09-2023,13:28:00,G. Domengue,Female,42,African American,None,Admitted,,12
680-36-3688,19-06-2023,04:34:00,G. Ricciardiello,Female,79,African American,None,Admitted,,12
722-31-7591,31-08-2023,19:34:00,G. Butterwick,Female,21,African American,None,Admitted,,21
645-29-6383,09-04-2024,09:02:00,G. Hitzschke,Female,58,African American,None,Admitted,,31
818-95-6696,30-11-2023,11:05:00,G. Tilney,Female,10,African American,None,Admitted,,36
734-73-5251,19-11-2023,01:08:00,G. Catteroll,Female,63,African American,None,Admitted,,53
228-13-6406,20-10-2023,16:14:00,H. Clemmett,Female,69,African American,None,Admitted,,14
606-12-2990,17-05-2024,13:10:00,H. Sandifer,Female,70,African American,None,Admitted,,30
368-51-1649,29-11-2023,07:11:00,H. Desson,Female,19,African American,None,Admitted,,31
728-96-6611,01-09-2024,03:20:00,H. Rickson,Female,61,African American,None,Admitted,,32
694-52-4320,06-12-2023,21:20:00,H. Messer,Female,14,African American,None,Admitted,,40
383-43-2338,01-06-2024,03:47:00,H. Wylder,Female,22,African American,None,Admitted,,41
442-76-0043,07-07-2023,20:34:00,H. Yakunin,Female,4,African American,None,Admitted,,44
804-54-2708,24-09-2024,15:44:00,H. Illes,Female,23,African American,None,Admitted,,59
858-17-6292,14-04-2023,12:55:00,I. Beacon,Female,71,African American,None,Admitted,,14
655-89-8382,11-08-2024,09:59:00,I. Kellett,Female,69,African American,None,Admitted,,18
155-29-2929,15-06-2023,17:45:00,I. Mowbray,Female,55,African American,None,Admitted,,19
328-21-4469,22-09-2023,04:55:00,I. Hutchison,Female,73,African American,None,Admitted,,19
207-26-9995,08-10-2024,13:08:00,I. Upcraft,Female,16,African American,None,Admitted,,32
600-88-7516,23-06-2024,22:25:00,I. Burt,Female,68,African American,None,Admitted,,39
399-94-6873,26-02-2024,09:34:00,I. Soldi,Female,65,African American,None,Admitted,,40
598-42-7920,07-11-2023,12:33:00,I. Waldera,Female,36,African American,None,Admitted,,60
241-30-9186,19-09-2024,23:06:00,J. Style,Female,60,African American,None,Admitted,,20
234-07-0725,12-05-2023,21:29:00,J. Mellmer,Female,36,African American,None,Admitted,,31
428-40-4491,01-04-2023,14:07:00,J. Antonnikov,Female,46,African American,None,Admitted,,45
787-19-9146,07-09-2024,04:39:00,J. Wilcox,Female,16,African American,None,Admitted,,47
226-80-6851,03-10-2023,23:56:00,J. Keable,Female,11,African American,None,Admitted,,59
680-94-3403,04-02-2024,09:03:00,K. Peirce,Female,68,African American,None,Admitted,,21
592-07-8966,05-04-2023,03:11:00,K. Antonietti,Female,7,African American,None,Admitted,,39
293-25-5155,16-03-2024,05:02:00,K. Ivimey,Female,72,African American,None,Admitted,,41
345-17-6820,18-04-2024,04:52:00,K. Keele,Female,71,African American,None,Admitted,,43
655-10-2008,02-07-2023,13:11:00,K. Doe,Female,63,African American,None,Admitted,,53
233-63-3129,29-08-2024,06:26:00,K. Germain,Female,4,African American,None,Admitted,,54
822-82-5684,09-11-2023,21:20:00,L. Pierucci,Female,73,African American,None,Admitted,,10
826-42-1468,11-06-2024,16:45:00,L. Mildenhall,Female,71,African American,None,Admitted,,19
649-92-9455,18-08-2024,16:31:00,L. Renon,Female,74,African American,None,Admitted,,19
858-60-9117,04-04-2023,18:10:00,L. Scorer,Female,39,African American,None,Admitted,,32
488-06-7985,21-08-2023,11:48:00,L. Thody,Female,40,African American,None,Admitted,,33
645-32-3397,10-09-2024,05:13:00,L. Harrald,Female,3,African American,None,Admitted,,42
553-16-6005,13-03-2024,00:52:00,L. Roches,Female,76,African American,None,Admitted,,47
226-63-2239,03-01-2024,11:01:00,L. Challinor,Female,45,African American,None,Admitted,,57
813-69-5454,14-11-2023,00:17:00,M. Matisoff,Female,47,African American,None,Admitted,,11
300-70-1777,21-05-2024,03:41:00,M. Bloxsum,Female,33,African American,None,Admitted,,16
853-29-4524,05-01-2024,01:46:00,M. Giraux,Female,76,African American,None,Admitted,,21
492-42-7103,04-08-2024,23:45:00,M. Kindle,Female,52,African American,None,Admitted,,46
800-40-6304,28-09-2024,16:58:00,M. Hockell,Female,33,African American,None,Admitted,,47
811-04-0657,16-06-2024,11:49:00,M. Loveland,Female,9,African American,None,Admitted,,52
410-70-5588,02-05-2024,14:19:00,N. Batchelor,Female,28,African American,None,Admitted,,12
702-35-3828,05-01-2024,08:58:00,N. Slainey,Female,79,African American,None,Admitted,,17
851-87-0017,15-12-2023,00:16:00,N. Coward,Female,75,African American,None,Admitted,,24
232-01-8969,31-03-2024,07:10:00,N. Baythorp,Female,29,African American,None,Admitted,,26
119-69-8577,11-08-2023,13:15:00,N. Glennon,Female,36,African American,None,Admitted,,26
348-60-8619,19-07-2023,15:48:00,N. Tummond,Female,22,African American,None,Admitted,,36
413-08-3063,25-09-2023,22:33:00,N. Bandiera,Female,21,African American,None,Admitted,,38
100-72-5705,19-06-2024,22:16:00,N. Dudny,Female,60,African American,None,Admitted,,45
260-98-9898,26-08-2023,08:30:00,O. Horsted,Female,21,African American,None,Admitted,,10
536-60-6147,11-10-2023,07:36:00,O. Caberas,Female,76,African American,None,Admitted,,23
389-69-8333,06-04-2024,09:56:00,O. Barthrop,Female,67,African American,None,Admitted,,29
217-72-7623,27-04-2024,19:53:00,O. Jeanel,Female,50,African American,None,Admitted,,31
385-06-1474,11-06-2024,11:23:00,O. Dysart,Female,36,African American,None,Admitted,,44
795-55-8908,31-07-2024,06:17:00,O. Phillott,Female,45,African American,None,Admitted,,58
306-88-5651,10-08-2024,12:52:00,P. McArte,Female,51,African American,None,Admitted,,16
458-48-8079,01-07-2023,00:58:00,P. Mendes,Female,51,African American,None,Admitted,,32
879-29-8821,23-02-2024,16:07:00,P. Pentecost,Female,9,African American,None,Admitted,,48
868-61-4528,11-03-2024,11:18:00,P. Merriman,Female,6,African American,None,Admitted,,51
610-91-1866,19-08-2023,09:43:00,P. Cabell,Female,38,African American,None,Admitted,,54
764-55-3939,07-09-2023,22:17:00,P. Arniz,Female,55,African American,None,Admitted,,54
842-53-5450,11-10-2023,17:26:00,P. Ruperti,Female,68,African American,None,Admitted,,54
871-02-5581,13-10-2024,07:50:00,Q. Dodding,Female,11,African American,None,Admitted,,20
748-85-4467,17-07-2023,00:11:00,Q. Linkin,Female,12,African American,None,Admitted,,20
214-90-6360,04-09-2023,13:12:00,Q. Bouskill,Female,71,African American,None,Admitted,,27
240-62-0770,31-05-2024,08:09:00,Q. Pietraszek,Female,51,African American,None,Admitted,,28
780-84-7920,18-06-2023,07:43:00,Q. Trimmell,Female,20,African American,None,Admitted,,34
219-44-4242,04-02-2024,21:17:00,Q. Lebarree,Female,34,African American,None,Admitted,,45
635-34-2598,05-10-2023,17:50:00,R. Duckham,Female,40,African American,None,Admitted,,19
868-10-5414,01-04-2023,18:16:00,R. Fulker,Female,55,African American,None,Admitted,,24
198-32-9920,15-04-2024,14:36:00,R. Codeman,Female,64,African American,None,Admitted,,28
626-52-3000,07-10-2023,05:11:00,R. Cahn,Female,29,African American,None,Admitted,,29
524-72-4755,20-05-2023,12:55:00,R. Noni,Female,41,African American,None,Admitted,,33
222-61-8906,30-09-2024,05:23:00,R. Purselowe,Female,68,African American,None,Admitted,,38
253-21-4540,08-05-2023,09:59:00,R. Kilduff,Female,1,African American,None,Admitted,,43
800-24-4809,05-03-2024,14:54:00,R. Artist,Female,38,African American,None,Admitted,,45
612-62-4663,31-05-2024,04:45:00,R. Nickolls,Female,65,African American,None,Admitted,,56
146-55-5490,21-06-2024,15:20:00,R. Jost,Female,27,African American,None,Admitted,,59
530-04-1554,13-07-2023,16:41:00,S. Bielfelt,Female,31,African American,None,Admitted,,19
614-27-2796,07-04-2023,03:52:00,S. Sango,Female,5,African American,None,Admitted,,32
774-42-0800,20-10-2024,23:03:00,S. Tumini,Female,41,African American,None,Admitted,,32
704-73-3087,08-06-2024,17:35:00,S. Gowler,Female,22,African American,None,Admitted,,41
279-37-9814,02-07-2024,12:44:00,S. Kitchingman,Female,2,African American,None,Admitted,,43
396-12-3467,08-09-2024,20:52:00,S. Barrowcliffe,Female,31,African American,None,Admitted,,43
592-26-8178,31-05-2023,07:44:00,S. Liveing,Female,45,African American,None,Admitted,,53
459-19-7205,22-07-2024,23:15:00,S. Semmence,Female,8,African American,None,Admitted,,57
131-86-4510,28-06-2023,11:46:00,S. Arnau,Female,43,African American,None,Admitted,,58
282-68-5174,02-11-2023,20:55:00,T. Ovise,Female,13,African American,None,Admitted,,17
157-57-6255,20-11-2023,14:03:00,T. Pinner,Female,68,African American,None,Admitted,,27
547-28-7593,27-09-2024,11:03:00,T. Polycote,Female,26,African American,None,Admitted,,29
178-58-2186,24-09-2024,01:00:00,T. Baack,Female,42,African American,None,Admitted,,29
344-79-1146,22-02-2024,13:51:00,T. Jeffcoate,Female,13,African American,None,Admitted,,45
452-12-7042,03-09-2023,08:37:00,T. Shieldon,Female,7,African American,None,Admitted,,50
153-66-2325,07-03-2024,22:36:00,T. Haggerstone,Female,25,African American,None,Admitted,,54
249-51-3100,03-05-2024,23:26:00,T. Gooddy,Female,56,African American,None,Admitted,,57
283-93-3887,23-11-2023,07:53:00,U. Narup,Female,36,African American,None,Admitted,,27
431-67-3146,28-09-2023,14:59:00,U. Hebbes,Female,73,African American,None,Admitted,,32
432-31-1766,16-06-2023,13:21:00,U. Freen,Female,62,African American,None,Admitted,,33
770-37-1365,18-10-2023,13:22:00,U. Endle,Female,60,African American,None,Admitted,,36
352-11-2598,07-05-2023,15:51:00,U. Passman,Female,69,African American,None,Admitted,,37
242-25-0104,11-05-2024,09:27:00,V. Nestor,Female,57,African American,None,Admitted,,15
401-49-3657,22-06-2024,01:43:00,V. Benbough,Female,10,African American,None,Admitted,,16
229-03-5195,13-04-2024,02:09:00,V. Iacovazzi,Female,17,African American,None,Admitted,,18
716-90-5923,01-01-2024,11:42:00,V. Seadon,Female,8,African American,None,Admitted,,21
722-05-8745,06-04-2024,13:20:00,V. Baggaley,Female,2,African American,None,Admitted,,22
249-88-6525,28-09-2023,03:18:00,W. Daykin,Female,24,African American,None,Admitted,,20
726-87-5473,03-12-2023,15:18:00,W. Attride,Female,28,African American,None,Admitted,,30
401-44-5151,26-08-2023,00:49:00,W. Spire,Female,5,African American,None,Admitted,,38
539-18-5390,31-05-2024,19:56:00,W. Dautry,Female,40,African American,None,Admitted,,38
314-39-8096,01-10-2024,16:23:00,W. Darnborough,Female,29,African American,None,Admitted,,46
648-39-7082,26-06-2023,01:22:00,X. Kayes,Female,23,African American,None,Admitted,,18
540-13-9723,21-09-2023,02:31:00,X. Kettel,Female,74,African American,None,Admitted,,18
624-61-4137,24-09-2023,19:27:00,X. Arderne,Female,11,African American,None,Admitted,,20
131-12-7088,24-07-2024,04:06:00,X. Fri,Female,75,African American,None,Admitted,,24
112-04-3574,17-10-2023,10:23:00,X. Whyley,Female,56,African American,None,Admitted,,25
695-82-2847,30-06-2024,19:02:00,X. Sadat,Female,79,African American,None,Admitted,,25
193-14-0533,19-11-2023,19:58:00,X. Railton,Female,9,African American,None,Admitted,,32
275-06-8401,23-11-2023,08:52:00,X. Poschel,Female,21,African American,None,Admitted,,32
250-22-9666,16-08-2024,22:24:00,X. Geeve,Female,35,African American,None,Admitted,,32
118-21-1408,14-06-2023,17:21:00,X. Orpin,Female,61,African American,None,Admitted,,35
558-13-0654,12-10-2024,18:22:00,X. McVey,Female,61,African American,None,Admitted,,42
122-20-7063,14-07-2024,19:51:00,X. Poller,Female,11,African American,None,Admitted,,45
846-14-9064,21-05-2024,07:18:00,X. Mebes,Female,21,African American,None,Admitted,,45
594-14-9127,11-10-2023,05:21:00,X. Bleas,Female,41,African American,None,Admitted,,45
678-92-5624,11-02-2024,19:59:00,X. Fermoy,Female,8,African American,None,Admitted,,47
549-67-9921,05-04-2024,08:24:00,X. Hewson,Female,5,African American,None,Admitted,,49
198-17-1345,19-10-2023,07:27:00,X. Busse,Female,56,African American,None,Admitted,,57
687-31-7083,06-11-2023,23:40:00,X. Philliskirk,Female,38,African American,None,Admitted,,60
807-06-2498,01-03-2024,03:23:00,X. Cowpertwait,Female,66,African American,None,Admitted,,60
797-83-6141,20-12-2023,06:10:00,Y. Toppes,Female,14,African American,None,Admitted,,20
239-13-8585,22-02-2024,16:40:00,Y. Kielt,Female,45,African American,None,Admitted,,21
891-40-2451,18-08-2023,15:01:00,Y. Lambourne,Female,31,African American,None,Admitted,,25
418-08-2525,19-03-2024,22:00:00,Y. Tate,Female,10,African American,None,Admitted,,46
103-87-1157,15-09-2023,16:56:00,Y. Pashby,Female,51,African American,None,Admitted,,46
430-06-5242,07-12-2023,11:37:00,Y. Towersey,Female,29,African American,None,Admitted,,47
746-57-1832,21-04-2023,19:20:00,Y. Frake,Female,52,African American,None,Admitted,,52
177-87-5959,12-04-2023,14:37:00,Z. Prattin,Female,39,African American,None,Admitted,,27
829-75-6831,11-03-2024,21:11:00,Z. McColley,Female,35,African American,None,Admitted,,28
160-66-2221,17-05-2023,01:52:00,Z. Gritten,Female,14,African American,None,Admitted,,31
627-43-1873,26-07-2024,17:25:00,Z. Mateev,Female,3,African American,None,Admitted,,53
771-36-1122,20-07-2023,12:01:00,N. Itzhaiek,Female,29,African American,None,Admitted,0,56
209-61-6925,01-10-2024,21:49:00,S. Brumpton,Female,68,African American,None,Admitted,0,56
646-01-7174,17-07-2024,09:48:00,W. Grimster,Female,24,African American,None,Admitted,0,47
168-26-7298,09-06-2024,06:16:00,X. Nann,Female,21,African American,None,Admitted,0,40
243-12-6070,29-07-2023,15:49:00,A. Flanner,Female,76,African American,None,Admitted,1,32
778-27-1739,12-07-2024,15:52:00,C. Freathy,Female,39,African American,None,Admitted,1,42
456-85-7685,10-06-2024,00:10:00,P. Boyson,Female,30,African American,None,Admitted,1,32
840-02-8126,22-06-2023,14:28:00,D. Parnby,Female,45,African American,None,Admitted,2,12
406-91-8582,20-10-2023,11:55:00,M. Romei,Female,41,African American,None,Admitted,2,57
302-30-5447,26-06-2024,09:31:00,Q. McAllester,Female,77,African American,None,Admitted,2,44
185-09-2897,08-08-2024,21:11:00,S. Prewer,Female,78,African American,None,Admitted,2,21
290-98-3369,06-08-2023,00:10:00,U. Shearman,Female,79,African American,None,Admitted,2,28
512-12-3157,20-05-2024,04:02:00,V. Stroud,Female,21,African American,None,Admitted,2,18
291-97-4031,14-01-2024,02:48:00,D. Churches,Female,75,African American,None,Admitted,3,26
752-27-1468,13-04-2023,22:43:00,D. Dedon,Female,68,African American,None,Admitted,3,53
197-31-7419,30-05-2023,13:54:00,I. Zecchinelli,Female,39,African American,None,Admitted,3,53
487-49-2870,18-05-2024,12:22:00,K. Adnam,Female,61,African American,None,Admitted,3,15
680-23-3462,12-08-2023,19:48:00,L. Loseby,Female,76,African American,None,Admitted,3,29
262-62-7521,06-01-2024,11:26:00,S. Daniau,Female,22,African American,None,Admitted,3,50
192-40-2024,29-10-2023,08:17:00,U. Pickworth,Female,42,African American,None,Admitted,3,27
801-12-2935,10-05-2024,00:55:00,Y. Sambrok,Female,74,African American,None,Admitted,3,33
825-59-4709,27-12-2023,10:34:00,Z. Primett,Female,71,African American,None,Admitted,3,48
675-90-7843,27-06-2023,17:11:00,A. Dykins,Female,51,African American,None,Admitted,4,17
575-57-1946,18-10-2023,03:51:00,A. Pietrzak,Female,41,African American,None,Admitted,4,21
456-83-3428,08-05-2024,18:10:00,E. Keattch,Female,1,African American,None,Admitted,4,17
838-47-2404,13-04-2024,04:31:00,J. Palphreyman,Female,77,African American,None,Admitted,4,23
731-16-0726,09-02-2024,04:03:00,N. Le Fevre,Female,77,African American,None,Admitted,4,36
890-17-4503,29-04-2023,01:15:00,Q. Kinsley,Female,10,African American,None,Admitted,4,36
776-83-0168,14-07-2024,23:59:00,S. Bridgnell,Female,24,African American,None,Admitted,4,28
729-06-6771,20-07-2024,20:19:00,X. Woolrich,Female,56,African American,None,Admitted,4,48
206-38-8998,19-10-2024,22:03:00,B. Gotmann,Female,6,African American,None,Admitted,5,43
547-80-7704,14-10-2024,05:02:00,M. Walster,Female,17,African American,None,Admitted,5,47
595-17-3646,28-10-2023,16:27:00,N. Walasik,Female,56,African American,None,Admitted,5,45
126-06-1498,29-10-2024,23:33:00,P. Yell,Female,70,African American,None,Admitted,5,42
713-45-4927,10-05-2024,05:01:00,Q. Looby,Female,63,African American,None,Admitted,5,21
639-41-9990,15-01-2024,21:39:00,Q. Baudy,Female,18,African American,None,Admitted,5,60
507-70-6534,13-09-2023,12:51:00,U. Perch,Female,48,African American,None,Admitted,5,52
820-75-0266,06-11-2023,07:41:00,V. Hardeman,Female,67,African American,None,Admitted,5,59
232-87-0576,04-10-2023,05:00:00,Y. Shurville,Female,75,African American,None,Admitted,5,58
166-14-0422,11-06-2024,18:03:00,L. Cawte,Female,50,African American,None,Admitted,6,21
569-52-7198,28-05-2024,11:40:00,T. Fiddymont,Female,42,African American,None,Admitted,6,14
245-50-6682,05-06-2024,20:56:00,T. Mityukov,Female,39,African American,None,Admitted,6,57
779-70-5458,02-08-2024,23:30:00,G. Faircloth,Female,53,African American,None,Admitted,7,41
678-99-7710,08-03-2024,12:30:00,K. Sperry,Female,3,African American,None,Admitted,7,27
170-27-6532,26-10-2023,09:57:00,M. Barabich,Female,37,African American,None,Admitted,7,24
377-36-2473,25-06-2024,06:17:00,T. Gilhooly,Female,38,African American,None,Admitted,7,58
488-25-3285,09-07-2023,02:42:00,E. Garroway,Female,6,African American,None,Admitted,8,30
591-74-8687,08-04-2023,08:12:00,W. Fargher,Female,77,African American,None,Admitted,8,32
195-62-9243,28-06-2024,07:53:00,Y. De Bischop,Female,12,African American,None,Admitted,8,54
381-17-0498,24-11-2023,15:03:00,E. Haslum,Female,15,African American,None,Admitted,9,24
713-04-2906,22-04-2024,07:26:00,N. McClymont,Female,45,African American,None,Admitted,9,41
499-82-8133,19-10-2023,18:20:00,N. Clewer,Female,49,African American,None,Admitted,9,58
853-74-7180,19-11-2023,00:35:00,Q. Tretwell,Female,72,African American,None,Admitted,9,14
215-82-5429,19-10-2023,14:46:00,Q. Goodread,Female,50,African American,None,Admitted,9,57
588-82-3045,14-01-2024,09:34:00,F. Hastin,Female,44,African American,None,Admitted,10,21
490-46-3294,31-07-2024,16:48:00,J. Drinkhall,Female,48,African American,None,Admitted,10,37
845-71-7210,16-09-2023,22:41:00,Y. Wherrit,Female,50,African American,None,Admitted,10,45
712-08-8150,04-05-2023,12:21:00,Z. Howton,Female,30,African American,None,Admitted,10,36
727-44-0682,26-02-2024,15:57:00,B. Gealy,Female,1,African American,Orthopedics,Admitted,,27
272-21-3976,26-06-2023,08:59:00,B. Coldicott,Female,28,African American,Orthopedics,Admitted,,30
176-25-2920,22-05-2024,01:05:00,B. Shanklin,Female,1,African American,Orthopedics,Admitted,,39
874-78-5105,24-11-2023,23:23:00,B. Marlin,Female,43,African American,Orthopedics,Admitted,,50
302-92-2947,08-05-2023,02:11:00,D. Skatcher,Female,66,African American,Orthopedics,Admitted,,31
778-27-5802,30-06-2024,09:07:00,D. Collymore,Female,14,African American,Orthopedics,Admitted,,60
332-58-2941,13-09-2023,07:14:00,F. Helm,Female,49,African American,Orthopedics,Admitted,,25
264-85-2192,04-07-2023,21:12:00,F. Rashleigh,Female,50,African American,Orthopedics,Admitted,,25
852-08-4548,11-10-2023,17:26:00,F. Hardisty,Female,76,African American,Orthopedics,Admitted,,40
398-45-7125,15-07-2024,21:07:00,G. Butler,Female,11,African American,Orthopedics,Admitted,,11
120-35-8220,26-11-2023,14:18:00,G. Cromack,Female,69,African American,Orthopedics,Admitted,,30
868-66-3389,31-10-2023,16:40:00,G. Trunchion,Female,2,African American,Orthopedics,Admitted,,47
450-76-1418,13-10-2023,13:08:00,H. Staff,Female,27,African American,Orthopedics,Admitted,,13
648-42-6604,11-07-2023,15:15:00,H. Cherm,Female,14,African American,Orthopedics,Admitted,,51
612-81-7718,26-10-2023,06:22:00,I. Issacoff,Female,18,African American,Orthopedics,Admitted,,36
432-18-6164,29-07-2024,21:43:00,J. Thouless,Female,11,African American,Orthopedics,Admitted,,23
688-49-8033,19-09-2024,14:14:00,J. Prandin,Female,17,African American,Orthopedics,Admitted,,51
254-14-1466,25-04-2023,09:46:00,L. Robichon,Female,35,African American,Orthopedics,Admitted,,21
842-01-2749,25-05-2024,00:52:00,L. Latore,Female,18,African American,Orthopedics,Admitted,,44
597-02-5455,10-09-2024,06:36:00,M. Schleicher,Female,5,African American,Orthopedics,Admitted,,30
212-19-0545,02-06-2023,03:42:00,N. Barmadier,Female,41,African American,Orthopedics,Admitted,,12
593-38-7471,27-12-2023,22:28:00,N. Netherwood,Female,62,African American,Orthopedics,Admitted,,32
333-09-7490,25-05-2024,21:28:00,O. Cawthery,Female,72,African American,Orthopedics,Admitted,,24
229-98-0118,17-01-2024,07:25:00,R. Dugmore,Female,62,African American,Orthopedics,Admitted,,33
731-75-7101,21-10-2024,11:48:00,S. Simkovitz,Female,64,African American,Orthopedics,Admitted,,30
103-94-9474,03-09-2024,04:30:00,S. Ronald,Female,68,African American,Orthopedics,Admitted,,30
617-41-0266,14-09-2023,10:42:00,S. Dabourne,Female,33,African American,Orthopedics,Admitted,,43
171-02-6921,23-04-2023,18:31:00,S. Eustanch,Female,3,African American,Orthopedics,Admitted,,50
421-79-3102,23-10-2023,04:06:00,T. Alway,Female,56,African American,Orthopedics,Admitted,,19
723-91-6052,12-09-2024,08:50:00,V. Alday,Female,43,African American,Orthopedics,Admitted,,25
327-18-9666,12-11-2023,20:18:00,V. Brakespear,Female,17,African American,Orthopedics,Admitted,,60
465-96-7433,19-07-2024,04:21:00,W. Willshee,Female,57,African American,Orthopedics,Admitted,,30
734-01-2423,13-07-2024,19:48:00,W. Oleshunin,Female,1,African American,Orthopedics,Admitted,,40
504-30-7957,17-06-2024,19:15:00,X. Cutbirth,Female,77,African American,Orthopedics,Admitted,,23
126-09-0081,09-06-2023,19:44:00,Y. Waiting,Female,67,African American,Orthopedics,Admitted,,10
423-67-7757,11-01-2024,14:14:00,Y. Seagrave,Female,66,African American,Orthopedics,Admitted,,60
796-98-4459,12-10-2024,16:16:00,Y. Outram,Female,68,African American,Orthopedics,Admitted,,60
144-51-9050,24-12-2023,17:19:00,Z. Forber,Female,39,African American,Orthopedics,Admitted,,51
225-66-0995,09-08-2024,08:03:00,Z. Verden,Female,46,African American,Orthopedics,Admitted,,53
674-79-1988,25-06-2023,17:17:00,Z. Souter,Female,9,African American,Orthopedics,Admitted,,56
878-59-3101,22-10-2024,17:21:00,N. Lawful,Female,38,African American,Orthopedics,Admitted,0,39
216-16-4089,28-09-2023,03:50:00,H. Rohloff,Female,13,African American,Orthopedics,Admitted,2,42
482-47-8887,05-05-2024,07:56:00,C. Fibbit,Female,23,African American,Orthopedics,Admitted,3,58
323-99-0794,04-01-2024,14:54:00,I. Ruselin,Female,6,African American,Orthopedics,Admitted,6,42
680-97-7540,19-04-2024,23:33:00,J. Ost,Female,4,African American,Orthopedics,Admitted,7,15
528-27-9854,20-11-2023,02:36:00,B. Brilon,Female,69,African American,Orthopedics,Admitted,8,48
596-74-9395,03-10-2024,05:15:00,B. Pridgeon,Female,72,African American,Physiotherapy,Admitted,,27
684-49-5005,06-08-2024,09:02:00,E. Dimitriades,Female,20,African American,Physiotherapy,Admitted,,44
771-58-1297,01-03-2024,11:39:00,G. Chesney,Female,33,African American,Physiotherapy,Admitted,,17
623-43-0277,24-05-2023,23:17:00,H. Gilford,Female,28,African American,Physiotherapy,Admitted,,40
121-38-6162,29-08-2023,14:15:00,T. Andrusyak,Female,67,African American,Physiotherapy,Admitted,,30
790-47-5011,29-02-2024,18:50:00,R. Cockle,Female,31,African American,Physiotherapy,Admitted,0,47
528-14-7644,14-06-2024,04:56:00,Z. Huntingdon,Female,79,African American,Physiotherapy,Admitted,10,43
439-49-1454,19-12-2023,18:57:00,A. McKag,Female,70,African American,Renal,Admitted,,56
418-93-9376,07-07-2023,16:30:00,K. Beagles,Female,53,African American,Renal,Admitted,,37
509-37-4729,08-04-2023,16:43:00,M. Bencher,Female,25,African American,Renal,Admitted,,50
277-46-7550,22-05-2023,01:08:00,Y. Cleverly,Female,46,African American,Renal,Admitted,,11
509-82-3979,08-06-2023,00:40:00,J. Gamlen,Female,37,Asian,Cardiology,Admitted,,34
151-12-1817,19-03-2024,03:00:00,R. Murrhaupt,Female,17,Asian,Cardiology,Admitted,,58
389-37-7548,16-10-2024,19:12:00,T. McGiffin,Female,2,Asian,Cardiology,Admitted,,18
436-34-8687,22-05-2023,15:25:00,U. Armytage,Female,22,Asian,Cardiology,Admitted,,56
359-65-8965,29-04-2023,02:43:00,N. Breyt,Female,66,Asian,Cardiology,Admitted,10,18
441-37-7166,30-07-2023,03:29:00,G. Semor,Female,58,Asian,Gastroenterology,Admitted,,48
592-43-3478,27-11-2023,03:18:00,I. Tschiersch,Female,68,Asian,Gastroenterology,Admitted,,34
381-25-6871,04-07-2024,13:46:00,N. Happer,Female,41,Asian,Gastroenterology,Admitted,,22
184-86-0569,21-10-2023,10:11:00,V. Kilcullen,Female,41,Asian,Gastroenterology,Admitted,1,10
146-21-5418,02-09-2023,09:32:00,U. Stickles,Female,22,Asian,Gastroenterology,Admitted,7,18
719-53-4693,10-10-2023,11:02:00,C. Drinkhill,Female,57,Asian,General Practice,Admitted,,58
464-32-0501,15-07-2024,21:14:00,D. Venners,Female,15,Asian,General Practice,Admitted,,41
418-42-2687,05-12-2023,01:52:00,E. Yendall,Female,62,Asian,General Practice,Admitted,,45
863-62-1034,21-05-2024,18:59:00,F. Gamlen,Female,33,Asian,General Practice,Admitted,,22
219-71-9644,09-04-2023,15:36:00,F. Paradin,Female,19,Asian,General Practice,Admitted,,30
601-70-5406,20-09-2024,23:32:00,F. Pena,Female,22,Asian,General Practice,Admitted,,51
797-42-0238,04-06-2024,23:32:00,H. Kuhl,Female,21,Asian,General Practice,Admitted,,13
845-97-2213,20-01-2024,06:17:00,H. Willcot,Female,42,Asian,General Practice,Admitted,,23
366-08-8943,11-04-2023,10:55:00,H. Bubeer,Female,36,Asian,General Practice,Admitted,,40
605-89-6750,21-10-2024,04:12:00,H. Scryne,Female,55,Asian,General Practice,Admitted,,55
385-81-2614,17-11-2023,08:59:00,H. Charpling,Female,37,Asian,General Practice,Admitted,,58
413-17-8936,21-05-2024,21:13:00,H. Miere,Female,61,Asian,General Practice,Admitted,,58
752-74-9026,24-10-2023,15:50:00,J. Madgett,Female,42,Asian,General Practice,Admitted,,38
817-91-1171,07-03-2024,06:31:00,J. Leere,Female,34,Asian,General Practice,Admitted,,51
374-55-2198,26-09-2023,02:24:00,K. Barrim,Female,62,Asian,General Practice,Admitted,,30
438-63-2567,02-05-2024,20:26:00,L. Rex,Female,15,Asian,General Practice,Admitted,,20
142-78-0838,12-04-2023,09:12:00,L. Mattusov,Female,3,Asian,General Practice,Admitted,,29
588-34-9582,25-09-2023,05:34:00,L. McGriffin,Female,61,Asian,General Practice,Admitted,,44
259-94-8763,30-08-2024,06:51:00,L. Belasco,Female,51,Asian,General Practice,Admitted,,48
272-14-3969,15-11-2023,07:05:00,M. Bleby,Female,32,Asian,General Practice,Admitted,,11
166-24-3928,21-09-2024,05:12:00,M. Popham,Female,70,Asian,General Practice,Admitted,,13
152-15-6583,25-04-2024,07:20:00,N. Stratley,Female,34,Asian,General Practice,Admitted,,24
457-08-7699,05-12-2023,01:33:00,N. Shills,Female,32,Asian,General Practice,Admitted,,39
595-49-5401,02-07-2024,15:16:00,O. Kench,Female,72,Asian,General Practice,Admitted,,12
424-98-4798,15-11-2023,19:44:00,P. Longshaw,Female,15,Asian,General Practice,Admitted,,48
502-22-3736,06-08-2024,16:09:00,P. Di Franceshci,Female,12,Asian,General Practice,Admitted,,49
519-85-8257,07-02-2024,05:37:00,Q. Asif,Female,60,Asian,General Practice,Admitted,,21
810-56-7934,03-09-2023,21:33:00,Q. Perton,Female,27,Asian,General Practice,Admitted,,23
277-46-8394,26-09-2024,09:37:00,R. Farney,Female,58,Asian,General Practice,Admitted,,10
222-81-0128,10-04-2023,01:20:00,S. Ricardin,Female,55,Asian,General Practice,Admitted,,20
655-78-5772,24-04-2024,14:08:00,U. Korda,Female,59,Asian,General Practice,Admitted,,54
658-77-0611,11-08-2024,21:39:00,V. Gittens,Female,49,Asian,General Practice,Admitted,,58
150-06-3104,14-05-2024,17:00:00,W. Melland,Female,20,Asian,General Practice,Admitted,,10
632-73-1326,25-05-2023,12:17:00,W. Coltman,Female,52,Asian,General Practice,Admitted,,26
354-85-6127,26-09-2024,07:45:00,X. Askham,Female,21,Asian,General Practice,Admitted,,50
444-76-3586,27-06-2024,11:43:00,X. Butchers,Female,33,Asian,General Practice,Admitted,,58
547-37-9917,15-06-2024,14:00:00,Y. Dayborne,Female,13,Asian,General Practice,Admitted,,37
811-63-4808,12-11-2023,06:24:00,Y. Dolohunty,Female,73,Asian,General Practice,Admitted,,40
835-53-2620,13-05-2024,09:36:00,Z. Beatson,Female,44,Asian,General Practice,Admitted,,11
377-52-6375,12-08-2024,01:13:00,Z. Gabe,Female,78,Asian,General Practice,Admitted,,38
534-94-9959,24-12-2023,07:15:00,Y. Fitt,Female,60,Asian,General Practice,Admitted,0,10
524-48-9686,20-10-2024,12:24:00,M. Ollerhad,Female,79,Asian,General Practice,Admitted,1,44
867-05-4344,16-04-2023,02:26:00,S. Gimlet,Female,31,Asian,General Practice,Admitted,1,27
826-35-4257,28-08-2023,07:47:00,J. Delhay,Female,25,Asian,General Practice,Admitted,2,35
344-07-4253,01-10-2024,07:50:00,Q. Pinshon,Female,39,Asian,General Practice,Admitted,2,44
422-17-9207,08-09-2024,01:45:00,R. Drewe,Female,54,Asian,General Practice,Admitted,3,44
881-28-1862,30-07-2024,14:42:00,J. Deniso,Female,63,Asian,General Practice,Admitted,5,23
356-20-1445,13-12-2023,04:51:00,T. O' Hern,Female,56,Asian,General Practice,Admitted,5,10
758-69-7526,01-10-2023,14:19:00,Y. Durning,Female,13,Asian,General Practice,Admitted,7,48
152-64-9915,16-03-2024,16:13:00,Y. Brimm,Female,70,Asian,General Practice,Admitted,7,57
562-51-2259,27-06-2023,13:10:00,L. Longhorn,Female,22,Asian,General Practice,Admitted,8,34
679-45-5128,20-08-2023,19:50:00,C. Wake,Female,33,Asian,General Practice,Admitted,9,25
542-01-8930,20-01-2024,23:57:00,J. Arnecke,Female,23,Asian,General Practice,Admitted,10,42
546-46-2582,06-05-2024,23:46:00,U. Makiver,Female,6,Asian,Neurology,Admitted,,31
272-77-4899,07-06-2023,22:59:00,Y. Cheltnam,Female,12,Asian,Neurology,Admitted,,28
887-12-8505,15-10-2024,23:29:00,J. Blais,Female,41,Asian,Neurology,Admitted,1,58
575-80-7147,24-11-2023,12:52:00,A. Spreag,Female,21,Asian,None,Admitted,,37
245-86-3689,16-12-2023,20:05:00,A. Swane,Female,72,Asian,None,Admitted,,55
473-65-5654,22-04-2023,18:25:00,B. Champneys,Female,36,Asian,None,Admitted,,26
195-44-8741,27-05-2024,00:11:00,B. Mulqueen,Female,73,Asian,None,Admitted,,41
537-50-1785,12-11-2023,11:40:00,C. Fountian,Female,10,Asian,None,Admitted,,22
853-59-3857,03-07-2024,12:30:00,C. Hakking,Female,29,Asian,None,Admitted,,34
369-41-9793,21-05-2024,14:33:00,C. McCombe,Female,45,Asian,None,Admitted,,50
171-34-1802,25-07-2023,00:34:00,D. Durrell,Female,57,Asian,None,Admitted,,22
261-26-8671,26-01-2024,20:26:00,E. Fellgate,Female,72,Asian,None,Admitted,,10
802-76-3724,09-01-2024,22:00:00,E. Pitkethly,Female,29,Asian,None,Admitted,,13
240-90-4141,06-12-2023,02:09:00,E. Ponceford,Female,42,Asian,None,Admitted,,24
484-25-1477,13-12-2023,08:24:00,E. Dando,Female,28,Asian,None,Admitted,,44
609-54-3148,11-08-2023,17:35:00,E. Murfin,Female,66,Asian,None,Admitted,,44
424-56-1864,18-04-2024,14:24:00,F. Blind,Female,5,Asian,None,Admitted,,21
731-96-5950,25-07-2023,09:22:00,F. Lennon,Female,20,Asian,None,Admitted,,23
829-50-2356,05-06-2023,04:11:00,F. Fearne,Female,46,Asian,None,Admitted,,30
157-86-8870,16-08-2023,10:48:00,F. Gotmann,Female,12,Asian,None,Admitted,,37
223-71-4722,21-04-2023,07:31:00,G. Kolak,Female,12,Asian,None,Admitted,,15
345-82-8537,16-06-2023,21:47:00,G. Ridolfi,Female,9,Asian,None,Admitted,,19
601-40-1988,21-07-2024,06:00:00,G. Yakob,Female,38,Asian,None,Admitted,,27
498-12-3034,06-04-2024,01:30:00,G. Satyford,Female,46,Asian,None,Admitted,,40
839-47-7307,18-09-2024,06:00:00,G. Blunsen,Female,29,Asian,None,Admitted,,52
508-31-1080,01-08-2024,11:32:00,G. Uren,Female,9,Asian,None,Admitted,,59
373-09-7656,04-11-2023,03:08:00,H. Eckford,Female,67,Asian,None,Admitted,,17
519-47-6165,29-07-2023,23:53:00,H. Evill,Female,26,Asian,None,Admitted,,57
530-65-7735,29-01-2024,06:56:00,H. Pentycross,Female,27,Asian,None,Admitted,,58
312-08-6219,15-02-2024,09:39:00,I. Kaaskooper,Female,47,Asian,None,Admitted,,27
663-72-5329,03-06-2024,18:24:00,I. Prydden,Female,61,Asian,None,Admitted,,47
531-19-9617,05-09-2023,00:55:00,J. O'Hollegan,Female,68,Asian,None,Admitted,,34
241-68-6242,13-04-2023,05:35:00,J. Spargo,Female,26,Asian,None,Admitted,,37
648-84-6300,18-06-2023,11:19:00,J. Franceschino,Female,15,Asian,None,Admitted,,55
459-84-5993,24-11-2023,22:47:00,K. Stebbing,Female,4,Asian,None,Admitted,,11
303-71-2802,24-01-2024,11:56:00,K. Naylor,Female,75,Asian,None,Admitted,,15
646-28-2601,23-07-2024,08:57:00,K. Potticary,Female,52,Asian,None,Admitted,,20
670-58-4395,22-05-2024,00:13:00,K. Garbutt,Female,10,Asian,None,Admitted,,33
237-96-9260,07-04-2024,18:02:00,K. Stiant,Female,27,Asian,None,Admitted,,52
592-78-5794,19-07-2023,09:23:00,K. Tessyman,Female,22,Asian,None,Admitted,,53
144-23-9650,20-02-2024,18:19:00,K. Mullany,Female,6,Asian,None,Admitted,,57
498-27-3065,15-07-2023,20:43:00,L. Harrod,Female,73,Asian,None,Admitted,,13
489-02-8826,21-02-2024,16:15:00,L. Swede,Female,67,Asian,None,Admitted,,16
378-32-2885,07-10-2023,07:09:00,L. Osboldstone,Female,45,Asian,None,Admitted,,30
893-84-1872,02-07-2023,22:21:00,L. Shilling,Female,42,Asian,None,Admitted,,35
755-10-1498,22-06-2023,07:08:00,L. Kettle,Female,47,Asian,None,Admitted,,35
435-90-3773,29-02-2024,08:14:00,L. Fells,Female,16,Asian,None,Admitted,,42
410-99-6767,31-08-2024,01:51:00,L. Boothman,Female,20,Asian,None,Admitted,,52
451-80-6419,12-12-2023,08:59:00,M. Regi,Female,53,Asian,None,Admitted,,11
703-10-6119,21-04-2024,12:03:00,M. Woolatt,Female,53,Asian,None,Admitted,,20
376-36-9792,13-09-2023,11:19:00,M. Ilyinykh,Female,63,Asian,None,Admitted,,31
641-28-8440,21-04-2024,23:54:00,M. Saunter,Female,57,Asian,None,Admitted,,36
618-61-7698,20-08-2024,10:08:00,M. Connors,Female,44,Asian,None,Admitted,,42
570-04-4215,09-07-2023,06:34:00,M. Hearl,Female,49,Asian,None,Admitted,,49
101-56-3319,08-10-2023,18:21:00,M. Kilduff,Female,44,Asian,None,Admitted,,55
175-60-6843,09-03-2024,21:12:00,N. Bednall,Female,73,Asian,None,Admitted,,40
754-08-4143,28-10-2024,20:35:00,N. Leeke,Female,71,Asian,None,Admitted,,49
811-51-3965,08-08-2024,00:33:00,O. Mangenot,Female,76,Asian,None,Admitted,,11
886-68-2597,15-01-2024,14:38:00,O. Crowter,Female,51,Asian,None,Admitted,,38
802-89-4548,02-01-2024,17:06:00,P. Soro,Female,26,Asian,None,Admitted,,49
325-34-7964,07-04-2023,13:44:00,P. Flanagan,Female,49,Asian,None,Admitted,,54
155-08-4866,11-07-2024,21:37:00,Q. MacConnal,Female,30,Asian,None,Admitted,,26
774-11-8347,27-12-2023,18:06:00,Q. Hodgin,Female,2,Asian,None,Admitted,,43
876-64-9030,23-06-2023,11:35:00,Q. Stanborough,Female,16,Asian,None,Admitted,,59
202-19-6980,04-04-2024,16:28:00,R. Lamburn,Female,75,Asian,None,Admitted,,11
505-68-6123,26-10-2023,13:51:00,R. Faust,Female,78,Asian,None,Admitted,,27
860-08-2680,09-07-2023,01:11:00,S. Drinkall,Female,68,Asian,None,Admitted,,25
589-37-3605,20-06-2023,13:32:00,S. Gilpillan,Female,79,Asian,None,Admitted,,30
628-78-2242,01-06-2024,11:31:00,T. Fury,Female,18,Asian,None,Admitted,,17
414-09-9485,13-05-2023,23:15:00,T. MacVagh,Female,75,Asian,None,Admitted,,28
484-45-3732,27-04-2023,03:45:00,T. Ondrasek,Female,8,Asian,None,Admitted,,30
636-25-5929,24-09-2023,06:45:00,T. Sawood,Female,1,Asian,None,Admitted,,35
740-71-8908,19-03-2024,23:32:00,T. Mabone,Female,56,Asian,None,Admitted,,50
722-50-5106,27-04-2024,01:14:00,T. McMillam,Female,57,Asian,None,Admitted,,53
483-65-9338,08-05-2024,04:20:00,U. Sprigging,Female,36,Asian,None,Admitted,,13
267-18-2904,05-06-2024,07:47:00,U. Bachelor,Female,51,Asian,None,Admitted,,26
438-78-5956,20-09-2023,23:12:00,V. Wesgate,Female,49,Asian,None,Admitted,,14
315-04-4027,09-06-2024,15:15:00,V. Chasmer,Female,75,Asian,None,Admitted,,19
547-56-8712,27-05-2023,20:44:00,V. Fisby,Female,4,Asian,None,Admitted,,29
581-50-9829,31-03-2024,09:18:00,V. Higginbottam,Female,49,Asian,None,Admitted,,40
807-93-4330,19-06-2023,03:48:00,V. Cordy,Female,76,Asian,None,Admitted,,56
131-64-1456,09-03-2024,20:52:00,W. Jeyness,Female,44,Asian,None,Admitted,,34
703-68-0368,08-12-2023,14:32:00,W. Ratt,Female,69,Asian,None,Admitted,,41
368-23-5365,14-05-2024,02:12:00,W. Wimpenny,Female,17,Asian,None,Admitted,,59
613-25-8167,10-08-2024,00:56:00,X. Southcott,Female,78,Asian,None,Admitted,,24
652-90-6916,29-09-2023,08:24:00,X. Prevett,Female,56,Asian,None,Admitted,,30
447-10-9548,22-08-2024,20:37:00,X. Gercken,Female,28,Asian,None,Admitted,,42
786-85-5090,02-10-2024,13:21:00,X. Enderle,Female,18,Asian,None,Admitted,,50
340-01-2682,19-08-2024,03:19:00,X. Kellert,Female,29,Asian,None,Admitted,,56
680-15-3313,04-07-2024,17:28:00,Y. Benallack,Female,62,Asian,None,Admitted,,18
756-52-7604,15-06-2023,21:58:00,Y. Abbett,Female,32,Asian,None,Admitted,,25
322-58-9129,18-10-2023,13:36:00,Z. Cash,Female,50,Asian,None,Admitted,,15
347-45-3426,30-05-2024,16:20:00,Z. Greystock,Female,23,Asian,None,Admitted,,25
273-92-4143,15-07-2023,12:25:00,Z. Todd,Female,76,Asian,None,Admitted,,25
850-66-6683,13-06-2024,20:12:00,Z. MacKenny,Female,29,Asian,None,Admitted,,30
863-35-4422,19-04-2024,18:33:00,E. Grzes,Female,10,Asian,None,Admitted,0,58
692-09-6269,29-03-2024,13:09:00,K. Bussons,Female,71,Asian,None,Admitted,0,53
594-59-0732,27-09-2024,07:00:00,U. Tuckley,Female,32,Asian,None,Admitted,0,47
758-79-5456,03-08-2023,23:19:00,W. MacKilroe,Female,38,Asian,None,Admitted,0,46
539-79-7693,14-10-2023,05:07:00,Z. Burtenshaw,Female,32,Asian,None,Admitted,0,32
180-22-8491,02-05-2023,19:46:00,A. Gadsdon,Female,42,Asian,None,Admitted,1,37
424-09-2525,18-04-2024,22:59:00,C. Beadel,Female,33,Asian,None,Admitted,1,39
508-60-4216,10-06-2023,02:05:00,F. Geffe,Female,78,Asian,None,Admitted,1,12
861-97-8016,27-01-2024,09:41:00,L. Edgington,Female,41,Asian,None,Admitted,1,14
696-37-4637,23-10-2023,18:29:00,G. Farres,Female,17,Asian,None,Admitted,2,60
411-87-1178,14-10-2024,01:27:00,I. Maleham,Female,33,Asian,None,Admitted,2,33
737-27-3803,27-10-2023,16:48:00,M. Blown,Female,23,Asian,None,Admitted,2,24
324-66-3926,18-04-2023,12:05:00,S. Aleso,Female,34,Asian,None,Admitted,2,60
199-06-1284,06-04-2024,08:16:00,G. Tibb,Female,32,Asian,None,Admitted,3,30
170-66-2703,02-08-2024,12:42:00,N. Casely,Female,11,Asian,None,Admitted,3,22
713-58-6734,06-03-2024,18:16:00,O. Riccione,Female,42,Asian,None,Admitted,3,28
225-50-9516,24-11-2023,15:56:00,S. Broadfield,Female,71,Asian,None,Admitted,3,14
338-57-1208,01-01-2024,23:48:00,S. Samwayes,Female,5,Asian,None,Admitted,3,47
738-87-2087,19-06-2024,13:47:00,Y. Jiroudek,Female,3,Asian,None,Admitted,3,18
502-63-7645,25-03-2024,20:18:00,K. Breacher,Female,74,Asian,None,Admitted,4,26
299-88-9041,14-02-2024,12:57:00,M. Franzel,Female,29,Asian,None,Admitted,4,43
445-98-3362,03-11-2023,18:04:00,N. Ebertz,Female,65,Asian,None,Admitted,4,21
752-09-3325,22-07-2023,22:47:00,U. Godsmark,Female,29,Asian,None,Admitted,4,40
560-18-9530,29-07-2024,22:47:00,I. Patsall,Female,43,Asian,None,Admitted,5,48
380-93-9949,18-04-2023,00:05:00,A. Dorie,Female,2,Asian,None,Admitted,6,39
756-50-0652,25-05-2024,21:07:00,P. Tainton,Female,50,Asian,None,Admitted,6,48
439-06-2525,16-04-2024,03:39:00,A. Nyssens,Female,64,Asian,None,Admitted,7,10
581-49-3932,04-05-2023,02:39:00,B. Boller,Female,26,Asian,None,Admitted,7,29
704-29-6937,04-05-2024,18:36:00,C. Johnsee,Female,39,Asian,None,Admitted,7,17
743-80-6642,04-09-2024,19:59:00,D. McMichael,Female,47,Asian,None,Admitted,7,32
313-31-2353,03-08-2023,00:27:00,F. Wellington,Female,30,Asian,None,Admitted,7,40
574-42-7411,11-09-2023,15:13:00,K. Sharpless,Female,21,Asian,None,Admitted,7,31
618-49-0866,27-11-2023,00:32:00,N. Dunseath,Female,1,Asian,None,Admitted,8,14
519-82-9080,22-10-2023,15:09:00,W. D'Angeli,Female,23,Asian,None,Admitted,8,53
645-75-6454,26-05-2023,22:54:00,C. Mouser,Female,60,Asian,None,Admitted,9,24
845-28-0750,10-04-2023,03:49:00,D. Sikorsky,Female,18,Asian,None,Admitted,9,50
747-67-5371,15-10-2024,12:17:00,L. Dracey,Female,2,Asian,None,Admitted,9,54
244-72-1639,01-12-2023,23:57:00,N. Howood,Female,27,Asian,None,Admitted,9,59
222-04-8858,18-02-2024,05:38:00,U. Geram,Female,64,Asian,None,Admitted,9,42
321-88-9571,10-06-2024,19:04:00,J. Steade,Female,53,Asian,None,Admitted,10,33
605-85-1839,18-08-2023,10:59:00,K. Vanshin,Female,20,Asian,None,Admitted,10,56
621-66-7813,25-02-2024,15:05:00,V. Hawick,Female,40,Asian,None,Admitted,10,36
732-68-6339,30-09-2023,01:30:00,X. Gianni,Female,29,Asian,None,Admitted,10,53
887-69-1907,11-10-2024,12:33:00,A. Dowker,Female,35,Asian,Orthopedics,Admitted,,27
845-69-9025,16-04-2024,20:07:00,A. Duffield,Female,49,Asian,Orthopedics,Admitted,,58
343-23-0272,21-04-2024,19:45:00,B. Mordan,Female,65,Asian,Orthopedics,Admitted,,14
507-75-5145,03-04-2024,08:19:00,C. Guite,Female,22,Asian,Orthopedics,Admitted,,52
703-94-1485,16-07-2024,13:29:00,D. Morey,Female,68,Asian,Orthopedics,Admitted,,15
312-94-8735,02-12-2023,19:36:00,D. Coutthart,Female,69,Asian,Orthopedics,Admitted,,37
694-75-1010,31-05-2024,13:47:00,E. Daspar,Female,4,Asian,Orthopedics,Admitted,,15
208-42-8204,02-02-2024,00:27:00,E. Andrichuk,Female,52,Asian,Orthopedics,Admitted,,58
342-20-9295,28-01-2024,03:02:00,E. Revey,Female,16,Asian,Orthopedics,Admitted,,59
133-65-2351,03-05-2023,04:59:00,H. de la Valette Parisot,Female,76,Asian,Orthopedics,Admitted,,57
452-46-7406,26-04-2024,09:04:00,I. Kenworthey,Female,40,Asian,Orthopedics,Admitted,,42
553-53-6240,27-06-2023,11:21:00,K. Loade,Female,17,Asian,Orthopedics,Admitted,,13
455-54-8491,10-02-2024,05:02:00,K. Yeskin,Female,71,Asian,Orthopedics,Admitted,,29
139-06-1169,01-06-2024,18:17:00,P. Swann,Female,24,Asian,Orthopedics,Admitted,,48
384-72-1340,10-09-2024,12:18:00,P. Duester,Female,15,Asian,Orthopedics,Admitted,,55
740-27-0503,12-01-2024,09:37:00,Q. Lodwick,Female,30,Asian,Orthopedics,Admitted,,49
757-65-1358,25-09-2023,21:52:00,T. Sparkwill,Female,12,Asian,Orthopedics,Admitted,,11
411-44-1446,25-01-2024,19:12:00,U. Stamper,Female,65,Asian,Orthopedics,Admitted,,11
477-84-3629,14-04-2023,14:31:00,Z. Body,Female,28,Asian,Orthopedics,Admitted,,55
267-77-7081,12-10-2024,12:53:00,V. Heavy,Female,46,Asian,Orthopedics,Admitted,3,38
256-75-5796,22-10-2023,21:29:00,F. Trinke,Female,75,Asian,Orthopedics,Admitted,4,30
425-64-6539,30-09-2023,09:33:00,T. Evason,Female,10,Asian,Orthopedics,Admitted,5,32
517-10-4550,17-06-2023,10:43:00,J. Spearett,Female,47,Asian,Orthopedics,Admitted,10,58
151-30-1903,31-12-2023,02:51:00,E. Stannis,Female,50,Asian,Physiotherapy,Admitted,,55
638-04-9364,13-05-2023,02:11:00,G. Maps,Female,14,Asian,Physiotherapy,Admitted,,24
710-54-8702,04-12-2023,23:50:00,O. Quayle,Female,75,Asian,Physiotherapy,Admitted,,58
409-18-9979,09-08-2024,10:55:00,S. Wayvill,Female,52,Asian,Physiotherapy,Admitted,,18
107-94-1465,05-10-2024,18:48:00,A. Flintoft,Female,65,Asian,Physiotherapy,Admitted,0,11
577-71-3589,25-07-2024,04:07:00,X. Nutbeem,Female,49,Asian,Physiotherapy,Admitted,4,15
156-93-3447,05-08-2023,05:52:00,I. Shakespear,Female,5,Asian,Physiotherapy,Admitted,6,23
865-43-3940,15-07-2023,10:03:00,H. Hallitt,Female,71,Asian,Physiotherapy,Admitted,8,42
529-80-3128,18-02-2024,20:22:00,J. Meaking,Female,13,Asian,Renal,Admitted,,27
753-03-6126,24-02-2024,05:05:00,X. Gibke,Female,43,Asian,Renal,Admitted,,14
203-07-9453,27-02-2024,20:55:00,X. Ghiriardelli,Female,36,Asian,Renal,Admitted,,42
109-71-9959,07-07-2024,05:34:00,J. Ripon,Female,13,Asian,Renal,Admitted,6,59
214-01-2199,19-10-2023,09:13:00,A. Dundendale,Female,3,Declined to Identify,Cardiology,Admitted,,12
598-54-0367,22-09-2023,02:55:00,G. Lattin,Female,74,Declined to Identify,Cardiology,Admitted,,50
208-59-6965,25-01-2024,03:24:00,K. Di Franceshci,Female,15,Declined to Identify,Cardiology,Admitted,,24
166-10-4126,12-03-2024,10:41:00,M. Nockalls,Female,71,Declined to Identify,Cardiology,Admitted,,28
388-09-3917,21-01-2024,22:23:00,N. Ambrosch,Female,69,Declined to Identify,Cardiology,Admitted,,37
113-42-6171,21-08-2023,03:43:00,Q. Karadzas,Female,10,Declined to Identify,Cardiology,Admitted,,52
668-36-4442,02-09-2024,08:43:00,G. Godly,Female,16,Declined to Identify,Gastroenterology,Admitted,,54
265-77-1242,22-08-2024,08:12:00,M. Fawlo,Female,49,Declined to Identify,Gastroenterology,Admitted,,55
536-86-9352,06-07-2024,16:26:00,Y. Moult,Female,63,Declined to Identify,Gastroenterology,Admitted,5,33
875-18-8746,01-06-2023,10:55:00,A. Renzini,Female,63,Declined to Identify,General Practice,Admitted,,41
739-88-4514,07-05-2023,17:58:00,A. Repp,Female,51,Declined to Identify,General Practice,Admitted,,51
689-39-0776,29-05-2023,15:49:00,B. Housbey,Female,62,Declined to Identify,General Practice,Admitted,,17
243-21-3862,07-07-2024,19:38:00,D. Livick,Female,9,Declined to Identify,General Practice,Admitted,,15
663-28-2643,25-09-2024,20:49:00,D. Enrietto,Female,61,Declined to Identify,General Practice,Admitted,,33
124-82-5230,18-01-2024,17:38:00,D. Coster,Female,74,Declined to Identify,General Practice,Admitted,,44
302-08-4790,09-07-2023,21:13:00,F. Trahear,Female,3,Declined to Identify,General Practice,Admitted,,10
420-78-7513,09-04-2023,12:10:00,F. MacInerney,Female,78,Declined to Identify,General Practice,Admitted,,27
709-58-4115,05-11-2023,06:26:00,G. Freak,Female,2,Declined to Identify,General Practice,Admitted,,19
658-42-0940,20-12-2023,23:50:00,H. Sturley,Female,6,Declined to Identify,General Practice,Admitted,,19
412-75-8243,17-04-2023,21:17:00,H. Mansour,Female,78,Declined to Identify,General Practice,Admitted,,30
522-95-4823,07-09-2023,14:12:00,H. Gerardet,Female,18,Declined to Identify,General Practice,Admitted,,33
291-35-7777,12-01-2024,17:44:00,H. Tangye,Female,75,Declined to Identify,General Practice,Admitted,,41
717-55-4547,05-02-2024,15:53:00,H. Abelwhite,Female,3,Declined to Identify,General Practice,Admitted,,42
863-58-2563,04-01-2024,01:09:00,I. Baynton,Female,52,Declined to Identify,General Practice,Admitted,,14
372-25-7518,02-04-2023,15:52:00,K. Hambly,Female,67,Declined to Identify,General Practice,Admitted,,22
709-74-1500,24-01-2024,19:29:00,L. Barson,Female,32,Declined to Identify,General Practice,Admitted,,15
342-63-6565,18-12-2023,05:47:00,L. Sleany,Female,3,Declined to Identify,General Practice,Admitted,,16
740-24-2394,29-08-2023,12:41:00,M. Grinvalds,Female,37,Declined to Identify,General Practice,Admitted,,57
574-16-1174,31-05-2024,07:16:00,O. Cutchie,Female,66,Declined to Identify,General Practice,Admitted,,31
678-15-3957,02-05-2023,16:55:00,Q. Lukasik,Female,45,Declined to Identify,General Practice,Admitted,,19
483-85-8123,03-08-2024,20:56:00,Q. Flamank,Female,5,Declined to Identify,General Practice,Admitted,,34
398-80-1558,10-10-2024,18:30:00,R. Eliassen,Female,76,Declined to Identify,General Practice,Admitted,,10
280-55-2076,07-09-2024,14:46:00,S. Goldine,Female,6,Declined to Identify,General Practice,Admitted,,21
312-76-7073,16-12-2023,03:43:00,T. Karpenya,Female,24,Declined to Identify,General Practice,Admitted,,44
188-21-0592,20-08-2024,01:57:00,U. Shoveller,Female,65,Declined to Identify,General Practice,Admitted,,24
303-52-1484,25-04-2023,15:33:00,U. Milam,Female,16,Declined to Identify,General Practice,Admitted,,41
741-39-0715,08-08-2023,05:07:00,V. Wimpenny,Female,61,Declined to Identify,General Practice,Admitted,,32
669-67-1385,26-08-2024,20:54:00,V. D'Agostino,Female,3,Declined to Identify,General Practice,Admitted,,58
196-82-1441,20-09-2024,14:31:00,X. Kos,Female,14,Declined to Identify,General Practice,Admitted,,17
418-06-2956,19-08-2023,16:28:00,X. Tarver,Female,6,Declined to Identify,General Practice,Admitted,,60
739-19-5155,13-10-2023,10:23:00,A. Baudichon,Female,73,Declined to Identify,General Practice,Admitted,0,30
677-14-1863,24-05-2024,09:35:00,B. Carvilla,Female,17,Declined to Identify,General Practice,Admitted,1,57
885-77-1156,12-06-2023,04:13:00,Q. Dun,Female,34,Declined to Identify,General Practice,Admitted,2,23
898-29-8913,19-04-2023,08:32:00,B. Champneys,Female,54,Declined to Identify,General Practice,Admitted,4,19
589-45-6897,29-07-2024,03:03:00,K. Burhill,Female,56,Declined to Identify,General Practice,Admitted,4,49
156-95-7483,06-09-2023,01:37:00,A. Barmadier,Female,27,Declined to Identify,General Practice,Admitted,6,49
215-81-1749,15-06-2024,04:32:00,N. Pidgeon,Female,18,Declined to Identify,General Practice,Admitted,7,57
676-68-0533,10-11-2023,11:43:00,O. Kinzett,Female,14,Declined to Identify,General Practice,Admitted,7,53
182-57-2436,27-08-2024,07:11:00,H. Stannas,Female,34,Declined to Identify,General Practice,Admitted,8,11
218-35-3191,29-05-2024,14:39:00,K. Jiroutka,Female,60,Declined to Identify,General Practice,Admitted,9,57
319-81-9733,03-05-2023,09:15:00,L. Bilton,Female,58,Declined to Identify,General Practice,Admitted,9,33
447-04-3850,28-07-2024,02:11:00,F. Lukianov,Female,37,Declined to Identify,General Practice,Admitted,10,49
157-79-9833,15-07-2023,11:06:00,X. Daubeny,Female,68,Declined to Identify,General Practice,Admitted,10,22
771-87-6088,24-08-2024,06:24:00,F. Biskup,Female,14,Declined to Identify,Neurology,Admitted,,22
332-35-8330,10-05-2024,04:55:00,O. Dolbey,Female,14,Declined to Identify,Neurology,Admitted,,19
870-81-2711,05-09-2024,12:39:00,O. Gally,Female,42,Declined to Identify,Neurology,Admitted,,60
846-18-6745,16-12-2023,19:33:00,R. Sellman,Female,68,Declined to Identify,Neurology,Admitted,,12
409-76-4070,20-08-2024,05:49:00,T. Urpeth,Female,39,Declined to Identify,Neurology,Admitted,,46
836-04-7358,29-06-2024,23:34:00,X. Proschek,Female,61,Declined to Identify,Neurology,Admitted,8,27
278-20-7716,29-12-2023,22:54:00,A. Frenzl,Female,20,Declined to Identify,None,Admitted,,23
791-23-7644,29-02-2024,06:45:00,A. Montford,Female,4,Declined to Identify,None,Admitted,,40
319-62-2474,20-07-2023,00:08:00,A. McPharlain,Female,22,Declined to Identify,None,Admitted,,45
746-63-8309,19-12-2023,19:47:00,B. Coughlan,Female,77,Declined to Identify,None,Admitted,,44
122-39-3967,23-10-2023,19:25:00,B. Whear,Female,45,Declined to Identify,None,Admitted,,56
676-97-6820,16-09-2024,08:30:00,C. Brittle,Female,63,Declined to Identify,None,Admitted,,11
516-70-7067,11-07-2023,17:23:00,C. McCahill,Female,17,Declined to Identify,None,Admitted,,18
188-83-5387,21-05-2024,05:07:00,C. Haydney,Female,5,Declined to Identify,None,Admitted,,24
807-87-8517,27-08-2023,18:00:00,D. McCrorie,Female,23,Declined to Identify,None,Admitted,,15
325-65-7104,01-04-2024,21:53:00,D. Golding,Female,72,Declined to Identify,None,Admitted,,51
120-16-5066,11-06-2023,08:18:00,E. Farny,Female,43,Declined to Identify,None,Admitted,,38
512-45-8835,15-05-2024,07:54:00,E. Titley,Female,26,Declined to Identify,None,Admitted,,49
547-62-9847,10-08-2024,11:33:00,E. Mensler,Female,43,Declined to Identify,None,Admitted,,57
324-96-4025,22-08-2024,04:15:00,F. Corpe,Female,30,Declined to Identify,None,Admitted,,29
234-22-0190,23-08-2024,17:40:00,F. Gorham,Female,15,Declined to Identify,None,Admitted,,33
428-45-4055,16-08-2024,21:18:00,F. Dunkerley,Female,49,Declined to Identify,None,Admitted,,39
498-50-8434,20-08-2024,13:23:00,F. Abramov,Female,69,Declined to Identify,None,Admitted,,48
508-43-6247,22-06-2023,06:39:00,F. Straneo,Female,7,Declined to Identify,None,Admitted,,55
358-58-0862,10-10-2023,01:43:00,F. Ghion,Female,6,Declined to Identify,None,Admitted,,60
688-95-8066,30-12-2023,21:28:00,G. Hearle,Female,26,Declined to Identify,None,Admitted,,14
309-43-8681,17-07-2024,04:58:00,G. Poveleye,Female,66,Declined to Identify,None,Admitted,,23
131-43-0412,06-04-2023,23:08:00,G. Whittle,Female,50,Declined to Identify,None,Admitted,,42
739-59-7499,17-08-2024,11:49:00,G. Edler,Female,12,Declined to Identify,None,Admitted,,54
508-63-2073,04-07-2023,08:19:00,G. Lepere,Female,4,Declined to Identify,None,Admitted,,58
872-78-1392,24-10-2024,04:00:00,H. Bakster,Female,7,Declined to Identify,None,Admitted,,10
527-55-3384,21-05-2023,17:49:00,H. Auton,Female,53,Declined to Identify,None,Admitted,,21
287-12-3149,28-08-2024,07:18:00,H. Lebarree,Female,64,Declined to Identify,None,Admitted,,32
851-59-7488,17-04-2024,14:12:00,H. O'Corrin,Female,18,Declined to Identify,None,Admitted,,52
799-77-3442,28-05-2024,03:22:00,H. Hamlyn,Female,16,Declined to Identify,None,Admitted,,54
241-92-0072,08-08-2024,00:35:00,I. Fayers,Female,36,Declined to Identify,None,Admitted,,12
186-57-3914,03-09-2023,09:55:00,I. Jean,Female,33,Declined to Identify,None,Admitted,,24
251-76-8762,05-10-2024,19:43:00,I. Cran,Female,67,Declined to Identify,None,Admitted,,32
645-79-2722,03-02-2024,10:38:00,I. McClounan,Female,27,Declined to Identify,None,Admitted,,33
631-58-0524,01-11-2023,19:20:00,I. Antliff,Female,58,Declined to Identify,None,Admitted,,50
142-07-6600,08-10-2024,18:09:00,J. Kees,Female,23,Declined to Identify,None,Admitted,,11
357-99-4836,04-11-2023,11:39:00,J. Troctor,Female,38,Declined to Identify,None,Admitted,,13
663-70-2265,12-12-2023,05:31:00,J. Wivell,Female,20,Declined to Identify,None,Admitted,,32
112-50-3721,19-01-2024,16:35:00,J. Morison,Female,16,Declined to Identify,None,Admitted,,60
282-75-0452,05-09-2024,19:13:00,K. Axtonne,Female,53,Declined to Identify,None,Admitted,,33
840-53-2866,09-11-2023,17:28:00,K. Jarrelt,Female,49,Declined to Identify,None,Admitted,,52
223-82-3503,16-09-2023,08:50:00,L. Toffaloni,Female,35,Declined to Identify,None,Admitted,,12
715-98-5017,14-11-2023,08:58:00,L. Handrock,Female,43,Declined to Identify,None,Admitted,,22
494-54-0566,24-06-2023,14:25:00,L. McKie,Female,61,Declined to Identify,None,Admitted,,34
505-40-5045,30-09-2023,12:53:00,L. Yerrington,Female,39,Declined to Identify,None,Admitted,,43
259-47-2459,12-06-2024,03:01:00,L. Lochead,Female,12,Declined to Identify,None,Admitted,,45
738-42-8501,25-08-2024,15:01:00,M. Brogi,Female,51,Declined to Identify,None,Admitted,,15
337-44-5677,16-05-2023,23:37:00,M. Spellissy,Female,72,Declined to Identify,None,Admitted,,31
799-50-9125,27-09-2024,15:58:00,N. Gecke,Female,41,Declined to Identify,None,Admitted,,19
674-41-4544,28-04-2024,16:59:00,N. Betho,Female,6,Declined to Identify,None,Admitted,,23
761-48-5086,22-09-2024,18:58:00,N. Stit,Female,12,Declined to Identify,None,Admitted,,33
747-74-1599,14-09-2023,21:24:00,N. Ricciardi,Female,23,Declined to Identify,None,Admitted,,34
774-99-4361,17-08-2023,09:45:00,N. Meredyth,Female,29,Declined to Identify,None,Admitted,,42
302-84-1379,27-06-2023,13:00:00,N. Brosius,Female,15,Declined to Identify,None,Admitted,,50
199-30-9296,15-06-2024,08:36:00,N. Banane,Female,41,Declined to Identify,None,Admitted,,58
777-10-1248,25-01-2024,08:58:00,O. Storres,Female,12,Declined to Identify,None,Admitted,,50
132-37-7813,15-11-2023,01:33:00,P. Ugo,Female,2,Declined to Identify,None,Admitted,,16
835-05-2062,18-05-2023,05:59:00,P. Ragless,Female,64,Declined to Identify,None,Admitted,,28
861-37-1476,17-09-2024,23:43:00,P. Corlett,Female,26,Declined to Identify,None,Admitted,,35
667-75-1707,17-08-2024,01:14:00,Q. Dufour,Female,68,Declined to Identify,None,Admitted,,25
438-41-3249,03-06-2023,05:45:00,Q. Trees,Female,7,Declined to Identify,None,Admitted,,29
787-92-5912,24-12-2023,08:25:00,S. Ternault,Female,3,Declined to Identify,None,Admitted,,17
249-17-8640,03-11-2023,14:53:00,S. Fickling,Female,69,Declined to Identify,None,Admitted,,35
647-24-1990,17-10-2024,14:16:00,S. Bazoge,Female,39,Declined to Identify,None,Admitted,,41
218-16-4997,01-03-2024,02:50:00,S. Rapper,Female,67,Declined to Identify,None,Admitted,,48
797-45-6464,06-09-2024,16:06:00,T. Ellison,Female,16,Declined to Identify,None,Admitted,,12
391-50-0482,08-08-2023,09:55:00,T. Overstone,Female,43,Declined to Identify,None,Admitted,,33
226-60-5768,14-10-2024,01:51:00,T. Brewer,Female,20,Declined to Identify,None,Admitted,,36
630-37-0673,22-08-2024,01:43:00,T. Fehely,Female,71,Declined to Identify,None,Admitted,,40
133-74-7626,22-06-2024,03:22:00,T. Lothean,Female,71,Declined to Identify,None,Admitted,,46
808-11-2211,26-08-2024,13:55:00,U. Collymore,Female,33,Declined to Identify,None,Admitted,,12
479-79-4569,24-10-2024,20:46:00,U. Sackey,Female,73,Declined to Identify,None,Admitted,,30
394-48-4997,01-05-2024,18:29:00,U. McClements,Female,67,Declined to Identify,None,Admitted,,41
575-13-4379,08-08-2023,00:32:00,V. Neaves,Female,18,Declined to Identify,None,Admitted,,34
266-36-0879,02-09-2023,20:03:00,V. Chaperling,Female,48,Declined to Identify,None,Admitted,,49
389-34-9801,29-10-2023,13:35:00,V. Bellino,Female,18,Declined to Identify,None,Admitted,,51
897-53-7110,12-07-2023,22:00:00,V. Gwatkin,Female,11,Declined to Identify,None,Admitted,,52
158-96-1115,10-03-2024,07:19:00,V. Crann,Female,20,Declined to Identify,None,Admitted,,54
778-79-4865,22-12-2023,06:43:00,W. Ferron,Female,78,Declined to Identify,None,Admitted,,15
830-11-9359,12-08-2024,20:32:00,W. Stoad,Female,71,Declined to Identify,None,Admitted,,20
700-40-2440,07-09-2023,23:11:00,W. Rimington,Female,22,Declined to Identify,None,Admitted,,37
166-42-6606,22-10-2024,04:47:00,W. Seres,Female,49,Declined to Identify,None,Admitted,,53
471-32-5168,13-05-2023,10:33:00,X. Poile,Female,46,Declined to Identify,None,Admitted,,27
609-31-7544,21-09-2024,22:15:00,X. Franchi,Female,74,Declined to Identify,None,Admitted,,34
695-42-0006,09-03-2024,05:53:00,Y. Nibley,Female,29,Declined to Identify,None,Admitted,,34
474-66-5740,03-02-2024,16:11:00,Y. Unthank,Female,42,Declined to Identify,None,Admitted,,45
203-52-8599,17-10-2024,15:45:00,Y. Fancutt,Female,37,Declined to Identify,None,Admitted,,52
302-12-2442,16-04-2023,04:38:00,Z. Punton,Female,14,Declined to Identify,None,Admitted,,12
253-17-6458,16-08-2023,10:14:00,Z. Touzey,Female,73,Declined to Identify,None,Admitted,,34
133-48-6468,25-05-2023,19:16:00,D. Bohlmann,Female,32,Declined to Identify,None,Admitted,0,30
182-88-7190,17-01-2024,17:08:00,X. Favill,Female,47,Declined to Identify,None,Admitted,0,52
365-46-9248,19-11-2023,11:56:00,J. Jenyns,Female,77,Declined to Identify,None,Admitted,1,56
669-58-8180,20-04-2023,16:36:00,L. Moynham,Female,56,Declined to Identify,None,Admitted,1,15
611-46-9532,15-09-2024,17:18:00,T. Comini,Female,37,Declined to Identify,None,Admitted,1,35
891-94-6941,13-07-2023,04:44:00,Y. Sanpher,Female,25,Declined to Identify,None,Admitted,1,20
357-17-7158,16-05-2023,20:32:00,Y. Keys,Female,79,Declined to Identify,None,Admitted,1,45
713-14-9027,12-06-2024,12:38:00,X. Kearsley,Female,1,Declined to Identify,None,Admitted,2,41
397-07-5239,12-11-2023,13:01:00,E. Haliday,Female,11,Declined to Identify,None,Admitted,3,57
353-90-2932,01-06-2023,04:32:00,P. Sangwin,Female,19,Declined to Identify,None,Admitted,3,10
766-41-7394,29-11-2023,21:32:00,S. Ogborne,Female,32,Declined to Identify,None,Admitted,3,34
101-13-4808,25-04-2023,01:36:00,V. Gowdridge,Female,30,Declined to Identify,None,Admitted,3,30
821-49-1763,11-08-2023,09:51:00,V. Bullent,Female,68,Declined to Identify,None,Admitted,3,34
633-10-2308,21-04-2023,10:20:00,F. Ruff,Female,19,Declined to Identify,None,Admitted,4,15
883-57-5626,17-06-2024,16:05:00,F. Roon,Female,41,Declined to Identify,None,Admitted,4,22
270-22-3564,05-06-2023,05:07:00,V. Swindall,Female,21,Declined to Identify,None,Admitted,4,26
561-60-1178,11-12-2023,14:23:00,C. Speedin,Female,72,Declined to Identify,None,Admitted,5,12
527-55-8690,13-03-2024,10:11:00,N. Chazier,Female,27,Declined to Identify,None,Admitted,5,48
320-82-5563,01-01-2024,08:57:00,S. Rubel,Female,5,Declined to Identify,None,Admitted,5,14
446-49-0800,12-08-2023,13:25:00,D. Thomazin,Female,65,Declined to Identify,None,Admitted,6,56
551-28-9613,18-01-2024,13:07:00,E. Yancey,Female,10,Declined to Identify,None,Admitted,6,18
370-96-9793,29-09-2023,14:54:00,L. Vernazza,Female,59,Declined to Identify,None,Admitted,7,25
756-61-8835,24-12-2023,23:11:00,Q. Emney,Female,72,Declined to Identify,None,Admitted,7,44
885-91-3054,03-02-2024,10:51:00,C. Bernhard,Female,23,Declined to Identify,None,Admitted,8,42
814-54-8172,16-04-2023,00:20:00,G. Younie,Female,31,Declined to Identify,None,Admitted,8,20
145-63-3518,13-07-2023,02:26:00,H. Devonald,Female,78,Declined to Identify,None,Admitted,8,38
292-38-8567,12-07-2024,06:29:00,K. Gianilli,Female,59,Declined to Identify,None,Admitted,8,32
614-78-5353,20-05-2023,08:48:00,R. Juza,Female,46,Declined to Identify,None,Admitted,9,31
800-88-0642,31-05-2024,04:27:00,Y. Sorel,Female,56,Declined to Identify,None,Admitted,9,12
433-91-7582,20-10-2024,14:29:00,C. Legge,Female,57,Declined to Identify,None,Admitted,10,15
516-29-6967,27-11-2023,10:29:00,O. Southey,Female,68,Declined to Identify,None,Admitted,10,49
789-52-9572,12-09-2024,12:47:00,Q. Wartonby,Female,32,Declined to Identify,None,Admitted,10,42
440-67-5765,31-10-2023,09:06:00,A. Pycock,Female,64,Declined to Identify,Orthopedics,Admitted,,10
849-21-8932,14-11-2023,13:13:00,A. Guido,Female,32,Declined to Identify,Orthopedics,Admitted,,17
845-19-4922,23-04-2023,18:00:00,A. Geffinger,Female,46,Declined to Identify,Orthopedics,Admitted,,47
727-18-5807,29-12-2023,03:34:00,C. Oluwatoyin,Female,53,Declined to Identify,Orthopedics,Admitted,,15
824-52-5925,07-05-2024,05:30:00,D. Sinnatt,Female,20,Declined to Identify,Orthopedics,Admitted,,24
393-79-0056,17-09-2024,16:26:00,G. Murkin,Female,75,Declined to Identify,Orthopedics,Admitted,,21
427-16-0688,06-04-2024,09:59:00,H. Snalum,Female,61,Declined to Identify,Orthopedics,Admitted,,29
758-91-1303,13-06-2023,01:22:00,H. Bailie,Female,77,Declined to Identify,Orthopedics,Admitted,,54
705-51-2537,04-01-2024,16:54:00,I. Olyet,Female,20,Declined to Identify,Orthopedics,Admitted,,43
671-57-3564,23-07-2023,04:14:00,K. Kelso,Female,40,Declined to Identify,Orthopedics,Admitted,,39
120-38-6188,16-05-2023,00:01:00,Q. Downage,Female,37,Declined to Identify,Orthopedics,Admitted,,23
235-32-0067,08-03-2024,09:06:00,X. Durrant,Female,69,Declined to Identify,Orthopedics,Admitted,,26
502-96-5841,27-11-2023,06:48:00,K. Blei,Female,8,Declined to Identify,Orthopedics,Admitted,0,31
501-24-3434,15-09-2023,19:24:00,K. Nelane,Female,60,Declined to Identify,Orthopedics,Admitted,2,28
386-77-8317,18-05-2024,09:32:00,Z. Mumbray,Female,55,Declined to Identify,Orthopedics,Admitted,3,57
370-63-5659,19-09-2023,22:33:00,R. Duce,Female,63,Declined to Identify,Orthopedics,Admitted,9,25
389-26-8766,23-11-2023,18:31:00,J. Peatt,Female,25,Declined to Identify,Orthopedics,Admitted,10,34
419-51-8905,13-11-2023,00:15:00,B. Correa,Female,10,Declined to Identify,Physiotherapy,Admitted,,49
505-82-8258,18-10-2023,08:51:00,K. Dewer,Female,27,Declined to Identify,Physiotherapy,Admitted,,48
351-90-2714,21-06-2023,07:08:00,N. Lambourne,Female,24,Declined to Identify,Physiotherapy,Admitted,,24
425-47-5893,19-10-2023,15:22:00,O. Scotson,Female,7,Declined to Identify,Physiotherapy,Admitted,,52
854-03-3896,18-08-2023,05:17:00,R. Housiaux,Female,30,Declined to Identify,Physiotherapy,Admitted,0,40
208-33-2877,19-05-2024,13:41:00,P. Chomicki,Female,1,Declined to Identify,Physiotherapy,Admitted,5,36
822-51-9844,06-09-2024,02:02:00,B. Pauletti,Female,11,Declined to Identify,Physiotherapy,Admitted,9,11
809-70-6273,08-10-2024,04:44:00,Y. Duddin,Female,73,Declined to Identify,Physiotherapy,Admitted,9,13
271-63-4659,12-09-2023,16:47:00,G. Wilshere,Female,13,Declined to Identify,Renal,Admitted,,40
622-03-5279,01-09-2023,06:31:00,B. Rouse,Female,24,Native American/Alaska Native,Cardiology,Admitted,,10
274-50-2717,09-12-2023,15:36:00,P. Nono,Female,17,Native American/Alaska Native,Cardiology,Admitted,4,16
779-02-5999,17-11-2023,12:08:00,W. Piatek,Female,68,Native American/Alaska Native,Cardiology,Admitted,9,38
185-10-7325,11-07-2024,21:22:00,I. Sibery,Female,59,Native American/Alaska Native,Cardiology,Admitted,10,21
714-75-9917,26-08-2024,18:12:00,Q. Denyukhin,Female,23,Native American/Alaska Native,Gastroenterology,Admitted,,34
869-79-1999,17-04-2023,16:43:00,Z. Headingham,Female,54,Native American/Alaska Native,Gastroenterology,Admitted,,49
652-16-1081,07-07-2023,13:02:00,Z. Perotti,Female,59,Native American/Alaska Native,Gastroenterology,Admitted,9,38
735-07-3139,19-08-2024,01:54:00,D. Kroll,Female,29,Native American/Alaska Native,General Practice,Admitted,,20
480-81-1461,07-03-2024,21:41:00,D. McKim,Female,30,Native American/Alaska Native,General Practice,Admitted,,22
437-24-0212,02-05-2024,14:20:00,J. Embery,Female,56,Native American/Alaska Native,General Practice,Admitted,,15
339-15-9922,08-06-2023,11:06:00,J. Jina,Female,36,Native American/Alaska Native,General Practice,Admitted,,42
334-71-3297,05-09-2023,20:05:00,N. Cavolini,Female,44,Native American/Alaska Native,General Practice,Admitted,,27
374-34-0979,01-07-2023,10:03:00,N. Bodman,Female,5,Native American/Alaska Native,General Practice,Admitted,,57
222-40-5966,04-10-2023,20:48:00,Q. Parkins,Female,54,Native American/Alaska Native,General Practice,Admitted,,60
567-42-0057,22-10-2023,03:10:00,U. Champerlen,Female,24,Native American/Alaska Native,General Practice,Admitted,,41
173-93-6685,07-05-2024,02:18:00,V. Brimacombe,Female,39,Native American/Alaska Native,General Practice,Admitted,,36
544-61-3704,10-08-2024,22:50:00,V. Jennery,Female,28,Native American/Alaska Native,General Practice,Admitted,,55
441-49-3611,16-04-2024,12:36:00,X. Brymner,Female,49,Native American/Alaska Native,General Practice,Admitted,,14
357-79-8153,05-03-2024,23:52:00,Z. Gabbatt,Female,2,Native American/Alaska Native,General Practice,Admitted,,29
671-01-8634,15-01-2024,05:30:00,G. Corneille,Female,49,Native American/Alaska Native,General Practice,Admitted,1,11
640-23-3968,24-03-2024,18:05:00,C. Adiscot,Female,38,Native American/Alaska Native,General Practice,Admitted,2,60
692-57-0575,11-07-2023,18:44:00,X. Skillington,Female,60,Native American/Alaska Native,General Practice,Admitted,3,13
778-04-2774,02-05-2023,18:54:00,I. McCrohon,Female,50,Native American/Alaska Native,General Practice,Admitted,10,38
272-51-8307,12-05-2024,03:41:00,E. MacManus,Female,30,Native American/Alaska Native,Neurology,Admitted,,45
403-08-7603,30-05-2024,07:53:00,J. Horley,Female,40,Native American/Alaska Native,Neurology,Admitted,,39
507-25-2094,15-12-2023,11:02:00,O. Ruusa,Female,63,Native American/Alaska Native,Neurology,Admitted,,45
688-14-6386,03-03-2024,04:23:00,Z. Kondratenya,Female,53,Native American/Alaska Native,Neurology,Admitted,,29
214-14-5146,03-10-2023,15:45:00,A. Clissett,Female,2,Native American/Alaska Native,None,Admitted,,21
779-67-4873,24-11-2023,00:14:00,B. Godin,Female,60,Native American/Alaska Native,None,Admitted,,36
707-43-3573,21-06-2024,13:58:00,C. Possell,Female,63,Native American/Alaska Native,None,Admitted,,12
261-67-8550,08-06-2023,15:31:00,C. Grouse,Female,54,Native American/Alaska Native,None,Admitted,,39
652-52-1081,05-08-2024,15:39:00,C. Higgoe,Female,13,Native American/Alaska Native,None,Admitted,,55
140-42-5675,19-05-2023,23:41:00,C. Gilbane,Female,75,Native American/Alaska Native,None,Admitted,,56
365-20-5803,26-07-2023,19:09:00,D. Cowley,Female,6,Native American/Alaska Native,None,Admitted,,41
106-91-2707,18-03-2024,13:46:00,D. Hark,Female,47,Native American/Alaska Native,None,Admitted,,45
134-19-0064,02-12-2023,08:44:00,D. Boston,Female,66,Native American/Alaska Native,None,Admitted,,54
743-65-7031,17-12-2023,20:01:00,E. Pontefract,Female,48,Native American/Alaska Native,None,Admitted,,19
114-19-2731,27-08-2023,15:20:00,E. Hinstridge,Female,8,Native American/Alaska Native,None,Admitted,,52
789-98-0501,26-02-2024,10:01:00,F. Dring,Female,73,Native American/Alaska Native,None,Admitted,,51
410-83-6667,02-05-2023,16:36:00,G. Paireman,Female,22,Native American/Alaska Native,None,Admitted,,39
644-25-4233,23-10-2024,13:06:00,G. Perritt,Female,75,Native American/Alaska Native,None,Admitted,,47
876-95-4867,27-06-2024,12:00:00,I. Macrow,Female,8,Native American/Alaska Native,None,Admitted,,21
842-46-5824,23-01-2024,11:26:00,J. Roots,Female,15,Native American/Alaska Native,None,Admitted,,52
105-01-3380,16-12-2023,17:31:00,K. Donwell,Female,19,Native American/Alaska Native,None,Admitted,,36
647-14-8894,06-04-2023,04:09:00,M. Jukes,Female,28,Native American/Alaska Native,None,Admitted,,21
388-61-6417,28-04-2024,21:38:00,N. Coggill,Female,11,Native American/Alaska Native,None,Admitted,,32
351-50-7892,21-09-2023,19:46:00,N. Eastam,Female,2,Native American/Alaska Native,None,Admitted,,47
798-24-0921,23-05-2023,02:18:00,O. Aveson,Female,37,Native American/Alaska Native,None,Admitted,,21
643-52-5908,10-05-2024,15:22:00,O. Thorne,Female,69,Native American/Alaska Native,None,Admitted,,29
432-47-7792,30-09-2024,07:58:00,O. Morando,Female,35,Native American/Alaska Native,None,Admitted,,57
678-20-5521,04-10-2023,17:08:00,P. Bracegirdle,Female,2,Native American/Alaska Native,None,Admitted,,35
674-35-6836,09-03-2024,06:51:00,P. Friary,Female,31,Native American/Alaska Native,None,Admitted,,44
535-57-0086,27-12-2023,12:20:00,P. Rogeron,Female,72,Native American/Alaska Native,None,Admitted,,52
829-43-6222,26-11-2023,08:20:00,Q. McElree,Female,41,Native American/Alaska Native,None,Admitted,,51
600-85-2869,30-07-2024,23:28:00,R. Harbar,Female,10,Native American/Alaska Native,None,Admitted,,20
717-27-3125,29-03-2024,12:55:00,R. Gertz,Female,65,Native American/Alaska Native,None,Admitted,,25
355-62-4781,15-02-2024,14:34:00,R. Bwy,Female,71,Native American/Alaska Native,None,Admitted,,42
315-72-4283,04-04-2024,04:19:00,R. Shovlar,Female,15,Native American/Alaska Native,None,Admitted,,44
366-24-6440,02-03-2024,15:47:00,S. Dubois,Female,44,Native American/Alaska Native,None,Admitted,,14
412-07-8001,12-02-2024,00:29:00,S. Sivewright,Female,40,Native American/Alaska Native,None,Admitted,,16
596-94-3459,09-07-2024,11:54:00,S. Dabney,Female,50,Native American/Alaska Native,None,Admitted,,27
682-16-7744,29-07-2023,07:05:00,S. Huntar,Female,23,Native American/Alaska Native,None,Admitted,,38
257-54-0881,05-05-2023,19:12:00,T. Kinane,Female,40,Native American/Alaska Native,None,Admitted,,32
805-76-9726,28-09-2023,04:20:00,W. Agett,Female,13,Native American/Alaska Native,None,Admitted,,29
575-53-0156,24-05-2024,04:16:00,W. Stores,Female,33,Native American/Alaska Native,None,Admitted,,60
739-67-4991,13-08-2024,17:29:00,X. Varnes,Female,50,Native American/Alaska Native,None,Admitted,,42
645-48-6279,01-10-2024,02:20:00,X. Tour,Female,24,Native American/Alaska Native,None,Admitted,,53
267-83-1118,18-09-2024,02:44:00,Y. Paviour,Female,60,Native American/Alaska Native,None,Admitted,,20
896-96-6112,24-03-2024,08:12:00,Z. Spread,Female,53,Native American/Alaska Native,None,Admitted,,14
828-16-0841,13-10-2023,06:35:00,Z. Eake,Female,36,Native American/Alaska Native,None,Admitted,,33
317-63-5565,10-08-2024,18:59:00,Z. Berthelmot,Female,67,Native American/Alaska Native,None,Admitted,,44
851-43-5041,02-10-2024,18:09:00,Z. Bearman,Female,62,Native American/Alaska Native,None,Admitted,,47
696-30-0533,25-04-2023,23:33:00,T. Ervine,Female,22,Native American/Alaska Native,None,Admitted,0,51
684-50-5707,11-06-2024,20:06:00,H. Delort,Female,60,Native American/Alaska Native,None,Admitted,1,46
710-15-9516,24-06-2024,15:48:00,N. Cardow,Female,79,Native American/Alaska Native,None,Admitted,1,23
503-41-1563,14-01-2024,04:06:00,H. Sims,Female,34,Native American/Alaska Native,None,Admitted,2,20
779-47-3338,08-04-2024,02:52:00,J. Hinge,Female,39,Native American/Alaska Native,None,Admitted,2,54
718-85-1686,09-10-2023,23:47:00,K. Aleixo,Female,61,Native American/Alaska Native,None,Admitted,3,31
234-89-6647,21-02-2024,15:42:00,P. Sapey,Female,47,Native American/Alaska Native,None,Admitted,3,29
541-24-1870,19-05-2024,08:27:00,Q. Hedney,Female,32,Native American/Alaska Native,None,Admitted,3,60
173-94-4958,03-11-2023,06:18:00,A. Bevan,Female,51,Native American/Alaska Native,None,Admitted,4,27
628-49-9090,11-05-2024,19:28:00,N. Quantrill,Female,29,Native American/Alaska Native,None,Admitted,5,30
172-05-6912,07-06-2023,13:38:00,N. Birtwell,Female,65,Native American/Alaska Native,None,Admitted,6,43
842-24-1245,09-07-2024,01:18:00,S. Toothill,Female,33,Native American/Alaska Native,None,Admitted,6,59
644-58-3446,15-09-2023,07:18:00,G. Felton,Female,3,Native American/Alaska Native,None,Admitted,7,36
171-05-8116,16-05-2023,13:14:00,L. Pietzker,Female,12,Native American/Alaska Native,None,Admitted,7,39
346-70-4846,24-08-2023,13:39:00,M. Paris,Female,68,Native American/Alaska Native,None,Admitted,7,33
563-07-4845,21-06-2024,05:18:00,S. MacFaul,Female,17,Native American/Alaska Native,None,Admitted,7,11
551-01-4099,11-09-2023,06:23:00,G. Meconi,Female,5,Native American/Alaska Native,None,Admitted,9,51
791-19-6812,05-08-2023,13:54:00,F. Passfield,Female,77,Native American/Alaska Native,Orthopedics,Admitted,,39
585-31-9711,20-05-2024,23:42:00,H. Dagger,Female,3,Native American/Alaska Native,Orthopedics,Admitted,,37
236-90-6692,13-09-2023,20:52:00,I. Stentiford,Female,62,Native American/Alaska Native,Orthopedics,Admitted,,29
778-77-6945,10-07-2023,13:52:00,M. Bradnick,Female,30,Native American/Alaska Native,Orthopedics,Admitted,,56
718-51-6818,19-02-2024,03:55:00,R. Cadalleder,Female,54,Native American/Alaska Native,Orthopedics,Admitted,,15
685-14-2682,01-04-2024,16:44:00,V. Mityakov,Female,37,Native American/Alaska Native,Orthopedics,Admitted,,20
331-79-8648,30-10-2024,00:29:00,W. Ayerst,Female,36,Native American/Alaska Native,Orthopedics,Admitted,,47
176-79-9558,22-01-2024,09:16:00,X. Woolmington,Female,43,Native American/Alaska Native,Orthopedics,Admitted,,24
236-71-7697,15-01-2024,09:16:00,Y. Battabee,Female,36,Native American/Alaska Native,Orthopedics,Admitted,,34
557-52-3003,23-06-2024,15:36:00,K. Dupree,Female,9,Native American/Alaska Native,Orthopedics,Admitted,3,38
240-88-0226,22-04-2024,17:34:00,P. Christofides,Female,34,Native American/Alaska Native,Orthopedics,Admitted,10,12
765-08-2861,30-11-2023,01:48:00,S. Origan,Female,34,Native American/Alaska Native,Physiotherapy,Admitted,,15
575-96-8201,20-06-2023,23:37:00,S. Windows,Female,10,Native American/Alaska Native,Physiotherapy,Admitted,,43
438-37-8380,13-10-2024,18:07:00,K. Grotty,Female,15,Native American/Alaska Native,Physiotherapy,Admitted,2,31
772-41-7899,22-08-2023,06:50:00,L. McKiernan,Female,74,Native American/Alaska Native,Renal,Admitted,,30
175-49-8550,01-01-2024,21:00:00,B. Nisot,Female,63,Pacific Islander,Cardiology,Admitted,,36
796-12-8821,21-11-2023,12:08:00,I. Laval,Female,4,Pacific Islander,Cardiology,Admitted,,25
382-86-3011,18-06-2024,21:25:00,I. Shrigley,Female,56,Pacific Islander,Cardiology,Admitted,,55
543-41-5786,11-04-2024,07:05:00,I. Delooze,Female,36,Pacific Islander,Cardiology,Admitted,4,50
566-28-9444,18-07-2023,21:58:00,H. Steed,Female,31,Pacific Islander,Gastroenterology,Admitted,,40
636-98-7660,08-05-2023,14:50:00,L. Huddlestone,Female,8,Pacific Islander,Gastroenterology,Admitted,,19
412-01-5770,05-06-2023,00:51:00,Z. Dummett,Female,48,Pacific Islander,Gastroenterology,Admitted,,41
453-74-7317,15-04-2023,21:33:00,P. Bielfelt,Female,35,Pacific Islander,Gastroenterology,Admitted,1,52
347-80-9765,16-12-2023,02:40:00,G. Such,Female,77,Pacific Islander,Gastroenterology,Admitted,9,33
660-37-9784,12-12-2023,19:13:00,A. Childe,Female,64,Pacific Islander,General Practice,Admitted,,12
206-36-2849,29-08-2024,14:31:00,B. Downgate,Female,37,Pacific Islander,General Practice,Admitted,,25
771-83-1882,15-04-2024,03:55:00,B. Salazar,Female,79,Pacific Islander,General Practice,Admitted,,49
876-08-4748,27-06-2024,16:47:00,C. Stonier,Female,72,Pacific Islander,General Practice,Admitted,,39
119-60-4337,05-03-2024,21:27:00,D. Tenaunt,Female,30,Pacific Islander,General Practice,Admitted,,57
320-34-9500,01-10-2023,16:23:00,E. Spavon,Female,57,Pacific Islander,General Practice,Admitted,,30
386-71-7116,05-08-2023,11:32:00,F. Meere,Female,15,Pacific Islander,General Practice,Admitted,,57
484-88-1995,19-10-2024,13:14:00,G. Eyree,Female,28,Pacific Islander,General Practice,Admitted,,53
169-95-8829,13-09-2023,03:51:00,I. Viggars,Female,49,Pacific Islander,General Practice,Admitted,,25
831-70-8489,15-06-2023,04:11:00,O. Wilmot,Female,43,Pacific Islander,General Practice,Admitted,,26
512-55-4105,22-12-2023,21:36:00,O. Boadby,Female,20,Pacific Islander,General Practice,Admitted,,53
125-09-6516,27-10-2023,09:26:00,P. Suddock,Female,39,Pacific Islander,General Practice,Admitted,,52
624-42-2108,24-05-2023,15:57:00,R. Cops,Female,44,Pacific Islander,General Practice,Admitted,,55
886-49-6550,24-08-2024,06:41:00,U. Gravatt,Female,76,Pacific Islander,General Practice,Admitted,,51
885-79-8466,28-03-2024,05:49:00,U. Bannon,Female,9,Pacific Islander,General Practice,Admitted,,56
503-84-6900,20-07-2023,10:31:00,W. Dionisetto,Female,79,Pacific Islander,General Practice,Admitted,,51
202-78-6117,02-09-2024,22:01:00,Y. Le Quesne,Female,40,Pacific Islander,General Practice,Admitted,,23
887-55-2985,28-04-2024,03:14:00,Z. Warkup,Female,56,Pacific Islander,General Practice,Admitted,,36
376-90-4227,04-04-2024,21:18:00,Q. Boulding,Female,71,Pacific Islander,General Practice,Admitted,0,12
217-16-4283,16-06-2023,15:57:00,G. Tewnion,Female,39,Pacific Islander,General Practice,Admitted,2,46
853-31-7161,06-11-2023,19:02:00,M. Fairholme,Female,43,Pacific Islander,General Practice,Admitted,4,12
475-84-2128,06-02-2024,07:13:00,E. Ivatts,Female,58,Pacific Islander,General Practice,Admitted,7,24
652-09-6792,04-10-2024,21:29:00,E. Pochin,Female,48,Pacific Islander,General Practice,Admitted,8,59
196-92-5233,18-10-2024,05:51:00,L. Kellert,Female,71,Pacific Islander,Neurology,Admitted,,42
100-79-0109,27-02-2024,04:51:00,P. Ulyatt,Female,19,Pacific Islander,Neurology,Admitted,,36
725-40-8184,02-04-2023,21:32:00,X. Hebborn,Female,71,Pacific Islander,Neurology,Admitted,,31
123-30-8939,30-07-2024,15:43:00,V. Nuzzti,Female,61,Pacific Islander,Neurology,Admitted,7,25
496-35-0982,01-04-2024,11:39:00,A. Hamblett,Female,42,Pacific Islander,None,Admitted,,44
575-80-2143,03-05-2023,12:50:00,B. Swayte,Female,11,Pacific Islander,None,Admitted,,10
113-39-4847,19-12-2023,20:24:00,B. Brixey,Female,74,Pacific Islander,None,Admitted,,21
348-95-6447,07-07-2024,01:49:00,B. Mylchreest,Female,71,Pacific Islander,None,Admitted,,28
409-53-7660,24-10-2024,07:57:00,C. Edgars,Female,21,Pacific Islander,None,Admitted,,17
492-30-2957,21-10-2024,15:42:00,C. Curds,Female,74,Pacific Islander,None,Admitted,,24
201-80-9036,31-10-2023,20:27:00,D. Inchan,Female,43,Pacific Islander,None,Admitted,,44
349-94-3914,21-07-2024,03:31:00,E. Rosenblatt,Female,53,Pacific Islander,None,Admitted,,24
234-79-5254,25-08-2023,18:00:00,E. Coners,Female,40,Pacific Islander,None,Admitted,,37
540-45-8628,26-09-2023,07:30:00,E. Arnison,Female,50,Pacific Islander,None,Admitted,,47
286-41-1662,29-06-2024,23:58:00,F. Yeeles,Female,78,Pacific Islander,None,Admitted,,24
494-59-8595,13-07-2024,08:34:00,F. Yakuntsov,Female,29,Pacific Islander,None,Admitted,,52
200-32-6622,27-07-2023,01:09:00,G. Marran,Female,17,Pacific Islander,None,Admitted,,12
606-92-9021,19-04-2023,20:37:00,G. Kippin,Female,26,Pacific Islander,None,Admitted,,30
526-34-7706,11-07-2024,11:09:00,G. Moulin,Female,54,Pacific Islander,None,Admitted,,30
822-19-3298,18-07-2023,10:35:00,H. Lorens,Female,25,Pacific Islander,None,Admitted,,15
595-28-1466,28-06-2023,06:58:00,H. Shimman,Female,43,Pacific Islander,None,Admitted,,19
146-92-9842,01-08-2023,14:09:00,H. Luce,Female,21,Pacific Islander,None,Admitted,,28
116-88-1470,28-06-2023,15:55:00,H. Treece,Female,26,Pacific Islander,None,Admitted,,45
735-26-5245,13-06-2024,18:31:00,I. Kach,Female,6,Pacific Islander,None,Admitted,,28
286-72-6973,03-10-2024,23:14:00,I. Hollebon,Female,26,Pacific Islander,None,Admitted,,30
371-27-7072,10-04-2023,03:28:00,I. Pycock,Female,24,Pacific Islander,None,Admitted,,48
841-52-4923,20-06-2024,23:33:00,I. Temblett,Female,31,Pacific Islander,None,Admitted,,48
356-46-2421,05-04-2024,13:41:00,J. Choake,Female,25,Pacific Islander,None,Admitted,,30
665-17-4438,09-10-2023,23:48:00,J. Betonia,Female,68,Pacific Islander,None,Admitted,,51
794-71-6876,25-08-2024,08:45:00,J. McCaghan,Female,68,Pacific Islander,None,Admitted,,56
508-97-0026,06-08-2023,01:38:00,K. Burree,Female,12,Pacific Islander,None,Admitted,,13
634-26-5317,03-08-2023,10:51:00,M. Bruyntjes,Female,2,Pacific Islander,None,Admitted,,42
103-82-8447,23-10-2024,01:08:00,M. Baldwin,Female,8,Pacific Islander,None,Admitted,,52
291-85-3197,12-07-2023,04:39:00,O. Guerin,Female,62,Pacific Islander,None,Admitted,,10
793-79-7063,10-09-2023,04:04:00,O. Cunnell,Female,66,Pacific Islander,None,Admitted,,21
756-97-8919,02-04-2024,20:22:00,O. Cornuau,Female,6,Pacific Islander,None,Admitted,,23
425-09-9414,27-02-2024,23:17:00,P. Jelphs,Female,13,Pacific Islander,None,Admitted,,16
287-25-4664,18-01-2024,20:15:00,P. Fleckness,Female,37,Pacific Islander,None,Admitted,,39
881-82-8123,18-10-2024,16:30:00,Q. Netherwood,Female,21,Pacific Islander,None,Admitted,,12
568-19-3778,09-06-2023,11:02:00,Q. Ullock,Female,59,Pacific Islander,None,Admitted,,27
123-69-0013,25-11-2023,13:19:00,Q. Dobbie,Female,17,Pacific Islander,None,Admitted,,32
329-62-8828,29-05-2024,11:06:00,Q. Moulsdall,Female,20,Pacific Islander,None,Admitted,,37
408-05-7112,08-04-2023,12:34:00,R. Nevinson,Female,73,Pacific Islander,None,Admitted,,40
842-23-8616,30-08-2023,19:52:00,R. Skerman,Female,47,Pacific Islander,None,Admitted,,56
476-51-4466,17-01-2024,16:52:00,S. Bullan,Female,69,Pacific Islander,None,Admitted,,31
762-64-4163,11-04-2023,00:51:00,T. Cookson,Female,73,Pacific Islander,None,Admitted,,16
308-06-0949,28-12-2023,11:20:00,T. Fetter,Female,21,Pacific Islander,None,Admitted,,49
330-63-9568,02-02-2024,23:58:00,U. Mungane,Female,24,Pacific Islander,None,Admitted,,37
846-43-9311,15-09-2024,12:42:00,V. McIlwrath,Female,16,Pacific Islander,None,Admitted,,16
349-54-7421,19-05-2024,16:36:00,V. Leeves,Female,54,Pacific Islander,None,Admitted,,34
804-61-6179,26-02-2024,19:37:00,V. Stable,Female,50,Pacific Islander,None,Admitted,,60
787-25-2151,20-05-2024,02:46:00,W. Chaldecott,Female,41,Pacific Islander,None,Admitted,,19
316-12-4150,28-06-2024,12:23:00,X. Haskell,Female,9,Pacific Islander,None,Admitted,,10
777-62-1853,26-06-2023,16:52:00,X. Calken,Female,28,Pacific Islander,None,Admitted,,12
160-37-1828,17-12-2023,17:01:00,X. Roney,Female,58,Pacific Islander,None,Admitted,,18
871-25-8116,07-09-2024,04:06:00,Y. Izzat,Female,54,Pacific Islander,None,Admitted,,60
638-34-1905,30-09-2023,19:29:00,S. Reichelt,Female,36,Pacific Islander,None,Admitted,0,24
536-06-9507,17-04-2024,14:22:00,K. Kezar,Female,4,Pacific Islander,None,Admitted,1,48
718-96-7799,27-03-2024,05:14:00,V. Hise,Female,63,Pacific Islander,None,Admitted,2,28
873-15-6021,11-05-2023,22:47:00,X. Yerson,Female,51,Pacific Islander,None,Admitted,2,20
836-68-7524,22-05-2023,06:07:00,Y. Eisak,Female,4,Pacific Islander,None,Admitted,3,60
790-85-7398,21-08-2024,09:25:00,H. Jerdon,Female,41,Pacific Islander,None,Admitted,4,32
250-29-5036,06-10-2023,05:56:00,Z. Lesurf,Female,61,Pacific Islander,None,Admitted,4,56
703-85-9077,22-06-2024,19:36:00,O. Chezier,Female,25,Pacific Islander,None,Admitted,5,21
454-65-2158,14-12-2023,23:27:00,B. Roberts,Female,9,Pacific Islander,None,Admitted,6,55
547-78-9010,13-06-2023,19:45:00,J. Trippett,Female,34,Pacific Islander,None,Admitted,6,24
693-73-0619,09-01-2024,23:52:00,U. Danforth,Female,65,Pacific Islander,None,Admitted,6,13
250-68-0102,09-08-2024,09:28:00,F. Burgane,Female,25,Pacific Islander,None,Admitted,7,34
202-47-7663,06-05-2024,04:47:00,G. Scarrott,Female,30,Pacific Islander,None,Admitted,7,33
134-14-0013,28-11-2023,23:46:00,D. Slayton,Female,31,Pacific Islander,None,Admitted,8,14
628-74-0109,20-07-2023,20:28:00,H. Seiller,Female,26,Pacific Islander,None,Admitted,8,39
388-99-0499,22-05-2024,13:55:00,S. Millins,Female,40,Pacific Islander,None,Admitted,8,36
100-21-9648,17-01-2024,18:53:00,W. Marran,Female,39,Pacific Islander,None,Admitted,8,22
188-79-4026,16-10-2023,05:23:00,T. Sange,Female,78,Pacific Islander,None,Admitted,9,39
738-93-2682,06-08-2024,17:04:00,F. Poulney,Female,49,Pacific Islander,None,Admitted,10,28
636-95-9318,27-04-2023,22:05:00,U. Redsull,Female,65,Pacific Islander,None,Admitted,10,25
894-86-2329,01-08-2023,22:50:00,W. Newe,Female,53,Pacific Islander,None,Admitted,10,32
540-19-1275,20-01-2024,22:53:00,B. Elford,Female,3,Pacific Islander,Orthopedics,Admitted,,54
675-74-3483,17-12-2023,23:44:00,C. Berge,Female,23,Pacific Islander,Orthopedics,Admitted,,19
852-57-5614,24-02-2024,15:35:00,D. Bury,Female,78,Pacific Islander,Orthopedics,Admitted,,37
524-47-8147,13-06-2023,20:57:00,E. Tonn,Female,33,Pacific Islander,Orthopedics,Admitted,,23
793-29-8977,28-07-2024,07:27:00,E. Gentric,Female,49,Pacific Islander,Orthopedics,Admitted,,39
164-06-4233,15-10-2023,21:26:00,E. Bome,Female,59,Pacific Islander,Orthopedics,Admitted,,43
609-45-7579,24-06-2023,14:23:00,J. Hassett,Female,53,Pacific Islander,Orthopedics,Admitted,,40
602-33-5974,27-10-2023,19:32:00,J. Cottey,Female,59,Pacific Islander,Orthopedics,Admitted,,60
447-48-2336,05-10-2023,04:36:00,P. Girk,Female,56,Pacific Islander,Orthopedics,Admitted,,20
701-53-5762,07-04-2023,21:38:00,R. Fennelly,Female,22,Pacific Islander,Orthopedics,Admitted,,19
607-74-7649,30-11-2023,21:14:00,U. Copperwaite,Female,49,Pacific Islander,Orthopedics,Admitted,,24
426-96-0135,05-05-2023,22:52:00,V. Merrilees,Female,14,Pacific Islander,Orthopedics,Admitted,,60
408-56-0055,17-09-2024,16:19:00,W. MacMenamin,Female,55,Pacific Islander,Orthopedics,Admitted,,14
316-10-9824,12-09-2023,08:35:00,Z. Pinnegar,Female,55,Pacific Islander,Orthopedics,Admitted,,13
439-72-3934,01-03-2024,02:31:00,C. Morby,Female,20,Pacific Islander,Orthopedics,Admitted,8,22
394-51-8661,19-12-2023,02:11:00,F. Lepick,Female,20,Pacific Islander,Orthopedics,Admitted,9,38
696-86-5614,10-07-2024,12:32:00,L. Winfrey,Female,44,Pacific Islander,Orthopedics,Admitted,9,15
807-90-1810,26-01-2024,13:02:00,B. Whitemarsh,Female,69,Pacific Islander,Physiotherapy,Admitted,,33
624-25-1217,21-09-2024,19:30:00,Q. Maypother,Female,68,Pacific Islander,Physiotherapy,Admitted,,58
574-71-0301,21-04-2024,04:12:00,W. Gherardelli,Female,23,Pacific Islander,Physiotherapy,Admitted,,23
155-41-5849,30-12-2023,12:01:00,X. Cajkler,Female,42,Pacific Islander,Physiotherapy,Admitted,,43
871-08-2820,19-01-2024,02:50:00,H. Whisson,Female,16,Pacific Islander,Physiotherapy,Admitted,3,44
595-96-0100,14-09-2023,14:12:00,P. Dacey,Female,39,Pacific Islander,Physiotherapy,Admitted,5,41
858-83-5629,24-11-2023,08:02:00,B. Zanardii,Female,42,Two or More Races,Cardiology,Admitted,,26
726-05-1906,27-08-2023,06:07:00,B. Weatherburn,Female,47,Two or More Races,Cardiology,Admitted,,46
435-96-0077,27-11-2023,03:45:00,C. Grinsdale,Female,71,Two or More Races,Cardiology,Admitted,,60
570-81-5633,23-07-2023,16:41:00,D. Balm,Female,74,Two or More Races,Cardiology,Admitted,,48
407-58-6440,24-06-2024,12:48:00,G. Meneyer,Female,1,Two or More Races,Cardiology,Admitted,,55
576-57-4936,01-06-2023,09:24:00,Q. Headingham,Female,23,Two or More Races,Cardiology,Admitted,,23
845-94-0950,03-05-2023,19:49:00,U. Bloy,Female,63,Two or More Races,Cardiology,Admitted,,25
391-91-5708,27-06-2024,22:55:00,X. Rumble,Female,79,Two or More Races,Cardiology,Admitted,,43
849-31-8796,30-12-2023,13:09:00,M. Venn,Female,24,Two or More Races,Cardiology,Admitted,4,36
267-84-6280,11-04-2023,08:19:00,L. Rising,Female,57,Two or More Races,Cardiology,Admitted,10,47
564-82-4273,05-10-2023,06:59:00,H. Neller,Female,26,Two or More Races,Gastroenterology,Admitted,,29
848-76-6406,07-10-2024,09:12:00,J. Rollinson,Female,54,Two or More Races,Gastroenterology,Admitted,,37
209-04-5455,01-05-2023,17:09:00,L. Booley,Female,18,Two or More Races,Gastroenterology,Admitted,,35
597-65-0647,28-08-2024,13:51:00,L. Pacht,Female,47,Two or More Races,Gastroenterology,Admitted,,59
804-99-0470,04-04-2024,02:20:00,Y. Breddy,Female,46,Two or More Races,Gastroenterology,Admitted,,22
496-71-2879,11-04-2023,21:06:00,J. Braham,Female,1,Two or More Races,Gastroenterology,Admitted,6,21
854-85-3729,04-09-2023,18:42:00,A. Drinnan,Female,78,Two or More Races,General Practice,Admitted,,17
893-64-0686,03-03-2024,20:25:00,A. Rudolfer,Female,71,Two or More Races,General Practice,Admitted,,46
372-13-6382,27-06-2023,21:43:00,A. Lethieulier,Female,69,Two or More Races,General Practice,Admitted,,48
301-70-6477,31-05-2023,07:03:00,A. Spitaro,Female,9,Two or More Races,General Practice,Admitted,,59
435-18-2227,16-09-2023,11:21:00,B. Kreber,Female,28,Two or More Races,General Practice,Admitted,,16
782-38-8963,22-01-2024,04:48:00,B. Bricksey,Female,76,Two or More Races,General Practice,Admitted,,40
135-38-8450,24-06-2023,20:53:00,B. Carlet,Female,71,Two or More Races,General Practice,Admitted,,54
809-24-5383,13-02-2024,05:03:00,B. Beney,Female,26,Two or More Races,General Practice,Admitted,,55
378-53-6554,09-07-2024,22:44:00,C. Londors,Female,60,Two or More Races,General Practice,Admitted,,14
154-08-0049,02-08-2023,06:34:00,C. Fergie,Female,17,Two or More Races,General Practice,Admitted,,37
621-38-3484,11-05-2023,07:36:00,D. Abbatt,Female,70,Two or More Races,General Practice,Admitted,,12
744-49-8061,20-07-2023,11:54:00,D. Stanbro,Female,41,Two or More Races,General Practice,Admitted,,47
176-29-2963,09-05-2023,02:49:00,D. Ernke,Female,8,Two or More Races,General Practice,Admitted,,57
778-42-7837,26-07-2023,22:19:00,D. Sheivels,Female,78,Two or More Races,General Practice,Admitted,,57
636-97-9988,19-04-2023,02:02:00,E. Salack,Female,46,Two or More Races,General Practice,Admitted,,32
373-44-2396,23-12-2023,19:35:00,F. Milhench,Female,70,Two or More Races,General Practice,Admitted,,14
332-89-8975,14-04-2023,02:00:00,F. Dregan,Female,56,Two or More Races,General Practice,Admitted,,15
542-95-0022,03-08-2023,22:52:00,F. Rosson,Female,1,Two or More Races,General Practice,Admitted,,18
407-62-2609,23-12-2023,00:33:00,F. Crut,Female,55,Two or More Races,General Practice,Admitted,,35
485-30-3941,30-09-2023,05:24:00,F. Alldred,Female,78,Two or More Races,General Practice,Admitted,,44
177-26-6957,30-05-2023,20:56:00,G. Hanfrey,Female,45,Two or More Races,General Practice,Admitted,,34
489-59-2907,10-06-2024,21:09:00,G. Folkerd,Female,51,Two or More Races,General Practice,Admitted,,38
365-99-7907,06-05-2024,03:56:00,G. Molloy,Female,40,Two or More Races,General Practice,Admitted,,58
633-13-0506,16-11-2023,14:05:00,H. Harbidge,Female,12,Two or More Races,General Practice,Admitted,,31
106-45-9457,01-04-2023,22:49:00,I. Nicol,Female,71,Two or More Races,General Practice,Admitted,,14
297-71-6951,26-05-2024,13:24:00,J. Fussell,Female,37,Two or More Races,General Practice,Admitted,,22
853-14-1523,02-03-2024,23:35:00,K. Cristoforo,Female,54,Two or More Races,General Practice,Admitted,,11
898-58-4727,08-04-2023,14:04:00,K. Ivons,Female,43,Two or More Races,General Practice,Admitted,,24
659-31-7909,17-05-2024,09:34:00,K. Gaskarth,Female,75,Two or More Races,General Practice,Admitted,,31
131-67-6983,26-09-2024,04:02:00,K. Hutcheon,Female,73,Two or More Races,General Practice,Admitted,,46
300-01-5940,15-12-2023,13:13:00,L. Calvert,Female,65,Two or More Races,General Practice,Admitted,,11
771-04-6699,07-02-2024,11:28:00,L. Betke,Female,44,Two or More Races,General Practice,Admitted,,48
396-15-3301,26-04-2023,15:39:00,M. Norcliff,Female,67,Two or More Races,General Practice,Admitted,,21
432-67-1519,03-06-2024,02:05:00,M. Jost,Female,55,Two or More Races,General Practice,Admitted,,36
164-75-9897,30-05-2023,19:35:00,M. McEwan,Female,21,Two or More Races,General Practice,Admitted,,53
775-84-1134,06-03-2024,04:58:00,N. Orrin,Female,9,Two or More Races,General Practice,Admitted,,18
461-43-6018,25-04-2024,08:36:00,N. Potte,Female,76,Two or More Races,General Practice,Admitted,,49
872-25-5467,25-01-2024,00:38:00,O. Fortey,Female,5,Two or More Races,General Practice,Admitted,,24
424-36-0709,28-08-2024,18:06:00,O. Habbeshaw,Female,4,Two or More Races,General Practice,Admitted,,36
361-20-0157,29-07-2023,03:22:00,O. Hrinishin,Female,2,Two or More Races,General Practice,Admitted,,38
707-26-6477,18-11-2023,01:28:00,O. Masey,Female,14,Two or More Races,General Practice,Admitted,,47
428-11-4631,20-06-2024,08:48:00,P. Giacomazzo,Female,43,Two or More Races,General Practice,Admitted,,14
773-38-3470,15-08-2024,00:15:00,P. Littlefair,Female,75,Two or More Races,General Practice,Admitted,,26
536-13-9230,23-10-2024,18:08:00,P. Corr,Female,73,Two or More Races,General Practice,Admitted,,51
852-03-6666,25-06-2024,14:44:00,Q. Ellinor,Female,63,Two or More Races,General Practice,Admitted,,10
614-10-6705,29-01-2024,05:55:00,Q. Liggins,Female,61,Two or More Races,General Practice,Admitted,,33
866-68-8167,25-09-2023,03:06:00,R. Tewkesbury.,Female,8,Two or More Races,General Practice,Admitted,,31
101-66-4553,30-03-2024,14:12:00,R. Odd,Female,14,Two or More Races,General Practice,Admitted,,57
696-26-2070,18-07-2024,03:37:00,T. Wedon,Female,5,Two or More Races,General Practice,Admitted,,45
347-60-6369,31-08-2023,00:40:00,T. Benediktovich,Female,71,Two or More Races,General Practice,Admitted,,52
331-49-1782,19-08-2024,17:13:00,U. Siegertsz,Female,13,Two or More Races,General Practice,Admitted,,14
763-09-4106,27-12-2023,00:26:00,U. Bice,Female,77,Two or More Races,General Practice,Admitted,,21
848-86-1919,03-04-2023,21:57:00,U. Lebourn,Female,61,Two or More Races,General Practice,Admitted,,42
194-07-9452,15-07-2023,21:54:00,U. Kasman,Female,23,Two or More Races,General Practice,Admitted,,56
144-66-1948,26-07-2023,11:04:00,V. Bewfield,Female,44,Two or More Races,General Practice,Admitted,,17
106-63-9645,22-10-2023,10:35:00,V. Laverock,Female,67,Two or More Races,General Practice,Admitted,,28
809-57-0960,11-04-2024,15:37:00,V. Gurton,Female,49,Two or More Races,General Practice,Admitted,,39
714-30-8768,05-12-2023,15:38:00,V. Jansa,Female,4,Two or More Races,General Practice,Admitted,,51
161-21-7511,07-04-2024,02:48:00,W. Beadles,Female,33,Two or More Races,General Practice,Admitted,,19
247-22-9153,08-08-2024,17:53:00,W. Freeborne,Female,79,Two or More Races,General Practice,Admitted,,35
222-92-7536,07-06-2023,14:26:00,X. Jeakins,Female,15,Two or More Races,General Practice,Admitted,,16
733-11-5395,10-03-2024,00:21:00,X. Speeks,Female,9,Two or More Races,General Practice,Admitted,,33
718-37-9286,16-09-2023,09:01:00,Y. Tidswell,Female,46,Two or More Races,General Practice,Admitted,,50
398-42-8539,29-10-2023,02:46:00,Z. Blacktin,Female,59,Two or More Races,General Practice,Admitted,,38
680-88-1118,18-04-2024,08:44:00,Z. Rens,Female,30,Two or More Races,General Practice,Admitted,,50
249-15-8609,09-10-2024,07:28:00,Q. Crammy,Female,1,Two or More Races,General Practice,Admitted,0,20
782-93-8426,31-01-2024,08:16:00,Q. Mechic,Female,53,Two or More Races,General Practice,Admitted,0,41
421-31-7038,27-09-2023,18:30:00,H. Jurczak,Female,31,Two or More Races,General Practice,Admitted,1,40
776-52-1013,13-07-2023,00:17:00,Y. Sindell,Female,44,Two or More Races,General Practice,Admitted,1,13
743-85-2344,07-03-2024,00:01:00,B. MacAllaster,Female,8,Two or More Races,General Practice,Admitted,2,16
639-06-6643,25-08-2023,18:31:00,Q. Mostin,Female,68,Two or More Races,General Practice,Admitted,3,12
620-57-1837,14-06-2023,02:36:00,F. Habbert,Female,60,Two or More Races,General Practice,Admitted,4,56
115-27-3838,23-09-2024,23:21:00,T. Bapty,Female,75,Two or More Races,General Practice,Admitted,5,41
368-88-6976,12-07-2023,00:22:00,M. Chezier,Female,66,Two or More Races,General Practice,Admitted,7,59
106-19-1978,06-06-2024,11:59:00,V. Course,Female,34,Two or More Races,General Practice,Admitted,7,21
110-62-5261,07-05-2023,08:49:00,D. Blezard,Female,37,Two or More Races,General Practice,Admitted,8,38
350-64-3851,16-05-2023,04:52:00,G. Earl,Female,56,Two or More Races,General Practice,Admitted,8,60
776-23-1137,13-12-2023,17:24:00,P. Delahunty,Female,37,Two or More Races,General Practice,Admitted,8,14
333-86-8631,17-10-2024,23:47:00,U. Alessandretti,Female,6,Two or More Races,General Practice,Admitted,9,16
808-40-7844,05-07-2024,19:54:00,S. Champniss,Female,2,Two or More Races,General Practice,Admitted,10,26
655-60-3958,15-10-2024,16:49:00,I. Frear,Female,64,Two or More Races,Neurology,Admitted,1,14
678-06-2315,24-05-2024,21:28:00,X. Udey,Female,58,Two or More Races,Neurology,Admitted,9,22
137-31-2631,16-05-2024,11:02:00,J. McCluin,Female,16,Two or More Races,Neurology,Admitted,10,12
340-90-0395,08-07-2024,15:27:00,A. Booy,Female,61,Two or More Races,None,Admitted,,11
154-20-6000,29-10-2023,18:32:00,A. Muston,Female,19,Two or More Races,None,Admitted,,40
140-54-0216,15-03-2024,13:35:00,A. Zettoi,Female,59,Two or More Races,None,Admitted,,58
109-37-2285,18-06-2023,01:10:00,B. Syer,Female,59,Two or More Races,None,Admitted,,23
567-38-2530,08-09-2024,15:27:00,B. McVeigh,Female,29,Two or More Races,None,Admitted,,27
321-32-7223,14-09-2024,11:34:00,B. Gibling,Female,11,Two or More Races,None,Admitted,,33
792-87-9816,15-07-2024,04:44:00,B. Ianni,Female,74,Two or More Races,None,Admitted,,59
267-31-5874,23-03-2024,03:48:00,C. Pearl,Female,12,Two or More Races,None,Admitted,,11
395-82-4902,29-09-2024,19:39:00,C. Restall,Female,57,Two or More Races,None,Admitted,,15
825-04-1608,28-09-2023,14:12:00,C. Felce,Female,38,Two or More Races,None,Admitted,,18
257-26-2912,29-05-2023,12:13:00,C. Pettwood,Female,47,Two or More Races,None,Admitted,,19
350-61-5615,09-03-2024,20:50:00,C. Plet,Female,23,Two or More Races,None,Admitted,,28
730-86-9301,13-07-2024,21:14:00,C. Heaysman,Female,77,Two or More Races,None,Admitted,,33
374-25-2767,09-05-2024,19:11:00,D. Spadeck,Female,49,Two or More Races,None,Admitted,,16
802-43-5672,17-10-2024,16:24:00,D. Mattys,Female,21,Two or More Races,None,Admitted,,18
333-77-2455,22-05-2024,07:40:00,D. Eaglesham,Female,58,Two or More Races,None,Admitted,,28
562-21-7626,11-07-2023,06:42:00,D. Cumming,Female,21,Two or More Races,None,Admitted,,45
294-40-5812,21-12-2023,17:05:00,D. McQuilliam,Female,79,Two or More Races,None,Admitted,,55
442-03-8987,29-05-2024,21:45:00,E. Berriman,Female,66,Two or More Races,None,Admitted,,14
381-34-5796,19-04-2023,16:12:00,E. Guillford,Female,66,Two or More Races,None,Admitted,,18
552-64-1478,22-09-2024,13:40:00,E. Cressy,Female,66,Two or More Races,None,Admitted,,26
834-47-2893,02-03-2024,06:55:00,E. Kearle,Female,77,Two or More Races,None,Admitted,,56
586-80-5588,03-09-2024,23:59:00,F. Tredwell,Female,45,Two or More Races,None,Admitted,,11
717-43-6092,20-04-2023,09:51:00,F. Probate,Female,70,Two or More Races,None,Admitted,,15
710-35-3311,19-08-2024,10:33:00,F. Somerscales,Female,29,Two or More Races,None,Admitted,,18
873-70-9664,13-08-2023,01:31:00,F. Cleynman,Female,45,Two or More Races,None,Admitted,,30
115-98-4542,20-09-2024,23:49:00,F. Cadell,Female,7,Two or More Races,None,Admitted,,31
663-78-1073,31-07-2023,19:11:00,F. Biagi,Female,72,Two or More Races,None,Admitted,,33
172-36-2378,01-09-2024,03:12:00,F. Darycott,Female,58,Two or More Races,None,Admitted,,38
548-34-7659,20-08-2023,10:49:00,F. Jentzsch,Female,34,Two or More Races,None,Admitted,,42
186-91-5001,25-01-2024,03:57:00,F. Orpwood,Female,18,Two or More Races,None,Admitted,,44
406-82-7977,02-12-2023,01:52:00,F. Brassill,Female,55,Two or More Races,None,Admitted,,48
394-17-4256,01-07-2023,05:58:00,F. Giannassi,Female,17,Two or More Races,None,Admitted,,52
653-90-8789,24-03-2024,14:51:00,F. Leas,Female,28,Two or More Races,None,Admitted,,59
478-97-4429,15-08-2024,23:15:00,F. Dooland,Female,61,Two or More Races,None,Admitted,,59
507-61-2190,25-11-2023,12:12:00,G. Behne,Female,67,Two or More Races,None,Admitted,,16
796-63-0118,23-07-2024,22:40:00,G. Elflain,Female,78,Two or More Races,None,Admitted,,23
538-85-4594,11-09-2024,00:28:00,G. Loude,Female,48,Two or More Races,None,Admitted,,28
740-13-0146,24-12-2023,07:14:00,G. Dunnet,Female,62,Two or More Races,None,Admitted,,53
238-48-0520,23-07-2024,05:26:00,G. Warrender,Female,48,Two or More Races,None,Admitted,,55
769-35-5567,08-05-2024,02:32:00,H. Decourt,Female,10,Two or More Races,None,Admitted,,28
698-93-1765,15-10-2024,01:38:00,H. Doumer,Female,31,Two or More Races,None,Admitted,,34
543-37-4558,29-10-2024,18:47:00,H. Realy,Female,17,Two or More Races,None,Admitted,,36
335-51-8706,02-07-2023,08:40:00,H. Aitkenhead,Female,28,Two or More Races,None,Admitted,,44
759-67-8916,03-05-2023,09:05:00,H. Harrower,Female,69,Two or More Races,None,Admitted,,44
793-05-8164,02-05-2024,17:03:00,H. Linkleter,Female,27,Two or More Races,None,Admitted,,57
780-85-4078,12-10-2024,21:14:00,I. Lachaize,Female,18,Two or More Races,None,Admitted,,10
897-32-9183,03-02-2024,17:02:00,I. Hunstone,Female,26,Two or More Races,None,Admitted,,16
733-47-2290,17-03-2024,12:41:00,I. Blackhurst,Female,21,Two or More Races,None,Admitted,,18
289-58-7260,31-05-2023,01:26:00,I. Windas,Female,31,Two or More Races,None,Admitted,,23
447-09-9471,15-05-2023,15:26:00,I. Tucker,Female,70,Two or More Races,None,Admitted,,26
861-34-7638,22-07-2023,14:30:00,I. Provis,Female,1,Two or More Races,None,Admitted,,27
203-87-2918,03-04-2023,06:51:00,I. Betonia,Female,2,Two or More Races,None,Admitted,,52
381-28-4275,13-03-2024,13:05:00,I. Portlock,Female,52,Two or More Races,None,Admitted,,60
545-79-9266,22-10-2024,11:39:00,J. Willingham,Female,39,Two or More Races,None,Admitted,,19
801-02-6881,24-03-2024,13:40:00,J. Vigne,Female,61,Two or More Races,None,Admitted,,27
418-23-0440,16-04-2023,15:35:00,J. Clue,Female,52,Two or More Races,None,Admitted,,29
683-91-0420,10-08-2023,01:56:00,J. Wedgwood,Female,1,Two or More Races,None,Admitted,,36
801-74-4085,01-10-2023,10:40:00,J. Kerton,Female,79,Two or More Races,None,Admitted,,40
287-54-9000,02-06-2023,01:53:00,J. Stonman,Female,61,Two or More Races,None,Admitted,,48
772-46-8040,08-03-2024,05:00:00,J. Coey,Female,74,Two or More Races,None,Admitted,,52
628-85-1987,28-04-2023,10:42:00,K. Phelps,Female,18,Two or More Races,None,Admitted,,18
495-27-5086,28-06-2024,12:49:00,K. Rodders,Female,36,Two or More Races,None,Admitted,,34
745-25-9361,29-10-2023,07:43:00,K. Perin,Female,70,Two or More Races,None,Admitted,,36
868-34-1436,10-04-2024,15:05:00,K. Attenburrow,Female,56,Two or More Races,None,Admitted,,40
807-67-1911,18-10-2023,05:07:00,K. Luggar,Female,36,Two or More Races,None,Admitted,,51
662-15-5096,05-07-2024,19:26:00,K. Alvaro,Female,12,Two or More Races,None,Admitted,,55
651-17-9916,23-07-2023,19:29:00,K. Beaglehole,Female,72,Two or More Races,None,Admitted,,58
816-20-1771,28-07-2023,00:58:00,L. Filppetti,Female,78,Two or More Races,None,Admitted,,11
753-83-3567,11-10-2023,22:12:00,L. Ellett,Female,37,Two or More Races,None,Admitted,,19
101-08-8798,31-07-2024,14:18:00,L. Willeson,Female,72,Two or More Races,None,Admitted,,48
785-28-8022,26-10-2023,06:26:00,L. Domerq,Female,7,Two or More Races,None,Admitted,,50
319-53-7655,17-09-2023,13:31:00,L. Burnsell,Female,9,Two or More Races,None,Admitted,,52
250-68-9303,25-09-2024,19:10:00,M. Turban,Female,59,Two or More Races,None,Admitted,,21
387-69-7529,04-01-2024,03:37:00,M. Traill,Female,27,Two or More Races,None,Admitted,,24
121-69-0476,27-09-2023,10:49:00,N. Thompkins,Female,59,Two or More Races,None,Admitted,,32
685-55-6240,27-09-2023,01:25:00,N. Mackney,Female,30,Two or More Races,None,Admitted,,34
883-69-9750,15-12-2023,19:51:00,N. Perren,Female,44,Two or More Races,None,Admitted,,42
504-48-7349,03-07-2023,03:07:00,N. Clyma,Female,43,Two or More Races,None,Admitted,,47
395-27-0613,03-10-2023,03:55:00,O. Shower,Female,29,Two or More Races,None,Admitted,,12
727-20-6876,05-07-2024,19:56:00,O. Glaum,Female,75,Two or More Races,None,Admitted,,12
389-64-9474,06-09-2024,16:55:00,O. Lengthorn,Female,53,Two or More Races,None,Admitted,,18
869-71-2604,01-12-2023,21:50:00,O. Basini-Gazzi,Female,49,Two or More Races,None,Admitted,,19
346-54-6833,09-07-2024,04:03:00,O. Linnard,Female,29,Two or More Races,None,Admitted,,22
734-77-3973,16-10-2024,10:15:00,O. Lawfull,Female,38,Two or More Races,None,Admitted,,24
303-71-6742,26-04-2023,11:08:00,O. Frankcomb,Female,21,Two or More Races,None,Admitted,,34
600-20-8677,10-05-2024,11:25:00,O. Concannon,Female,21,Two or More Races,None,Admitted,,57
816-66-4213,25-05-2024,06:28:00,P. Jagiello,Female,14,Two or More Races,None,Admitted,,23
442-88-1387,13-07-2024,02:41:00,P. Harnott,Female,75,Two or More Races,None,Admitted,,35
803-60-2987,29-02-2024,05:03:00,P. Chanders,Female,18,Two or More Races,None,Admitted,,41
638-34-1566,18-09-2024,20:33:00,P. Frick,Female,70,Two or More Races,None,Admitted,,53
716-99-2825,25-09-2024,00:35:00,P. Rosenberger,Female,22,Two or More Races,None,Admitted,,60
690-16-9413,11-08-2023,01:32:00,Q. Allan,Female,27,Two or More Races,None,Admitted,,10
469-64-8137,16-04-2024,07:40:00,Q. Eouzan,Female,55,Two or More Races,None,Admitted,,17
740-89-0160,16-02-2024,20:07:00,Q. Pickaver,Female,28,Two or More Races,None,Admitted,,19
799-98-8144,13-02-2024,09:37:00,Q. Aronov,Female,43,Two or More Races,None,Admitted,,19
464-28-0970,07-06-2024,15:22:00,Q. Palfery,Female,59,Two or More Races,None,Admitted,,19
859-69-2931,24-06-2024,17:30:00,Q. Broose,Female,44,Two or More Races,None,Admitted,,21
318-41-0573,23-05-2023,04:50:00,Q. Wadham,Female,56,Two or More Races,None,Admitted,,23
866-70-7461,09-06-2024,18:03:00,Q. Danzig,Female,14,Two or More Races,None,Admitted,,30
425-11-0683,04-12-2023,10:25:00,Q. Sprouls,Female,15,Two or More Races,None,Admitted,,30
121-28-9581,02-07-2023,01:09:00,Q. Parrot,Female,36,Two or More Races,None,Admitted,,49
193-33-1101,20-11-2023,22:38:00,R. Hazeldean,Female,70,Two or More Races,None,Admitted,,12
103-16-8002,14-10-2024,21:51:00,R. Avon,Female,27,Two or More Races,None,Admitted,,14
546-75-6534,28-02-2024,20:51:00,R. Tosspell,Female,37,Two or More Races,None,Admitted,,39
364-20-0981,13-01-2024,09:28:00,R. Exton,Female,40,Two or More Races,None,Admitted,,40
451-23-7222,20-05-2023,05:14:00,S. Sare,Female,12,Two or More Races,None,Admitted,,26
715-98-3805,01-10-2024,16:37:00,S. Aland,Female,41,Two or More Races,None,Admitted,,47
385-78-1939,21-05-2023,22:17:00,S. Mulran,Female,33,Two or More Races,None,Admitted,,60
821-50-7505,13-04-2023,22:21:00,T. Rawlin,Female,38,Two or More Races,None,Admitted,,23
135-94-6945,17-09-2024,19:13:00,T. Blazeby,Female,77,Two or More Races,None,Admitted,,25
571-83-1829,24-09-2024,02:35:00,T. Havenhand,Female,7,Two or More Races,None,Admitted,,31
716-22-9303,25-10-2024,11:21:00,T. McSwan,Female,67,Two or More Races,None,Admitted,,31
218-59-5559,03-03-2024,05:17:00,T. Geistmann,Female,52,Two or More Races,None,Admitted,,34
252-19-4344,18-06-2023,17:13:00,T. Sallowaye,Female,63,Two or More Races,None,Admitted,,36
187-53-7163,14-01-2024,05:54:00,T. Menis,Female,52,Two or More Races,None,Admitted,,39
203-52-4607,04-09-2024,16:56:00,T. Dunckley,Female,17,Two or More Races,None,Admitted,,43
325-48-1576,24-04-2024,16:54:00,T. Pietesch,Female,78,Two or More Races,None,Admitted,,44
313-42-4447,16-05-2023,13:29:00,U. Kilduff,Female,60,Two or More Races,None,Admitted,,20
792-91-8484,18-04-2023,02:55:00,U. Lambdon,Female,16,Two or More Races,None,Admitted,,55
309-83-7417,20-05-2024,08:38:00,U. Holby,Female,73,Two or More Races,None,Admitted,,58
440-71-9187,06-10-2023,03:34:00,V. Hatherleigh,Female,68,Two or More Races,None,Admitted,,14
451-65-8048,12-06-2023,12:54:00,V. Semrad,Female,15,Two or More Races,None,Admitted,,22
286-53-3539,11-04-2023,11:09:00,V. Membry,Female,30,Two or More Races,None,Admitted,,46
391-08-8014,05-04-2024,11:56:00,W. Brownsall,Female,17,Two or More Races,None,Admitted,,15
825-89-1350,26-04-2024,22:19:00,W. Darrow,Female,22,Two or More Races,None,Admitted,,30
642-16-2520,06-02-2024,13:35:00,W. Seamark,Female,70,Two or More Races,None,Admitted,,32
132-57-0457,04-10-2024,10:29:00,W. Gerg,Female,10,Two or More Races,None,Admitted,,43
173-78-8246,30-10-2024,13:17:00,W. Arenson,Female,26,Two or More Races,None,Admitted,,44
882-24-2205,07-08-2023,03:43:00,W. Bootman,Female,13,Two or More Races,None,Admitted,,60
388-24-8571,09-04-2024,22:35:00,X. Britney,Female,52,Two or More Races,None,Admitted,,15
577-19-0993,26-06-2024,11:07:00,X. Brien,Female,59,Two or More Races,None,Admitted,,17
452-90-0527,29-07-2024,01:57:00,X. Stronack,Female,2,Two or More Races,None,Admitted,,19
702-91-9472,06-12-2023,15:13:00,X. Zum Felde,Female,38,Two or More Races,None,Admitted,,19
647-70-1937,11-04-2023,03:29:00,X. Benzing,Female,36,Two or More Races,None,Admitted,,26
724-91-6775,31-12-2023,07:02:00,X. Button,Female,72,Two or More Races,None,Admitted,,27
831-50-5877,27-07-2023,23:35:00,X. O'Hogertie,Female,71,Two or More Races,None,Admitted,,32
362-16-2935,22-09-2023,08:31:00,X. Hansill,Female,66,Two or More Races,None,Admitted,,59
530-29-2305,07-04-2023,19:56:00,Y. Lorait,Female,60,Two or More Races,None,Admitted,,29
443-22-9454,30-10-2023,10:41:00,Y. Zoellner,Female,60,Two or More Races,None,Admitted,,37
306-81-0653,26-04-2024,11:24:00,Y. Cureton,Female,24,Two or More Races,None,Admitted,,54
419-73-6058,04-11-2023,17:55:00,Z. Beade,Female,2,Two or More Races,None,Admitted,,16
500-68-3605,03-07-2023,09:28:00,Z. Carsberg,Female,66,Two or More Races,None,Admitted,,30
229-85-9032,31-07-2023,10:23:00,Z. Wilkison,Female,9,Two or More Races,None,Admitted,,39
541-39-5821,15-09-2024,10:59:00,Z. Motten,Female,75,Two or More Races,None,Admitted,,45
658-28-8234,08-07-2024,13:39:00,G. Caldecot,Female,28,Two or More Races,None,Admitted,0,32
134-32-5074,21-10-2024,20:37:00,K. Gwyneth,Female,69,Two or More Races,None,Admitted,0,29
695-89-5188,04-03-2024,00:42:00,Q. Wythill,Female,54,Two or More Races,None,Admitted,0,17
717-76-9415,24-08-2023,15:43:00,R. Shimman,Female,22,Two or More Races,None,Admitted,0,48
524-70-3535,29-05-2023,00:21:00,U. Keast,Female,77,Two or More Races,None,Admitted,0,52
496-54-0698,02-12-2023,04:58:00,C. Knee,Female,75,Two or More Races,None,Admitted,1,26
775-47-1974,10-08-2023,17:00:00,F. Luttger,Female,38,Two or More Races,None,Admitted,1,59
406-40-1145,19-03-2024,14:23:00,H. Lampet,Female,69,Two or More Races,None,Admitted,1,10
617-03-1693,16-01-2024,11:48:00,I. Sampson,Female,6,Two or More Races,None,Admitted,1,58
691-30-7465,06-10-2024,19:50:00,M. Pindar,Female,2,Two or More Races,None,Admitted,1,40
782-72-6848,07-05-2024,07:19:00,O. Younger,Female,57,Two or More Races,None,Admitted,1,40
534-24-2222,14-02-2024,11:55:00,R. Everall,Female,61,Two or More Races,None,Admitted,1,53
733-34-8942,17-01-2024,01:50:00,T. Ikins,Female,23,Two or More Races,None,Admitted,1,34
370-55-2291,11-06-2024,11:22:00,X. Mc Trusty,Female,40,Two or More Races,None,Admitted,1,51
475-24-2587,15-08-2023,08:44:00,Z. Easterbrook,Female,8,Two or More Races,None,Admitted,1,27
238-26-0586,02-06-2023,11:54:00,B. Caris,Female,55,Two or More Races,None,Admitted,2,30
546-34-5816,29-04-2023,03:42:00,C. Youthead,Female,48,Two or More Races,None,Admitted,2,45
883-97-1220,29-05-2024,10:35:00,D. D'Oyley,Female,16,Two or More Races,None,Admitted,2,24
118-84-0022,22-05-2024,01:33:00,F. Sarjant,Female,10,Two or More Races,None,Admitted,2,29
653-94-5107,14-02-2024,23:16:00,G. Oury,Female,48,Two or More Races,None,Admitted,2,21
715-52-4357,03-05-2023,22:42:00,J. Davey,Female,35,Two or More Races,None,Admitted,2,59
293-44-4536,25-06-2023,07:12:00,U. Curtois,Female,35,Two or More Races,None,Admitted,2,14
801-24-6193,26-10-2023,01:39:00,Z. Caldeyroux,Female,76,Two or More Races,None,Admitted,2,19
171-65-7050,29-06-2024,13:48:00,C. Ubank,Female,3,Two or More Races,None,Admitted,3,22
708-68-6708,26-09-2023,08:08:00,K. Brace,Female,54,Two or More Races,None,Admitted,3,45
571-29-8781,24-04-2024,16:22:00,S. Plant,Female,46,Two or More Races,None,Admitted,3,53
526-19-8373,28-08-2023,23:25:00,D. Eblein,Female,39,Two or More Races,None,Admitted,4,41
685-44-8957,15-09-2024,14:28:00,F. Walesa,Female,26,Two or More Races,None,Admitted,4,17
143-35-2643,21-12-2023,13:45:00,V. Link,Female,46,Two or More Races,None,Admitted,4,39
304-59-5501,23-05-2023,15:26:00,X. Idiens,Female,25,Two or More Races,None,Admitted,4,15
256-70-6672,27-06-2024,07:17:00,F. Imore,Female,21,Two or More Races,None,Admitted,5,50
436-57-3978,14-06-2024,15:35:00,H. Caesar,Female,69,Two or More Races,None,Admitted,5,39
756-49-1111,21-09-2024,04:35:00,J. Pieper,Female,3,Two or More Races,None,Admitted,5,22
586-75-2106,25-10-2023,23:31:00,N. Lumsdaine,Female,62,Two or More Races,None,Admitted,5,20
777-61-6593,17-06-2024,16:02:00,W. Flemyng,Female,75,Two or More Races,None,Admitted,5,54
687-59-9155,31-08-2023,22:57:00,Y. Gammon,Female,74,Two or More Races,None,Admitted,5,55
704-78-5146,18-05-2024,04:44:00,D. Glynne,Female,55,Two or More Races,None,Admitted,6,38
743-09-6069,17-01-2024,20:04:00,H. Slee,Female,49,Two or More Races,None,Admitted,6,24
137-38-5385,24-09-2023,00:28:00,H. Vedstra,Female,58,Two or More Races,None,Admitted,6,36
870-50-4955,24-04-2023,05:44:00,Q. Eastlake,Female,1,Two or More Races,None,Admitted,6,23
223-54-0736,09-09-2024,12:34:00,B. Carman,Female,51,Two or More Races,None,Admitted,7,35
519-99-8494,11-03-2024,16:39:00,H. Malster,Female,56,Two or More Races,None,Admitted,7,60
623-36-9441,06-07-2023,00:48:00,K. Pagin,Female,60,Two or More Races,None,Admitted,7,56
693-91-2400,06-12-2023,10:07:00,O. MacElroy,Female,7,Two or More Races,None,Admitted,7,29
846-91-5022,01-09-2023,14:50:00,Q. Bootton,Female,62,Two or More Races,None,Admitted,7,47
454-91-6429,30-10-2024,13:25:00,B. Hodinton,Female,28,Two or More Races,None,Admitted,8,26
693-17-8496,24-04-2023,06:00:00,F. Plunkett,Female,34,Two or More Races,None,Admitted,8,52
264-44-0744,13-07-2024,08:51:00,J. Whyteman,Female,55,Two or More Races,None,Admitted,8,19
544-07-1814,06-04-2024,08:05:00,J. Pitcaithley,Female,24,Two or More Races,None,Admitted,8,26
425-90-5230,18-04-2023,09:22:00,L. Willavoys,Female,51,Two or More Races,None,Admitted,8,34
592-35-6777,08-01-2024,17:11:00,O. McMichell,Female,2,Two or More Races,None,Admitted,8,54
584-23-6375,08-09-2023,02:23:00,X. Fitkin,Female,25,Two or More Races,None,Admitted,8,24
493-68-6784,12-07-2024,01:17:00,D. Stronge,Female,3,Two or More Races,None,Admitted,9,34
894-90-9359,16-09-2024,19:33:00,A. Kay,Female,66,Two or More Races,None,Admitted,10,34
828-86-5241,05-08-2024,13:50:00,C. Bashford,Female,72,Two or More Races,None,Admitted,10,52
837-41-0932,22-05-2024,01:45:00,H. Christophersen,Female,10,Two or More Races,None,Admitted,10,31
254-12-3223,21-09-2023,15:41:00,J. Noyce,Female,10,Two or More Races,None,Admitted,10,16
693-79-1702,17-11-2023,18:51:00,L. Peddersen,Female,9,Two or More Races,None,Admitted,10,12
681-56-5046,13-08-2024,23:13:00,Z. Gliddon,Female,65,Two or More Races,None,Admitted,10,45
809-51-1881,04-05-2024,21:30:00,C. Hollindale,Female,37,Two or More Races,Orthopedics,Admitted,,37
373-25-1214,25-04-2024,10:22:00,C. Boggis,Female,3,Two or More Races,Orthopedics,Admitted,,43
148-91-1392,25-09-2024,21:19:00,E. Tumioto,Female,67,Two or More Races,Orthopedics,Admitted,,33
521-26-2024,13-07-2023,16:24:00,G. Coats,Female,30,Two or More Races,Orthopedics,Admitted,,34
375-83-4532,26-04-2024,07:46:00,I. Baudoux,Female,42,Two or More Races,Orthopedics,Admitted,,56
436-49-3831,06-05-2023,18:24:00,J. Doughtery,Female,45,Two or More Races,Orthopedics,Admitted,,41
245-93-0711,02-03-2024,09:50:00,L. Oldknowe,Female,67,Two or More Races,Orthopedics,Admitted,,47
676-76-2593,31-01-2024,05:49:00,O. Adamo,Female,77,Two or More Races,Orthopedics,Admitted,,14
702-54-0548,22-11-2023,23:01:00,R. Eskriet,Female,53,Two or More Races,Orthopedics,Admitted,,41
558-62-7213,14-01-2024,18:09:00,U. McAneny,Female,41,Two or More Races,Orthopedics,Admitted,,23
669-45-6595,23-07-2023,06:59:00,V. Fenelow,Female,6,Two or More Races,Orthopedics,Admitted,,29
625-51-6051,04-03-2024,23:35:00,V. Sampey,Female,56,Two or More Races,Orthopedics,Admitted,,34
247-90-4774,02-12-2023,03:11:00,W. Dioniso,Female,14,Two or More Races,Orthopedics,Admitted,,26
319-60-7646,01-05-2023,05:20:00,W. Tatnell,Female,76,Two or More Races,Orthopedics,Admitted,,26
630-75-8261,12-04-2023,18:07:00,Y. Recher,Female,64,Two or More Races,Orthopedics,Admitted,,53
602-80-4744,20-03-2024,14:08:00,G. Huntall,Female,55,Two or More Races,Orthopedics,Admitted,0,11
818-67-0399,03-03-2024,20:32:00,Q. Erlam,Female,45,Two or More Races,Orthopedics,Admitted,0,60
880-03-7024,20-08-2023,04:00:00,H. Keston,Female,3,Two or More Races,Orthopedics,Admitted,1,44
697-97-4762,25-03-2024,09:00:00,J. Fiddiman,Female,46,Two or More Races,Orthopedics,Admitted,1,19
313-26-4123,25-11-2023,15:33:00,R. Mitchard,Female,51,Two or More Races,Orthopedics,Admitted,1,13
208-88-1942,26-09-2023,15:11:00,C. Mandal,Female,16,Two or More Races,Orthopedics,Admitted,3,11
693-10-4073,08-02-2024,12:05:00,F. McRobb,Female,33,Two or More Races,Orthopedics,Admitted,4,48
728-28-6087,25-08-2023,00:31:00,I. MacCafferky,Female,51,Two or More Races,Orthopedics,Admitted,4,18
628-46-3223,30-10-2024,02:12:00,W. Wardle,Female,13,Two or More Races,Orthopedics,Admitted,5,45
499-25-8965,08-07-2023,07:48:00,M. McColl,Female,43,Two or More Races,Orthopedics,Admitted,7,46
873-50-3555,24-10-2023,03:22:00,Y. Morales,Female,53,Two or More Races,Orthopedics,Admitted,7,46
404-10-3469,30-07-2023,12:15:00,E. Eliot,Female,16,Two or More Races,Orthopedics,Admitted,8,34
301-12-6179,19-07-2023,00:35:00,A. Giovani,Female,33,Two or More Races,Orthopedics,Admitted,9,51
451-83-7227,11-06-2023,17:54:00,D. Levy,Female,19,Two or More Races,Orthopedics,Admitted,10,42
758-30-1888,09-03-2024,13:23:00,W. Hallowell,Female,4,Two or More Races,Orthopedics,Admitted,10,29
425-25-7574,13-09-2024,06:29:00,J. Lishmund,Female,68,Two or More Races,Physiotherapy,Admitted,,53
388-03-3882,21-02-2024,02:53:00,K. Jacobsson,Female,60,Two or More Races,Physiotherapy,Admitted,,21
771-05-1094,20-08-2023,05:32:00,L. Wixey,Female,31,Two or More Races,Physiotherapy,Admitted,,44
457-56-1772,19-09-2023,02:49:00,N. Sheraton,Female,36,Two or More Races,Physiotherapy,Admitted,,22
547-30-8126,21-11-2023,04:24:00,U. Vause,Female,34,Two or More Races,Physiotherapy,Admitted,,20
643-90-9335,08-05-2023,08:27:00,W. Sarton,Female,61,Two or More Races,Physiotherapy,Admitted,,58
365-88-0539,25-04-2023,09:25:00,I. Duxfield,Female,76,Two or More Races,Physiotherapy,Admitted,2,49
792-03-5512,27-08-2024,06:41:00,L. North,Female,39,Two or More Races,Renal,Admitted,,57
118-32-9062,12-06-2023,20:23:00,A. Mattosoff,Female,33,White,Cardiology,Admitted,,16
644-58-7967,11-05-2023,12:58:00,B. Ducroe,Female,27,White,Cardiology,Admitted,,11
713-08-2627,30-07-2024,13:15:00,B. Hannabuss,Female,65,White,Cardiology,Admitted,,47
750-24-0580,30-08-2023,22:06:00,M. Macey,Female,61,White,Cardiology,Admitted,,16
300-66-0409,27-03-2024,21:20:00,O. Hanney,Female,29,White,Cardiology,Admitted,,31
258-76-2632,08-08-2024,21:55:00,P. MacCaig,Female,52,White,Cardiology,Admitted,,35
348-60-4130,15-01-2024,17:18:00,Y. Curtin,Female,3,White,Cardiology,Admitted,9,11
863-66-8507,30-09-2023,13:29:00,F. Cinelli,Female,14,White,Cardiology,Admitted,10,12
640-50-6642,18-07-2024,21:35:00,A. Ivan,Female,46,White,Gastroenterology,Admitted,,11
233-20-7150,12-04-2023,12:53:00,E. Yole,Female,53,White,Gastroenterology,Admitted,,13
126-02-5429,12-05-2023,22:55:00,H. Tibbetts,Female,6,White,Gastroenterology,Admitted,,51
199-55-7481,25-10-2023,14:15:00,I. De la Feld,Female,52,White,Gastroenterology,Admitted,,44
744-63-8705,21-05-2023,22:54:00,O. Whettleton,Female,13,White,Gastroenterology,Admitted,,14
427-73-9830,19-07-2024,04:31:00,S. Hof,Female,15,White,Gastroenterology,Admitted,,12
376-80-7068,23-04-2024,07:50:00,N. Simpole,Female,24,White,Gastroenterology,Admitted,5,48
388-07-6238,09-04-2023,03:11:00,B. Beaver,Female,7,White,Gastroenterology,Admitted,7,18
173-24-2624,31-08-2024,09:57:00,P. Mordin,Female,76,White,Gastroenterology,Admitted,7,30
251-26-5273,02-08-2024,16:34:00,K. Hefferon,Female,61,White,Gastroenterology,Admitted,10,18
149-70-8508,19-07-2024,14:24:00,A. Hammand,Female,8,White,General Practice,Admitted,,19
153-84-0990,15-09-2024,08:39:00,A. Iwanczyk,Female,39,White,General Practice,Admitted,,25
133-08-8944,20-11-2023,15:34:00,A. Fairlamb,Female,4,White,General Practice,Admitted,,27
745-12-9434,22-04-2023,09:18:00,A. Stanier,Female,59,White,General Practice,Admitted,,51
786-22-4260,06-06-2023,10:05:00,A. Pardon,Female,74,White,General Practice,Admitted,,52
615-62-0241,15-04-2024,15:23:00,B. Evill,Female,44,White,General Practice,Admitted,,17
186-16-0532,24-04-2024,05:41:00,B. Pinckstone,Female,79,White,General Practice,Admitted,,19
887-52-6263,27-07-2023,09:36:00,B. Birtley,Female,56,White,General Practice,Admitted,,33
274-70-0428,07-07-2023,06:36:00,B. Maginn,Female,79,White,General Practice,Admitted,,38
483-54-7622,21-05-2024,00:39:00,B. Hutchence,Female,43,White,General Practice,Admitted,,47
372-10-3387,28-09-2024,00:24:00,C. Haskur,Female,22,White,General Practice,Admitted,,14
509-21-3427,13-04-2023,16:09:00,C. Croy,Female,23,White,General Practice,Admitted,,24
838-42-4633,24-05-2024,16:27:00,C. Dassindale,Female,63,White,General Practice,Admitted,,24
654-46-6643,21-06-2023,21:35:00,C. Menier,Female,27,White,General Practice,Admitted,,26
136-69-9007,20-10-2024,21:27:00,C. Murby,Female,55,White,General Practice,Admitted,,29
244-58-4316,24-09-2023,23:24:00,C. Hagston,Female,51,White,General Practice,Admitted,,38
495-06-8156,26-05-2023,19:02:00,C. Findlay,Female,55,White,General Practice,Admitted,,38
122-98-5232,05-06-2024,23:07:00,C. Lambis,Female,11,White,General Practice,Admitted,,39
134-73-6304,27-10-2024,07:11:00,C. Alvaro,Female,48,White,General Practice,Admitted,,44
668-76-3611,23-12-2023,08:12:00,D. Croke,Female,29,White,General Practice,Admitted,,29
627-61-1866,23-01-2024,02:19:00,D. Borsi,Female,46,White,General Practice,Admitted,,39
437-21-6645,08-06-2024,14:49:00,D. Izakovitz,Female,64,White,General Practice,Admitted,,59
132-94-9742,27-02-2024,04:59:00,E. Nappin,Female,48,White,General Practice,Admitted,,10
638-55-9588,16-04-2023,20:51:00,E. Skures,Female,24,White,General Practice,Admitted,,29
819-13-0061,26-08-2023,04:34:00,E. De Ferrari,Female,32,White,General Practice,Admitted,,36
578-88-8378,13-03-2024,00:41:00,F. McFall,Female,14,White,General Practice,Admitted,,12
212-94-9148,14-04-2024,20:01:00,F. Buey,Female,79,White,General Practice,Admitted,,51
679-67-8043,02-05-2023,02:20:00,G. De la Eglise,Female,40,White,General Practice,Admitted,,23
823-01-8165,06-10-2023,13:49:00,G. Stollard,Female,79,White,General Practice,Admitted,,39
561-82-6237,12-10-2024,13:52:00,H. Bausmann,Female,49,White,General Practice,Admitted,,20
868-41-4249,10-07-2024,02:30:00,H. Tuminini,Female,65,White,General Practice,Admitted,,25
134-06-7868,17-06-2023,09:19:00,H. Ranson,Female,78,White,General Practice,Admitted,,33
201-17-2250,27-05-2024,08:18:00,H. Llewelyn,Female,23,White,General Practice,Admitted,,54
505-48-5916,25-11-2023,18:02:00,I. Gudge,Female,58,White,General Practice,Admitted,,19
103-66-1502,03-06-2023,13:14:00,I. MacBean,Female,20,White,General Practice,Admitted,,20
748-21-4373,23-09-2023,13:12:00,I. Spencley,Female,12,White,General Practice,Admitted,,54
358-36-5740,23-09-2023,02:13:00,I. Balazin,Female,42,White,General Practice,Admitted,,54
828-96-6456,16-01-2024,02:06:00,J. Rosenstein,Female,61,White,General Practice,Admitted,,25
373-24-7267,13-08-2024,19:24:00,J. Oswal,Female,37,White,General Practice,Admitted,,37
546-27-1400,15-03-2024,13:02:00,K. Setford,Female,39,White,General Practice,Admitted,,11
167-44-8625,26-08-2024,14:53:00,K. Isakovic,Female,7,White,General Practice,Admitted,,20
304-54-7969,21-10-2024,21:16:00,K. Mandifield,Female,44,White,General Practice,Admitted,,24
198-25-7167,27-07-2023,15:44:00,K. Allmark,Female,40,White,General Practice,Admitted,,50
768-88-6122,29-09-2024,19:36:00,L. Burgum,Female,71,White,General Practice,Admitted,,26
323-89-5089,02-07-2024,05:00:00,L. Worner,Female,34,White,General Practice,Admitted,,30
190-65-0512,18-06-2024,00:35:00,M. MacIver,Female,6,White,General Practice,Admitted,,38
761-43-2767,17-07-2023,05:36:00,M. Davydoch,Female,56,White,General Practice,Admitted,,45
775-34-9359,20-06-2024,00:36:00,M. Kenelin,Female,59,White,General Practice,Admitted,,52
478-48-2968,08-05-2023,03:17:00,M. Lycett,Female,74,White,General Practice,Admitted,,52
441-98-1360,22-06-2023,06:33:00,M. Agget,Female,19,White,General Practice,Admitted,,59
699-47-0420,27-11-2023,12:44:00,N. Holtum,Female,14,White,General Practice,Admitted,,26
276-99-1686,09-02-2024,12:21:00,N. Windsor,Female,64,White,General Practice,Admitted,,55
738-51-6121,22-09-2023,09:15:00,O. Dodgshun,Female,75,White,General Practice,Admitted,,30
896-83-7729,16-09-2023,00:32:00,O. Jee,Female,30,White,General Practice,Admitted,,43
381-07-9458,30-09-2023,09:31:00,P. Lepope,Female,58,White,General Practice,Admitted,,50
691-45-0118,22-02-2024,18:32:00,P. Ofield,Female,3,White,General Practice,Admitted,,51
474-83-6505,25-01-2024,17:31:00,P. Gheorghie,Female,8,White,General Practice,Admitted,,53
473-48-7700,06-06-2023,20:13:00,Q. Lochran,Female,38,White,General Practice,Admitted,,34
657-88-1602,21-04-2024,07:08:00,Q. Laverack,Female,22,White,General Practice,Admitted,,45
762-01-0784,11-03-2024,13:07:00,Q. Brocks,Female,25,White,General Practice,Admitted,,60
736-03-3064,10-02-2024,19:32:00,R. O'Crevan,Female,73,White,General Practice,Admitted,,14
288-11-6250,24-07-2023,21:31:00,R. Anwell,Female,47,White,General Practice,Admitted,,35
365-31-3656,03-04-2024,02:39:00,R. Cornner,Female,15,White,General Practice,Admitted,,53
476-22-8060,03-01-2024,15:39:00,S. Allsebrook,Female,60,White,General Practice,Admitted,,44
282-37-3283,05-09-2024,17:19:00,S. Ruberry,Female,28,White,General Practice,Admitted,,55
801-29-3426,25-08-2023,03:25:00,T. Casey,Female,64,White,General Practice,Admitted,,13
242-33-1856,06-04-2024,02:17:00,T. Wyman,Female,40,White,General Practice,Admitted,,50
534-99-2783,26-12-2023,14:30:00,U. Murrthum,Female,64,White,General Practice,Admitted,,11
830-63-3368,29-04-2023,06:04:00,U. Doel,Female,35,White,General Practice,Admitted,,14
539-11-9013,25-03-2024,07:48:00,U. Agutter,Female,12,White,General Practice,Admitted,,51
787-67-0173,08-03-2024,19:36:00,U. Langdale,Female,5,White,General Practice,Admitted,,53
395-81-1270,24-08-2024,16:12:00,V. Kupke,Female,69,White,General Practice,Admitted,,13
121-21-9177,01-12-2023,06:10:00,V. Glabach,Female,42,White,General Practice,Admitted,,36
340-23-0743,21-06-2023,23:32:00,V. Vynoll,Female,73,White,General Practice,Admitted,,38
426-68-4159,19-12-2023,10:13:00,W. Tebald,Female,30,White,General Practice,Admitted,,23
162-14-8161,24-07-2023,09:45:00,W. Andriuzzi,Female,77,White,General Practice,Admitted,,29
502-76-1405,25-08-2024,23:55:00,W. Fedoronko,Female,18,White,General Practice,Admitted,,32
646-97-7229,23-09-2023,11:41:00,W. Samper,Female,39,White,General Practice,Admitted,,37
860-76-5490,10-07-2023,23:24:00,W. Keyworth,Female,60,White,General Practice,Admitted,,59
635-66-3678,14-12-2023,12:43:00,X. Tussaine,Female,49,White,General Practice,Admitted,,12
656-64-8037,29-08-2023,19:58:00,X. Gloves,Female,30,White,General Practice,Admitted,,50
352-81-8511,15-05-2023,09:41:00,Y. Heibl,Female,73,White,General Practice,Admitted,,10
763-14-3682,20-09-2023,00:08:00,Y. Claridge,Female,60,White,General Practice,Admitted,,38
636-85-3446,15-02-2024,15:05:00,Y. McAne,Female,33,White,General Practice,Admitted,,55
499-28-7082,07-07-2024,16:39:00,Y. Steabler,Female,67,White,General Practice,Admitted,,56
734-10-2558,18-05-2023,13:11:00,Y. Schubbert,Female,15,White,General Practice,Admitted,,58
826-30-2880,25-05-2024,02:29:00,Z. Snipe,Female,59,White,General Practice,Admitted,,49
505-56-2928,26-05-2024,20:03:00,Z. Salterne,Female,47,White,General Practice,Admitted,,50
274-84-9636,25-04-2023,05:35:00,D. Kennicott,Female,15,White,General Practice,Admitted,0,38
652-35-9074,14-02-2024,08:30:00,K. Mahaffey,Female,18,White,General Practice,Admitted,0,10
453-73-0932,03-04-2023,01:26:00,T. Antognoni,Female,42,White,General Practice,Admitted,0,13
451-55-6363,05-12-2023,19:15:00,U. McEachern,Female,50,White,General Practice,Admitted,0,53
787-79-0546,11-07-2023,02:35:00,Y. Rasch,Female,63,White,General Practice,Admitted,0,36
758-58-7402,28-12-2023,00:45:00,E. Shalcros,Female,38,White,General Practice,Admitted,1,55
476-34-0359,13-04-2024,23:10:00,L. Wilshaw,Female,6,White,General Practice,Admitted,2,44
455-38-9962,08-05-2023,19:43:00,Q. Semkins,Female,1,White,General Practice,Admitted,2,30
777-39-8417,04-06-2024,04:24:00,N. Twinborough,Female,68,White,General Practice,Admitted,3,24
617-79-1591,02-02-2024,11:56:00,E. Cromer,Female,22,White,General Practice,Admitted,4,45
333-72-9284,31-05-2024,03:12:00,R. Edis,Female,65,White,General Practice,Admitted,4,44
826-42-2244,01-10-2024,02:13:00,T. Mawd,Female,77,White,General Practice,Admitted,4,32
537-41-2556,05-10-2024,11:12:00,U. MacLeod,Female,40,White,General Practice,Admitted,4,40
592-21-1803,21-10-2023,01:01:00,Y. Saladine,Female,46,White,General Practice,Admitted,5,24
659-12-8843,10-05-2023,16:39:00,F. Redhouse,Female,48,White,General Practice,Admitted,6,12
618-26-5226,18-10-2024,06:11:00,L. Heugle,Female,67,White,General Practice,Admitted,6,19
624-13-6007,30-06-2023,08:58:00,Q. Izchaki,Female,20,White,General Practice,Admitted,6,25
741-75-9648,29-09-2024,04:34:00,V. Espadas,Female,41,White,General Practice,Admitted,6,13
543-16-9545,04-09-2024,12:51:00,G. Gurdon,Female,62,White,General Practice,Admitted,7,39
595-85-8863,09-10-2023,23:38:00,N. Rickersey,Female,9,White,General Practice,Admitted,7,38
805-86-6081,02-07-2024,06:59:00,Q. Dulanty,Female,73,White,General Practice,Admitted,7,25
387-55-4585,22-07-2023,02:13:00,T. Lancashire,Female,7,White,General Practice,Admitted,7,40
157-11-4628,19-02-2024,18:48:00,T. Colaco,Female,16,White,General Practice,Admitted,7,54
155-62-3819,10-08-2024,06:31:00,W. Kirkwood,Female,39,White,General Practice,Admitted,7,53
342-84-9323,13-04-2023,18:04:00,B. Thorold,Female,29,White,General Practice,Admitted,8,17
856-36-0014,22-12-2023,21:14:00,N. Goadbie,Female,78,White,General Practice,Admitted,8,56
571-43-2792,14-10-2024,08:21:00,V. Brogini,Female,46,White,General Practice,Admitted,8,11
832-41-6464,29-04-2023,21:16:00,X. Elgey,Female,17,White,General Practice,Admitted,9,55
302-53-5575,13-08-2023,23:54:00,J. Eves,Female,22,White,General Practice,Admitted,10,58
691-67-6590,26-10-2024,13:46:00,C. Douch,Female,45,White,Neurology,Admitted,,34
615-67-6851,22-07-2023,05:25:00,J. MacPaden,Female,8,White,Neurology,Admitted,,50
325-46-8339,03-09-2023,20:50:00,M. Gierke,Female,73,White,Neurology,Admitted,,16
429-31-3229,03-06-2024,18:24:00,P. Zavattari,Female,72,White,Neurology,Admitted,,16
444-32-3737,03-05-2024,00:57:00,Q. Robak,Female,22,White,Neurology,Admitted,,14
541-86-9484,20-12-2023,05:28:00,Q. Neligan,Female,62,White,Neurology,Admitted,,16
237-49-2123,23-05-2024,16:41:00,R. Chaytor,Female,2,White,Neurology,Admitted,,42
355-52-8969,23-04-2024,16:30:00,S. Jaquest,Female,4,White,Neurology,Admitted,,21
824-30-1382,03-09-2024,10:31:00,H. Gifford,Female,14,White,Neurology,Admitted,2,49
845-06-7247,22-07-2023,02:59:00,Z. Sandys,Female,49,White,Neurology,Admitted,10,11
729-61-6333,14-10-2023,00:21:00,A. Posse,Female,4,White,None,Admitted,,12
857-60-5297,26-10-2023,00:22:00,A. Glancey,Female,45,White,None,Admitted,,36
496-94-0143,24-10-2024,22:50:00,A. Lansberry,Female,25,White,None,Admitted,,40
325-33-0840,27-11-2023,20:39:00,A. Vice,Female,47,White,None,Admitted,,40
779-92-6749,07-09-2024,08:05:00,A. Gillbanks,Female,49,White,None,Admitted,,53
620-56-8307,15-01-2024,06:55:00,B. Groomebridge,Female,33,White,None,Admitted,,15
783-69-0929,20-03-2024,20:57:00,B. Spinley,Female,3,White,None,Admitted,,17
352-98-4411,26-07-2024,00:10:00,B. Breckenridge,Female,75,White,None,Admitted,,17
264-08-7077,03-07-2023,14:47:00,B. Manntschke,Female,40,White,None,Admitted,,27
349-12-0424,31-12-2023,02:35:00,B. Weall,Female,67,White,None,Admitted,,28
142-06-4332,10-06-2023,09:07:00,B. Eccles,Female,69,White,None,Admitted,,31
865-30-9524,30-09-2023,13:50:00,B. Kupker,Female,4,White,None,Admitted,,33
514-02-3855,03-09-2023,16:09:00,B. Winterbourne,Female,27,White,None,Admitted,,38
793-17-1271,04-07-2023,03:01:00,B. McGlade,Female,51,White,None,Admitted,,47
313-53-5376,12-12-2023,11:05:00,B. Attard,Female,49,White,None,Admitted,,50
456-57-3018,01-06-2023,02:37:00,B. Tousy,Female,26,White,None,Admitted,,56
659-80-5601,01-09-2024,17:20:00,C. Angliss,Female,64,White,None,Admitted,,14
831-91-9322,16-07-2023,09:34:00,C. Askaw,Female,37,White,None,Admitted,,23
854-64-4863,20-05-2024,04:47:00,C. Arnaudet,Female,38,White,None,Admitted,,28
142-36-2760,12-09-2024,04:39:00,C. Patty,Female,24,White,None,Admitted,,44
280-97-7971,18-05-2024,03:59:00,C. Licciardiello,Female,78,White,None,Admitted,,55
576-87-1951,27-11-2023,15:16:00,D. Willmer,Female,12,White,None,Admitted,,13
587-88-2144,19-09-2023,16:07:00,D. Armfirld,Female,48,White,None,Admitted,,14
276-46-5417,18-07-2024,00:24:00,D. Skoughman,Female,42,White,None,Admitted,,18
431-25-0870,04-10-2023,12:31:00,D. Glyn,Female,40,White,None,Admitted,,29
275-83-5679,23-12-2023,04:04:00,D. Rasp,Female,34,White,None,Admitted,,31
744-84-5269,17-01-2024,20:33:00,D. Rainard,Female,49,White,None,Admitted,,38
135-54-5797,08-07-2024,06:44:00,D. Kleinerman,Female,56,White,None,Admitted,,42
556-89-9725,28-08-2023,20:07:00,D. Soane,Female,9,White,None,Admitted,,54
785-76-6854,02-07-2024,14:19:00,D. Frean,Female,36,White,None,Admitted,,55
101-50-7359,13-10-2023,13:44:00,D. Sabey,Female,50,White,None,Admitted,,56
736-08-1957,25-04-2024,01:05:00,D. Larmour,Female,29,White,None,Admitted,,58
445-10-8118,11-01-2024,02:13:00,E. Dax,Female,8,White,None,Admitted,,10
193-27-1560,09-09-2024,02:19:00,E. Norcliff,Female,12,White,None,Admitted,,17
437-61-1608,21-09-2024,07:46:00,E. Quickfall,Female,13,White,None,Admitted,,24
554-19-7837,21-03-2024,22:47:00,E. Szantho,Female,62,White,None,Admitted,,25
380-79-5717,30-09-2024,16:39:00,E. McConigal,Female,36,White,None,Admitted,,34
462-88-6903,30-07-2023,16:43:00,E. Negal,Female,5,White,None,Admitted,,37
472-58-9172,02-07-2024,22:17:00,E. Cordoba,Female,67,White,None,Admitted,,42
787-42-2733,20-11-2023,12:31:00,E. Jobe,Female,54,White,None,Admitted,,43
535-70-1320,08-02-2024,16:45:00,E. Meus,Female,16,White,None,Admitted,,46
759-48-3807,19-01-2024,08:26:00,E. Labat,Female,11,White,None,Admitted,,56
278-44-6183,15-07-2024,23:35:00,F. Boscott,Female,7,White,None,Admitted,,18
138-56-7359,29-07-2023,19:38:00,F. Dumbrill,Female,41,White,None,Admitted,,18
430-28-7980,23-08-2023,21:09:00,F. Willingam,Female,56,White,None,Admitted,,25
243-86-0385,17-04-2024,23:56:00,F. Dowling,Female,25,White,None,Admitted,,29
206-77-0609,19-08-2024,21:52:00,F. Ziemen,Female,26,White,None,Admitted,,29
376-17-6252,25-02-2024,15:51:00,F. Tonbridge,Female,51,White,None,Admitted,,33
206-34-0053,27-05-2024,01:44:00,F. Booty,Female,72,White,None,Admitted,,34
748-65-6970,06-11-2023,11:51:00,F. Rispin,Female,79,White,None,Admitted,,43
502-99-1222,16-07-2023,00:49:00,F. Wenham,Female,42,White,None,Admitted,,48
888-76-6126,02-03-2024,00:17:00,G. Pilgrim,Female,22,White,None,Admitted,,19
258-49-2581,13-10-2024,20:40:00,G. Muslim,Female,53,White,None,Admitted,,19
526-56-4625,10-04-2023,13:30:00,G. Dreinan,Female,12,White,None,Admitted,,20
533-95-7610,23-03-2024,01:01:00,G. Jendrach,Female,49,White,None,Admitted,,35
278-43-2966,20-07-2023,04:22:00,G. Shucksmith,Female,60,White,None,Admitted,,35
744-11-8969,24-06-2024,19:24:00,G. Carp,Female,60,White,None,Admitted,,37
508-15-8156,20-04-2024,01:47:00,G. Grunbaum,Female,48,White,None,Admitted,,42
561-13-1085,06-03-2024,19:07:00,G. Marrett,Female,26,White,None,Admitted,,47
887-48-1552,30-05-2024,12:53:00,G. Lewisham,Female,9,White,None,Admitted,,48
107-33-5987,29-06-2023,06:50:00,H. Colebourn,Female,10,White,None,Admitted,,11
670-53-6190,07-07-2024,01:08:00,H. Urling,Female,64,White,None,Admitted,,14
732-99-8011,01-03-2024,01:29:00,H. Gurrado,Female,43,White,None,Admitted,,16
192-16-2936,14-11-2023,00:46:00,H. Childerley,Female,61,White,None,Admitted,,16
870-19-2489,14-10-2024,20:42:00,H. Vinecombe,Female,58,White,None,Admitted,,17
377-59-2511,05-04-2023,06:33:00,H. Topling,Female,4,White,None,Admitted,,22
691-23-3765,08-01-2024,16:48:00,H. Goricke,Female,64,White,None,Admitted,,41
255-37-1255,20-10-2023,19:32:00,I. Mayberry,Female,6,White,None,Admitted,,14
459-06-7854,03-07-2024,23:56:00,I. Miguet,Female,65,White,None,Admitted,,23
800-04-2533,04-06-2024,01:33:00,I. Garralts,Female,59,White,None,Admitted,,50
532-22-8608,09-05-2023,03:09:00,I. Girdlestone,Female,65,White,None,Admitted,,57
402-43-6398,09-01-2024,21:54:00,I. Potteridge,Female,60,White,None,Admitted,,60
870-79-0022,26-10-2024,01:25:00,J. Polsin,Female,4,White,None,Admitted,,15
306-67-0343,14-03-2024,09:48:00,J. Senechell,Female,7,White,None,Admitted,,16
431-80-8333,15-07-2023,03:46:00,J. Izzard,Female,16,White,None,Admitted,,26
753-18-7865,27-04-2024,17:24:00,J. Langlands,Female,69,White,None,Admitted,,28
684-07-0904,10-10-2024,22:53:00,J. Drissell,Female,10,White,None,Admitted,,32
630-12-4865,05-06-2023,02:00:00,J. Biggin,Female,27,White,None,Admitted,,37
189-95-1488,24-09-2024,09:39:00,J. Rollinson,Female,61,White,None,Admitted,,58
106-25-8604,13-06-2024,06:21:00,J. Ebbins,Female,35,White,None,Admitted,,59
855-75-9962,28-06-2023,04:10:00,J. Sparsholt,Female,70,White,None,Admitted,,60
314-46-6334,24-06-2024,05:30:00,K. Paulusch,Female,15,White,None,Admitted,,10
743-43-7438,21-10-2023,22:28:00,K. Sexty,Female,4,White,None,Admitted,,19
418-04-4772,08-09-2024,01:00:00,K. Lewendon,Female,20,White,None,Admitted,,23
240-29-9184,17-08-2024,00:15:00,K. Tweed,Female,78,White,None,Admitted,,42
360-64-1390,07-06-2023,22:36:00,K. Terrey,Female,73,White,None,Admitted,,54
328-59-1425,29-10-2024,06:06:00,K. Ferne,Female,6,White,None,Admitted,,55
443-02-9460,27-08-2023,00:55:00,K. Showte,Female,30,White,None,Admitted,,55
729-50-8226,29-08-2023,06:47:00,K. Clohisey,Female,53,White,None,Admitted,,57
147-55-5405,02-03-2024,04:20:00,L. Crolly,Female,79,White,None,Admitted,,11
201-24-2940,04-05-2023,03:48:00,L. Willison,Female,41,White,None,Admitted,,16
563-01-9014,26-06-2023,13:01:00,L. Leneham,Female,42,White,None,Admitted,,27
107-84-2136,25-01-2024,09:12:00,L. Selly,Female,69,White,None,Admitted,,34
479-60-6415,20-05-2023,20:18:00,L. Mcettrick,Female,65,White,None,Admitted,,39
339-11-4345,12-05-2023,07:40:00,L. Crunkhurn,Female,50,White,None,Admitted,,51
628-45-6492,01-04-2023,06:07:00,L. McCarrison,Female,6,White,None,Admitted,,52
478-52-8782,25-10-2024,20:52:00,L. Kidstoun,Female,28,White,None,Admitted,,52
538-43-0758,31-01-2024,05:48:00,L. Goodricke,Female,27,White,None,Admitted,,58
422-32-8778,12-01-2024,08:40:00,M. Strevens,Female,58,White,None,Admitted,,10
529-08-9822,10-05-2023,05:26:00,M. Meller,Female,67,White,None,Admitted,,10
436-82-9156,27-01-2024,00:29:00,M. Drawmer,Female,14,White,None,Admitted,,14
524-92-3725,31-07-2023,04:49:00,M. Salaman,Female,40,White,None,Admitted,,28
671-69-1368,26-07-2023,06:02:00,M. Schwandner,Female,25,White,None,Admitted,,29
532-65-0085,17-08-2024,08:58:00,M. Beadnell,Female,27,White,None,Admitted,,35
834-26-3667,07-10-2023,21:45:00,M. Renhard,Female,24,White,None,Admitted,,37
545-60-6889,07-02-2024,08:27:00,M. Brabin,Female,65,White,None,Admitted,,39
831-28-9145,15-06-2024,14:58:00,M. Strange,Female,54,White,None,Admitted,,45
554-19-9010,31-12-2023,13:38:00,M. Tankus,Female,21,White,None,Admitted,,57
271-34-8414,21-01-2024,13:35:00,N. Tolputt,Female,12,White,None,Admitted,,12
712-41-7615,09-08-2024,21:07:00,N. Gummery,Female,52,White,None,Admitted,,20
381-26-3402,12-09-2024,08:49:00,N. Ockendon,Female,73,White,None,Admitted,,32
390-46-6283,07-04-2024,05:34:00,N. Bartleet,Female,9,White,None,Admitted,,35
463-65-5530,08-06-2024,21:05:00,N. Landsborough,Female,3,White,None,Admitted,,37
131-23-8601,12-02-2024,13:07:00,N. Ragborne,Female,18,White,None,Admitted,,38
843-25-8078,23-03-2024,21:28:00,N. Ockwell,Female,33,White,None,Admitted,,42
144-25-3409,08-04-2023,20:29:00,N. Chetter,Female,76,White,None,Admitted,,45
775-20-3436,09-06-2023,07:39:00,N. Moores,Female,17,White,None,Admitted,,46
313-83-5518,03-09-2024,16:23:00,N. Older,Female,66,White,None,Admitted,,52
197-33-1015,26-06-2024,05:32:00,N. Mengue,Female,61,White,None,Admitted,,56
285-87-9578,13-05-2024,11:08:00,N. Croney,Female,24,White,None,Admitted,,58
241-68-0418,31-10-2023,11:49:00,N. MacDowal,Female,59,White,None,Admitted,,59
851-10-2629,28-07-2024,06:17:00,O. Baudi,Female,75,White,None,Admitted,,10
623-88-0026,10-05-2024,06:55:00,O. Bough,Female,54,White,None,Admitted,,17
838-72-7699,04-08-2023,22:18:00,O. Burleigh,Female,49,White,None,Admitted,,21
788-24-5958,21-10-2023,19:50:00,O. Willford,Female,78,White,None,Admitted,,22
887-98-0055,04-12-2023,12:46:00,O. Strathe,Female,21,White,None,Admitted,,27
374-87-4141,14-05-2023,15:44:00,O. Womack,Female,56,White,None,Admitted,,34
623-40-0190,26-10-2023,12:40:00,O. Imesen,Female,72,White,None,Admitted,,35
144-03-3903,31-03-2024,02:03:00,O. Scantlebury,Female,15,White,None,Admitted,,37
291-11-3500,05-07-2024,01:54:00,O. Caskey,Female,18,White,None,Admitted,,41
209-17-1202,19-04-2023,14:01:00,O. Hearst,Female,25,White,None,Admitted,,53
773-97-1480,03-06-2024,10:34:00,O. Elliman,Female,46,White,None,Admitted,,56
321-43-2333,13-06-2024,11:03:00,P. Cayford,Female,31,White,None,Admitted,,11
452-69-2471,08-10-2024,21:28:00,P. Lidell,Female,7,White,None,Admitted,,13
886-98-2666,20-06-2024,07:44:00,P. Fossett,Female,50,White,None,Admitted,,13
243-26-2463,22-02-2024,16:38:00,P. Mongan,Female,72,White,None,Admitted,,14
229-63-8890,22-05-2023,13:54:00,P. Caddick,Female,30,White,None,Admitted,,20
444-57-9644,12-07-2024,12:31:00,P. Bangs,Female,74,White,None,Admitted,,30
123-40-8299,16-11-2023,19:35:00,P. Hamal,Female,61,White,None,Admitted,,35
890-65-9881,22-02-2024,08:27:00,P. Lawrance,Female,65,White,None,Admitted,,36
365-07-5242,13-08-2024,06:33:00,P. Dooley,Female,58,White,None,Admitted,,51
114-90-7587,22-01-2024,16:33:00,P. Beaconsall,Female,69,White,None,Admitted,,52
515-14-1230,12-10-2023,11:31:00,P. Lownes,Female,75,White,None,Admitted,,58
742-47-1941,11-05-2023,21:44:00,Q. Lundbech,Female,3,White,None,Admitted,,30
773-49-0669,10-07-2023,02:23:00,Q. Dunklee,Female,1,White,None,Admitted,,32
146-42-3123,29-10-2023,19:39:00,Q. Bidgood,Female,67,White,None,Admitted,,35
614-41-8501,13-11-2023,00:35:00,Q. Hamilton,Female,57,White,None,Admitted,,38
342-18-9585,11-04-2023,22:53:00,Q. Faichney,Female,52,White,None,Admitted,,43
166-48-3805,07-04-2024,10:06:00,Q. Drust,Female,53,White,None,Admitted,,48
313-04-2804,05-06-2023,12:03:00,Q. Count,Female,67,White,None,Admitted,,51
358-50-2747,05-08-2023,20:41:00,Q. Linham,Female,11,White,None,Admitted,,52
598-29-3507,12-07-2023,00:10:00,Q. Warr,Female,10,White,None,Admitted,,54
135-46-0133,12-07-2024,23:51:00,Q. Murtimer,Female,59,White,None,Admitted,,58
568-02-8859,02-11-2023,12:32:00,R. Oehme,Female,18,White,None,Admitted,,19
849-72-8939,02-03-2024,15:31:00,R. Comber,Female,65,White,None,Admitted,,24
778-19-3191,04-03-2024,11:01:00,R. Ahern,Female,24,White,None,Admitted,,25
810-32-8712,01-09-2024,22:04:00,R. Langmaid,Female,63,White,None,Admitted,,35
709-54-8843,20-03-2024,11:30:00,R. Shawdforth,Female,34,White,None,Admitted,,37
212-14-9787,11-03-2024,18:02:00,R. Holhouse,Female,1,White,None,Admitted,,41
791-17-1830,31-05-2023,17:02:00,R. Klewer,Female,79,White,None,Admitted,,42
106-39-9634,18-04-2023,10:49:00,R. Orta,Female,10,White,None,Admitted,,48
701-74-8201,01-03-2024,11:37:00,R. Jeaycock,Female,33,White,None,Admitted,,50
889-02-1595,11-01-2024,18:01:00,R. Cawcutt,Female,12,White,None,Admitted,,53
730-77-8624,15-11-2023,08:18:00,R. Bridgstock,Female,30,White,None,Admitted,,53
611-45-6001,16-10-2024,17:35:00,R. Hawthorn,Female,58,White,None,Admitted,,54
101-85-4810,07-08-2023,05:55:00,R. McBoyle,Female,74,White,None,Admitted,,55
428-22-3036,02-09-2024,22:42:00,R. Bickerdyke,Female,30,White,None,Admitted,,57
895-36-1172,05-05-2023,05:25:00,S. Lernihan,Female,26,White,None,Admitted,,11
499-12-2949,28-06-2023,19:21:00,S. Haller,Female,26,White,None,Admitted,,17
501-21-0272,11-06-2024,00:05:00,S. Hearl,Female,43,White,None,Admitted,,18
773-46-9525,10-04-2024,09:14:00,S. Pardon,Female,5,White,None,Admitted,,30
496-61-3989,12-04-2024,02:39:00,S. Roderick,Female,23,White,None,Admitted,,33
487-77-7085,27-03-2024,15:47:00,S. Gimbart,Female,35,White,None,Admitted,,36
787-63-7727,29-08-2024,12:22:00,S. Brogi,Female,64,White,None,Admitted,,40
403-03-4234,28-11-2023,07:18:00,S. Chesterman,Female,73,White,None,Admitted,,42
241-49-0565,20-04-2023,07:52:00,S. Geertje,Female,11,White,None,Admitted,,53
753-02-8581,18-10-2024,02:00:00,S. Daunter,Female,74,White,None,Admitted,,53
638-04-8066,30-12-2023,08:16:00,T. Swanne,Female,63,White,None,Admitted,,11
650-24-3956,21-02-2024,17:55:00,T. Pollastrino,Female,58,White,None,Admitted,,24
295-70-8330,16-06-2023,21:10:00,T. Batt,Female,58,White,None,Admitted,,25
121-61-4569,11-11-2023,14:18:00,T. Duffet,Female,67,White,None,Admitted,,28
386-58-0850,10-04-2024,01:54:00,T. Syplus,Female,47,White,None,Admitted,,29
705-46-8327,24-04-2023,14:40:00,T. Wilson,Female,36,White,None,Admitted,,30
209-37-3439,22-12-2023,00:39:00,T. Giacomi,Female,10,White,None,Admitted,,33
835-98-7545,11-09-2024,20:25:00,T. Suffe,Female,71,White,None,Admitted,,45
421-24-6442,08-02-2024,23:59:00,T. Teague,Female,36,White,None,Admitted,,49
780-08-1040,17-09-2023,21:04:00,T. Matevosian,Female,62,White,None,Admitted,,49
638-14-6670,17-05-2024,18:12:00,T. Deegan,Female,50,White,None,Admitted,,54
478-35-5888,08-12-2023,19:38:00,T. Yerson,Female,23,White,None,Admitted,,56
308-18-0978,18-05-2024,12:20:00,U. Ziems,Female,54,White,None,Admitted,,13
817-05-6112,19-12-2023,20:24:00,U. O'Duggan,Female,48,White,None,Admitted,,19
240-60-6769,03-01-2024,11:50:00,U. Maric,Female,65,White,None,Admitted,,19
443-01-9231,28-05-2023,05:26:00,U. Suggey,Female,17,White,None,Admitted,,20
357-66-8043,28-11-2023,07:43:00,U. O'Connel,Female,3,White,None,Admitted,,24
613-08-2623,25-10-2023,12:20:00,U. Portis,Female,49,White,None,Admitted,,30
817-42-5463,08-04-2024,20:39:00,U. Ramage,Female,71,White,None,Admitted,,36
203-82-4463,03-03-2024,07:49:00,U. Burgwin,Female,54,White,None,Admitted,,37
188-51-7186,27-12-2023,03:14:00,U. Shalcros,Female,40,White,None,Admitted,,38
713-02-0756,03-09-2023,04:50:00,U. Filde,Female,65,White,None,Admitted,,46
473-20-6494,10-10-2024,23:39:00,U. Pankhurst.,Female,10,White,None,Admitted,,56
798-37-9426,15-09-2023,04:33:00,U. Wisdish,Female,78,White,None,Admitted,,59
161-72-0475,29-04-2024,20:25:00,V. Schuster,Female,40,White,None,Admitted,,20
112-71-8998,12-05-2024,23:35:00,V. Cromack,Female,70,White,None,Admitted,,22
630-15-2305,11-04-2024,15:33:00,V. Komorowski,Female,54,White,None,Admitted,,27
756-70-9085,06-05-2024,20:46:00,V. Booler,Female,49,White,None,Admitted,,36
133-01-1137,24-04-2024,05:03:00,V. Stanney,Female,51,White,None,Admitted,,36
218-83-3717,03-06-2023,16:49:00,V. Goodred,Female,23,White,None,Admitted,,39
200-67-7295,03-05-2023,08:24:00,V. Bartrum,Female,76,White,None,Admitted,,41
110-18-6737,28-07-2023,04:22:00,V. Pimerick,Female,28,White,None,Admitted,,44
789-12-9925,03-06-2024,23:18:00,V. Mundy,Female,4,White,None,Admitted,,46
784-71-5298,05-02-2024,11:03:00,V. Clapston,Female,79,White,None,Admitted,,46
753-27-7246,14-11-2023,04:08:00,V. Duce,Female,37,White,None,Admitted,,47
740-90-4506,29-05-2023,06:28:00,V. Geldert,Female,2,White,None,Admitted,,48
563-50-3688,02-04-2023,03:22:00,W. Reburn,Female,26,White,None,Admitted,,12
893-72-7983,25-04-2024,20:19:00,W. Avard,Female,13,White,None,Admitted,,18
392-07-7335,30-07-2024,00:29:00,W. Elsdon,Female,76,White,None,Admitted,,23
101-35-3930,24-01-2024,07:29:00,W. Andreotti,Female,30,White,None,Admitted,,25
634-28-2073,30-07-2023,19:14:00,W. Botten,Female,39,White,None,Admitted,,25
376-97-1223,19-10-2023,23:52:00,W. Greenier,Female,64,White,None,Admitted,,26
560-24-6602,25-05-2023,18:53:00,W. Rozycki,Female,76,White,None,Admitted,,28
618-90-5436,24-07-2023,04:10:00,W. Goldes,Female,72,White,None,Admitted,,31
804-69-5163,01-08-2023,20:50:00,W. Chue,Female,43,White,None,Admitted,,43
166-87-3279,09-10-2023,23:08:00,W. Zaple,Female,78,White,None,Admitted,,44
234-78-0305,09-05-2023,22:06:00,W. Sanja,Female,63,White,None,Admitted,,54
222-26-0023,22-09-2024,00:01:00,X. Swaite,Female,79,White,None,Admitted,,10
739-57-2163,07-09-2023,23:48:00,X. Gear,Female,3,White,None,Admitted,,16
774-22-0705,08-04-2024,19:42:00,X. Cassel,Female,70,White,None,Admitted,,23
240-68-0827,10-08-2023,17:33:00,X. Daniel,Female,17,White,None,Admitted,,25
729-56-7978,28-06-2023,23:24:00,X. Sloam,Female,27,White,None,Admitted,,25
275-25-6839,14-11-2023,08:40:00,X. Bennough,Female,29,White,None,Admitted,,27
480-63-9268,19-08-2023,07:39:00,X. Muzzullo,Female,61,White,None,Admitted,,33
767-26-2712,01-10-2024,05:02:00,X. Rheam,Female,3,White,None,Admitted,,37
140-46-8836,24-04-2024,15:49:00,X. Lohmeyer,Female,8,White,None,Admitted,,37
253-96-6379,10-08-2024,17:40:00,X. Aggus,Female,70,White,None,Admitted,,38
811-57-3786,14-07-2024,11:07:00,X. Symington,Female,9,White,None,Admitted,,44
387-46-0963,29-09-2024,14:05:00,Y. Helwig,Female,51,White,None,Admitted,,16
614-73-8257,22-10-2023,04:13:00,Y. Pretorius,Female,1,White,None,Admitted,,17
176-56-4968,05-10-2024,11:20:00,Y. Mulvagh,Female,26,White,None,Admitted,,21
546-38-9941,27-10-2024,11:16:00,Y. McMeeking,Female,50,White,None,Admitted,,26
727-41-1550,02-08-2024,08:45:00,Y. Raffon,Female,2,White,None,Admitted,,35
669-62-5609,24-02-2024,07:02:00,Y. Dowglass,Female,72,White,None,Admitted,,36
473-43-2191,20-07-2024,23:21:00,Y. Faley,Female,26,White,None,Admitted,,46
657-80-6910,23-02-2024,17:24:00,Y. Dooley,Female,46,White,None,Admitted,,46
113-13-3301,28-09-2024,23:57:00,Y. Antecki,Female,37,White,None,Admitted,,54
308-16-1476,24-10-2024,19:38:00,Y. Mounsie,Female,64,White,None,Admitted,,59
899-17-3356,26-06-2024,14:22:00,Z. D'Hooghe,Female,22,White,None,Admitted,,13
517-04-2663,12-08-2023,09:13:00,Z. Clingoe,Female,16,White,None,Admitted,,19
522-04-4518,23-04-2024,16:09:00,Z. Row,Female,69,White,None,Admitted,,38
685-09-0114,21-09-2024,13:59:00,Z. Skerman,Female,13,White,None,Admitted,,40
890-87-2756,18-07-2024,15:38:00,Z. Bernhardi,Female,11,White,None,Admitted,,42
534-53-9446,14-04-2024,22:02:00,Z. de Quincey,Female,51,White,None,Admitted,,47
789-30-1002,02-08-2023,05:31:00,Z. Drummond,Female,47,White,None,Admitted,,60
157-88-8844,28-11-2023,12:54:00,A. Cuttler,Female,60,White,None,Admitted,0,25
563-03-8388,28-08-2024,20:39:00,D. Weyman,Female,63,White,None,Admitted,0,24
705-87-4667,15-01-2024,11:20:00,H. Woolnough,Female,50,White,None,Admitted,0,31
852-69-6258,28-04-2023,08:35:00,L. Fagence,Female,21,White,None,Admitted,0,39
602-84-3086,07-09-2024,22:14:00,L. Gordon,Female,18,White,None,Admitted,0,47
819-70-1506,19-04-2024,03:01:00,O. De Vere,Female,38,White,None,Admitted,0,16
416-08-7655,26-12-2023,04:29:00,S. Dunkirk,Female,57,White,None,Admitted,0,13
164-29-5021,23-05-2023,15:55:00,S. Lilley,Female,73,White,None,Admitted,0,37
713-21-1635,04-12-2023,18:00:00,V. Thickin,Female,49,White,None,Admitted,0,59
764-74-1398,17-02-2024,14:47:00,Z. Heyfield,Female,26,White,None,Admitted,0,31
687-07-1230,12-07-2024,07:30:00,Z. Ashwin,Female,12,White,None,Admitted,0,58
516-34-6394,12-05-2023,11:32:00,F. Hylands,Female,28,White,None,Admitted,1,20
122-46-5252,15-06-2024,22:21:00,G. Klosa,Female,63,White,None,Admitted,1,20
234-88-9106,02-12-2023,01:25:00,K. Melhuish,Female,3,White,None,Admitted,1,39
385-83-1799,15-12-2023,12:48:00,T. Golding,Female,73,White,None,Admitted,1,17
608-51-4964,11-07-2024,02:22:00,V. Fyers,Female,3,White,None,Admitted,1,51
616-96-8379,29-07-2024,12:29:00,G. Blagburn,Female,58,White,None,Admitted,2,15
795-97-8042,10-06-2024,15:05:00,K. Gillow,Female,47,White,None,Admitted,2,39
114-88-2644,08-11-2023,16:05:00,K. Wagge,Female,27,White,None,Admitted,2,42
277-27-7821,18-08-2023,16:33:00,L. Housam,Female,18,White,None,Admitted,2,41
837-73-8994,15-07-2024,21:38:00,X. McGhee,Female,70,White,None,Admitted,2,20
306-96-2248,23-08-2023,04:14:00,X. Ouslem,Female,7,White,None,Admitted,2,41
760-43-3313,21-06-2024,13:48:00,D. Swindall,Female,71,White,None,Admitted,3,24
631-83-4544,05-06-2024,11:41:00,G. Beardsdale,Female,49,White,None,Admitted,3,41
619-42-8131,10-07-2024,21:59:00,L. MacCague,Female,47,White,None,Admitted,3,33
100-74-3943,17-09-2023,01:31:00,M. Hallard,Female,3,White,None,Admitted,3,14
501-13-7396,09-05-2023,11:24:00,O. Warre,Female,75,White,None,Admitted,3,17
766-71-2978,24-04-2024,03:11:00,U. Christauffour,Female,32,White,None,Admitted,3,57
701-30-7761,06-09-2024,09:11:00,V. Rawlingson,Female,53,White,None,Admitted,3,20
220-40-6700,28-06-2023,02:00:00,V. Tamsett,Female,12,White,None,Admitted,3,47
675-75-5119,05-04-2024,23:06:00,D. Dan,Female,16,White,None,Admitted,4,17
364-08-4191,28-09-2024,08:21:00,L. Alwell,Female,7,White,None,Admitted,4,41
891-66-0692,06-06-2024,14:29:00,N. Coopey,Female,39,White,None,Admitted,4,48
636-48-7628,15-02-2024,02:53:00,O. Stables,Female,58,White,None,Admitted,4,59
318-13-3726,11-10-2023,15:31:00,S. Murray,Female,71,White,None,Admitted,4,21
188-78-3724,27-08-2023,21:19:00,T. Grason,Female,13,White,None,Admitted,4,19
139-42-0535,21-07-2024,05:36:00,U. Honsch,Female,72,White,None,Admitted,4,29
281-64-1818,14-05-2023,18:45:00,V. Studman,Female,10,White,None,Admitted,4,44
683-99-2198,24-07-2024,20:02:00,V. Iggulden,Female,23,White,None,Admitted,4,44
488-19-5188,17-05-2023,16:11:00,Z. Roland,Female,1,White,None,Admitted,4,27
256-07-5165,01-09-2024,23:26:00,A. Powter,Female,22,White,None,Admitted,5,43
341-75-1961,14-04-2024,14:31:00,M. Birkenshaw,Female,31,White,None,Admitted,5,58
667-93-9784,17-02-2024,19:45:00,P. Garlant,Female,9,White,None,Admitted,5,13
257-61-2650,14-06-2024,22:07:00,T. Strond,Female,54,White,None,Admitted,5,54
668-79-5006,17-05-2024,03:53:00,Y. McMullen,Female,12,White,None,Admitted,5,37
345-35-5116,11-05-2024,23:05:00,Y. Jahnisch,Female,42,White,None,Admitted,5,50
827-65-1958,02-01-2024,07:07:00,E. D'Oyly,Female,38,White,None,Admitted,6,57
604-86-5324,13-10-2023,08:22:00,N. Perche,Female,35,White,None,Admitted,6,50
168-07-4106,02-02-2024,03:13:00,P. Monnoyer,Female,19,White,None,Admitted,6,45
519-63-7221,23-11-2023,01:05:00,W. Broddle,Female,53,White,None,Admitted,6,41
169-94-6100,15-08-2023,21:10:00,A. Cristofaro,Female,37,White,None,Admitted,7,12
204-82-4893,17-08-2023,04:43:00,C. Hurn,Female,64,White,None,Admitted,7,39
484-72-9497,20-02-2024,00:09:00,F. Abelovitz,Female,24,White,None,Admitted,7,41
858-24-9963,11-05-2024,09:11:00,K. Golds,Female,60,White,None,Admitted,7,25
130-03-6486,01-01-2024,09:08:00,M. Carwithan,Female,17,White,None,Admitted,7,56
663-86-9324,17-07-2024,08:19:00,Q. Hawkshaw,Female,56,White,None,Admitted,7,32
400-25-3511,28-04-2024,08:23:00,B. Hammant,Female,54,White,None,Admitted,8,27
178-58-4180,14-04-2024,14:28:00,I. Ingold,Female,23,White,None,Admitted,8,48
665-83-7645,25-05-2024,12:45:00,P. Catterick,Female,42,White,None,Admitted,8,53
600-60-0546,11-03-2024,08:38:00,W. Cusick,Female,55,White,None,Admitted,8,41
815-37-9502,21-12-2023,04:38:00,X. Hammerstone,Female,72,White,None,Admitted,8,57
497-21-5239,20-08-2023,09:02:00,A. Laviss,Female,40,White,None,Admitted,9,43
250-51-3367,02-03-2024,11:36:00,E. Kunkel,Female,52,White,None,Admitted,9,28
726-54-0891,04-11-2023,03:39:00,J. Curr,Female,31,White,None,Admitted,9,50
684-12-2313,16-10-2024,20:14:00,N. Abendroth,Female,11,White,None,Admitted,9,41
157-49-9764,15-01-2024,14:55:00,R. Hundley,Female,41,White,None,Admitted,9,27
641-23-5829,03-12-2023,23:21:00,T. Dalgety,Female,20,White,None,Admitted,9,11
447-43-8712,12-05-2023,00:13:00,U. Klejin,Female,32,White,None,Admitted,9,34
856-09-2253,04-04-2024,05:43:00,V. Works,Female,34,White,None,Admitted,9,52
800-38-8561,27-08-2023,01:39:00,X. MacCombe,Female,67,White,None,Admitted,9,27
145-46-1321,13-05-2023,08:12:00,Z. Fursland,Female,38,White,None,Admitted,9,17
338-60-3097,09-10-2023,23:41:00,B. Bartod,Female,53,White,None,Admitted,10,60
779-34-2105,17-09-2023,01:34:00,E. Tivnan,Female,54,White,None,Admitted,10,12
442-29-2860,21-07-2024,21:45:00,F. Adran,Female,23,White,None,Admitted,10,53
621-08-1059,19-08-2023,18:15:00,K. Baal,Female,9,White,None,Admitted,10,10
637-81-2602,27-01-2024,03:45:00,L. Curneen,Female,29,White,None,Admitted,10,58
896-52-6863,22-04-2024,10:00:00,N. McGettrick,Female,39,White,None,Admitted,10,59
185-86-8176,25-06-2024,09:18:00,S. McCreery,Female,67,White,None,Admitted,10,34
358-91-5396,04-06-2024,16:09:00,V. Jerrold,Female,24,White,None,Admitted,10,43
228-10-0070,21-09-2023,15:51:00,Y. Towle,Female,73,White,None,Admitted,10,10
458-99-9074,04-09-2023,00:46:00,A. McGaughay,Female,2,White,Orthopedics,Admitted,,17
559-31-6017,14-02-2024,23:47:00,A. Heggman,Female,25,White,Orthopedics,Admitted,,20
224-71-2531,24-07-2023,23:39:00,A. Wickett,Female,60,White,Orthopedics,Admitted,,44
376-27-6802,26-07-2023,04:09:00,B. Claypole,Female,24,White,Orthopedics,Admitted,,40
875-35-4737,06-10-2023,20:59:00,C. Mompesson,Female,18,White,Orthopedics,Admitted,,15
263-80-6685,10-02-2024,11:23:00,C. Bartkowiak,Female,58,White,Orthopedics,Admitted,,19
869-66-7554,29-11-2023,02:34:00,C. Cantillion,Female,35,White,Orthopedics,Admitted,,56
250-82-5464,27-08-2023,00:46:00,D. Heath,Female,35,White,Orthopedics,Admitted,,50
844-21-7153,03-06-2023,21:06:00,E. Gaskamp,Female,74,White,Orthopedics,Admitted,,17
149-68-0241,08-02-2024,22:08:00,E. Hemerijk,Female,40,White,Orthopedics,Admitted,,19
414-06-4445,05-06-2023,02:57:00,E. Detoc,Female,19,White,Orthopedics,Admitted,,41
729-35-9748,05-10-2024,14:35:00,E. McCanny,Female,45,White,Orthopedics,Admitted,,44
603-25-1575,25-12-2023,03:49:00,G. Drever,Female,60,White,Orthopedics,Admitted,,31
313-36-3938,17-01-2024,12:41:00,G. Heigold,Female,4,White,Orthopedics,Admitted,,53
298-15-6094,09-08-2023,01:53:00,H. Ransome,Female,79,White,Orthopedics,Admitted,,11
880-96-2037,13-04-2023,18:46:00,H. Jasper,Female,15,White,Orthopedics,Admitted,,24
438-91-9401,12-10-2023,15:39:00,H. Pilger,Female,30,White,Orthopedics,Admitted,,29
124-40-1013,27-06-2024,10:27:00,H. Rasher,Female,34,White,Orthopedics,Admitted,,43
697-02-7197,02-04-2024,01:30:00,H. Tregien,Female,24,White,Orthopedics,Admitted,,54
461-70-5641,14-04-2023,03:12:00,I. Glasscoo,Female,72,White,Orthopedics,Admitted,,31
213-96-5568,21-08-2023,23:29:00,J. Eschalette,Female,40,White,Orthopedics,Admitted,,45
229-78-0810,19-06-2023,23:26:00,K. Bend,Female,19,White,Orthopedics,Admitted,,23
567-34-6800,26-07-2023,11:24:00,L. Carlo,Female,17,White,Orthopedics,Admitted,,30
797-70-2349,03-03-2024,09:12:00,N. Wallwork,Female,55,White,Orthopedics,Admitted,,25
689-86-6145,06-05-2024,05:26:00,O. Cordie,Female,16,White,Orthopedics,Admitted,,22
409-22-8805,01-05-2024,07:11:00,O. Ayton,Female,59,White,Orthopedics,Admitted,,37
249-19-1543,28-04-2023,15:12:00,P. Dunnet,Female,2,White,Orthopedics,Admitted,,16
623-89-4272,20-07-2024,19:15:00,P. Pobjay,Female,51,White,Orthopedics,Admitted,,26
327-14-9748,28-01-2024,04:29:00,P. Dance,Female,72,White,Orthopedics,Admitted,,31
876-79-7112,09-07-2024,19:30:00,Q. Halfacre,Female,49,White,Orthopedics,Admitted,,11
545-22-1531,04-10-2024,17:06:00,R. Budnk,Female,1,White,Orthopedics,Admitted,,22
436-65-3999,12-12-2023,21:49:00,R. Cliffe,Female,48,White,Orthopedics,Admitted,,30
537-09-7772,26-10-2024,05:28:00,R. Mallia,Female,3,White,Orthopedics,Admitted,,33
608-47-0337,01-01-2024,17:25:00,R. Boyle,Female,22,White,Orthopedics,Admitted,,45
811-97-1091,22-03-2024,08:34:00,S. Ryal,Female,61,White,Orthopedics,Admitted,,53
596-98-6693,23-12-2023,20:45:00,T. Albrighton,Female,40,White,Orthopedics,Admitted,,10
563-72-1313,22-11-2023,12:36:00,U. O'Suaird,Female,53,White,Orthopedics,Admitted,,26
171-75-9146,21-05-2024,03:02:00,U. Hearnah,Female,30,White,Orthopedics,Admitted,,32
283-63-7892,12-06-2024,21:09:00,V. Hanigan,Female,4,White,Orthopedics,Admitted,,14
509-15-9216,06-06-2024,20:19:00,V. Takkos,Female,12,White,Orthopedics,Admitted,,60
284-23-4071,13-03-2024,16:29:00,W. Keasley,Female,33,White,Orthopedics,Admitted,,43
717-51-2915,03-10-2024,23:40:00,X. Shiels,Female,7,White,Orthopedics,Admitted,,32
195-26-8178,04-10-2024,13:53:00,Y. Orrett,Female,18,White,Orthopedics,Admitted,,27
512-60-2460,22-11-2023,08:04:00,Z. Koenen,Female,26,White,Orthopedics,Admitted,,49
841-74-3492,07-05-2024,04:30:00,S. Follis,Female,10,White,Orthopedics,Admitted,0,50
625-47-1514,17-11-2023,07:08:00,T. Goodfellowe,Female,55,White,Orthopedics,Admitted,0,51
360-05-3720,20-07-2024,00:00:00,A. Francesch,Female,22,White,Orthopedics,Admitted,1,15
265-41-2620,17-10-2023,18:02:00,O. Ruprechter,Female,76,White,Orthopedics,Admitted,1,23
472-97-6207,07-05-2023,11:14:00,X. Bromehed,Female,31,White,Orthopedics,Admitted,1,59
540-07-7543,23-02-2024,20:16:00,Z. Izakson,Female,54,White,Orthopedics,Admitted,1,60
186-48-7416,16-07-2024,03:12:00,K. Abbotson,Female,7,White,Orthopedics,Admitted,3,24
811-13-4461,06-05-2023,18:02:00,U. Kloska,Female,45,White,Orthopedics,Admitted,3,16
496-47-5279,21-09-2023,15:03:00,C. Malitrott,Female,73,White,Orthopedics,Admitted,4,40
228-41-0095,10-06-2024,20:16:00,O. Leete,Female,74,White,Orthopedics,Admitted,4,32
129-25-8655,24-07-2024,18:25:00,J. Pimer,Female,73,White,Orthopedics,Admitted,5,19
415-28-3023,31-08-2023,19:24:00,Z. Hext,Female,48,White,Orthopedics,Admitted,5,47
891-36-7946,01-11-2023,18:30:00,K. Wollaston,Female,6,White,Orthopedics,Admitted,6,21
843-76-4020,22-01-2024,03:35:00,O. Bussy,Female,79,White,Orthopedics,Admitted,7,14
168-19-7400,21-08-2023,09:47:00,W. Grebbin,Female,49,White,Orthopedics,Admitted,8,43
566-41-9643,20-01-2024,13:38:00,B. Charlson,Female,49,White,Orthopedics,Admitted,9,45
426-82-0991,27-10-2024,00:20:00,M. Quartermain,Female,7,White,Orthopedics,Admitted,10,31
115-72-7138,22-04-2024,18:33:00,T. Guinnane,Female,21,White,Orthopedics,Admitted,10,18
724-36-0175,22-08-2024,08:11:00,B. Pluck,Female,27,White,Physiotherapy,Admitted,,36
604-92-6296,24-10-2023,09:59:00,C. Hallin,Female,71,White,Physiotherapy,Admitted,,25
635-51-4215,23-05-2024,17:44:00,E. Seacombe,Female,16,White,Physiotherapy,Admitted,,39
714-15-3274,10-06-2023,07:09:00,L. Oliff,Female,78,White,Physiotherapy,Admitted,,59
563-64-7249,26-04-2024,17:44:00,Q. Lindemann,Female,78,White,Physiotherapy,Admitted,,42
264-47-3879,30-12-2023,20:24:00,R. Bernardelli,Female,31,White,Physiotherapy,Admitted,,54
566-23-2795,24-09-2023,10:28:00,T. Herkess,Female,31,White,Physiotherapy,Admitted,,49
453-54-2453,01-11-2023,13:27:00,U. Dowall,Female,20,White,Physiotherapy,Admitted,,48
754-56-4342,17-09-2024,14:32:00,U. Leifer,Female,34,White,Physiotherapy,Admitted,,49
615-52-5411,16-05-2024,00:44:00,W. Casbolt,Female,30,White,Physiotherapy,Admitted,,26
470-60-5209,06-04-2024,22:49:00,Z. Iacovides,Female,25,White,Physiotherapy,Admitted,,29
438-23-0462,02-09-2024,02:21:00,A. Harker,Female,13,White,Physiotherapy,Admitted,2,53
854-90-9500,04-07-2023,13:21:00,Q. Wynrehame,Female,57,White,Physiotherapy,Admitted,2,10
451-68-1953,14-01-2024,05:55:00,U. Ainley,Female,36,White,Physiotherapy,Admitted,3,33
683-59-0318,25-09-2024,03:42:00,N. Fisk,Female,35,White,Physiotherapy,Admitted,4,32
734-39-1461,06-12-2023,01:21:00,B. Mattussevich,Female,44,White,Physiotherapy,Admitted,5,35
207-67-5562,09-06-2024,15:30:00,T. Fraanchyonok,Female,64,White,Physiotherapy,Admitted,5,25
221-08-4372,02-07-2024,15:29:00,A. Mahaddie,Female,72,White,Physiotherapy,Admitted,9,20
618-15-9676,18-10-2023,14:24:00,J. Oldall,Female,63,White,Renal,Admitted,,31
383-24-5206,10-01-2024,14:17:00,O. Blackford,Female,51,White,Renal,Admitted,,60
530-06-5008,09-06-2023,19:19:00,R. Berendsen,Female,68,White,Renal,Admitted,,44
210-99-0414,25-08-2024,15:48:00,S. Gutierrez,Female,36,White,Renal,Admitted,,31
234-64-8434,25-12-2023,12:05:00,W. Faherty,Female,49,White,Renal,Admitted,,42
458-66-7478,18-07-2023,01:49:00,Z. Mawson,Female,36,White,Renal,Admitted,,45
144-47-5038,06-09-2024,05:39:00,K. Alexis,Female,45,White,Renal,Admitted,0,49
628-86-1438,16-01-2024,16:46:00,Z. Witherup,Female,37,White,Renal,Admitted,6,56
433-92-8562,19-08-2023,20:00:00,Z. Kenworthey,Female,34,White,Renal,Admitted,8,42
863-51-9551,05-09-2024,06:49:00,D. Corrin,Male,46,African American,Cardiology,Admitted,,51
608-45-3024,21-02-2024,20:41:00,K. Querree,Male,36,African American,Cardiology,Admitted,,24
700-85-1404,25-07-2023,08:34:00,L. Klimontovich,Male,11,African American,Cardiology,Admitted,,58
321-29-1165,24-03-2024,05:19:00,O. Wyld,Male,61,African American,Cardiology,Admitted,,14
340-31-4912,09-07-2023,17:25:00,O. Renshaw,Male,19,African American,Cardiology,Admitted,,42
684-15-6213,15-11-2023,20:17:00,O. Tilzey,Male,75,African American,Cardiology,Admitted,,50
229-42-0816,29-10-2023,16:28:00,R. Rowston,Male,44,African American,Cardiology,Admitted,,50
782-82-3086,26-02-2024,18:21:00,T. Sabbins,Male,43,African American,Cardiology,Admitted,,27
246-51-3655,28-12-2023,07:05:00,Z. Lardez,Male,19,African American,Cardiology,Admitted,,28
377-39-3538,18-08-2023,16:24:00,Y. Mechan,Male,27,African American,Cardiology,Admitted,9,26
825-77-9437,31-05-2024,17:33:00,B. Halsey,Male,15,African American,Gastroenterology,Admitted,,25
269-47-7139,19-06-2023,00:53:00,C. Treadway,Male,44,African American,Gastroenterology,Admitted,,17
207-76-8815,09-03-2024,04:06:00,G. Tingey,Male,19,African American,Gastroenterology,Admitted,,32
193-37-7138,08-06-2024,14:13:00,J. Simons,Male,75,African American,Gastroenterology,Admitted,,60
763-06-8777,07-06-2023,02:12:00,K. Bent,Male,76,African American,Gastroenterology,Admitted,,25
628-60-2471,15-12-2023,11:39:00,S. Nardi,Male,13,African American,Gastroenterology,Admitted,,41
752-34-4471,27-11-2023,00:18:00,S. Baltzar,Male,56,African American,Gastroenterology,Admitted,,49
148-18-7869,28-09-2023,21:24:00,A. Juliff,Male,17,African American,Gastroenterology,Admitted,5,22
899-68-1954,24-01-2024,10:44:00,H. Gerler,Male,33,African American,Gastroenterology,Admitted,5,36
585-23-3839,22-02-2024,16:34:00,S. Salway,Male,59,African American,Gastroenterology,Admitted,10,46
317-63-8141,09-07-2024,06:23:00,A. Maudling,Male,60,African American,General Practice,Admitted,,10
730-92-9749,25-02-2024,01:07:00,A. Hearty,Male,18,African American,General Practice,Admitted,,13
153-86-7429,29-04-2024,02:44:00,A. Rozalski,Male,38,African American,General Practice,Admitted,,32
209-13-8764,20-01-2024,13:10:00,A. Glaister,Male,45,African American,General Practice,Admitted,,36
246-42-6834,05-08-2024,01:59:00,B. Birtle,Male,43,African American,General Practice,Admitted,,15
848-11-5125,02-07-2024,08:01:00,B. Ayliffe,Male,32,African American,General Practice,Admitted,,25
314-97-4194,20-07-2024,20:11:00,C. Petett,Male,47,African American,General Practice,Admitted,,23
722-55-2589,08-06-2024,03:17:00,C. De Mico,Male,67,African American,General Practice,Admitted,,58
845-06-3779,20-04-2024,12:50:00,D. Meddick,Male,50,African American,General Practice,Admitted,,36
205-08-0013,10-08-2023,20:07:00,D. Korn,Male,30,African American,General Practice,Admitted,,45
401-75-7006,04-01-2024,15:36:00,D. Kinahan,Male,55,African American,General Practice,Admitted,,46
859-31-3788,24-04-2024,05:53:00,E. Prott,Male,23,African American,General Practice,Admitted,,15
725-05-3696,03-12-2023,20:54:00,E. Bonsul,Male,36,African American,General Practice,Admitted,,21
814-08-7027,10-04-2024,17:45:00,F. Skelbeck,Male,65,African American,General Practice,Admitted,,17
858-02-6228,29-05-2023,09:59:00,F. Tomik,Male,22,African American,General Practice,Admitted,,22
546-86-5704,19-05-2023,17:34:00,F. Minshull,Male,51,African American,General Practice,Admitted,,22
744-36-1390,23-03-2024,07:44:00,F. Lambarton,Male,26,African American,General Practice,Admitted,,28
278-41-5607,08-07-2024,02:21:00,F. Genery,Male,72,African American,General Practice,Admitted,,47
474-79-8359,27-11-2023,07:01:00,G. Woodcroft,Male,4,African American,General Practice,Admitted,,32
368-60-2216,24-03-2024,15:23:00,G. Rogerot,Male,47,African American,General Practice,Admitted,,36
624-35-0744,10-02-2024,11:21:00,G. Routham,Male,76,African American,General Practice,Admitted,,38
737-85-6782,21-05-2024,13:28:00,G. McNirlin,Male,32,African American,General Practice,Admitted,,41
608-62-4792,12-05-2023,23:17:00,G. David,Male,67,African American,General Practice,Admitted,,49
614-40-8020,18-01-2024,16:14:00,H. Woodcock,Male,71,African American,General Practice,Admitted,,20
514-65-3918,18-07-2024,13:57:00,H. Chestney,Male,18,African American,General Practice,Admitted,,22
853-11-6791,24-02-2024,08:42:00,H. Robshaw,Male,74,African American,General Practice,Admitted,,41
810-25-2434,13-08-2024,05:32:00,I. Lippatt,Male,78,African American,General Practice,Admitted,,10
207-92-4947,05-10-2024,00:34:00,I. Dinnage,Male,23,African American,General Practice,Admitted,,11
596-81-0629,27-04-2024,18:19:00,I. Wycliff,Male,48,African American,General Practice,Admitted,,20
709-75-8904,27-07-2023,03:54:00,I. Machans,Male,11,African American,General Practice,Admitted,,23
270-86-7036,16-02-2024,22:54:00,I. Francesco,Male,63,African American,General Practice,Admitted,,47
657-17-7377,01-02-2024,07:01:00,J. Howroyd,Male,26,African American,General Practice,Admitted,,12
652-77-9755,11-08-2023,01:20:00,J. Chamberlin,Male,44,African American,General Practice,Admitted,,16
343-46-6292,19-08-2023,14:37:00,K. Clarke,Male,25,African American,General Practice,Admitted,,38
404-43-9499,09-09-2024,20:33:00,K. Blaydes,Male,79,African American,General Practice,Admitted,,38
196-16-6364,15-04-2024,12:16:00,K. Gartland,Male,74,African American,General Practice,Admitted,,39
543-38-8768,13-08-2024,07:05:00,K. Dumbell,Male,40,African American,General Practice,Admitted,,40
749-06-8527,11-09-2023,13:50:00,L. Semens,Male,41,African American,General Practice,Admitted,,60
806-98-9898,18-09-2024,21:27:00,M. Zellick,Male,53,African American,General Practice,Admitted,,18
149-82-2432,08-09-2024,09:20:00,M. Blunderfield,Male,45,African American,General Practice,Admitted,,43
133-23-1511,11-05-2023,11:28:00,M. Crux,Male,25,African American,General Practice,Admitted,,49
618-23-9015,30-09-2023,17:13:00,N. Killick,Male,23,African American,General Practice,Admitted,,26
793-16-8190,15-09-2024,01:29:00,N. Gamblin,Male,7,African American,General Practice,Admitted,,28
838-39-0089,01-08-2023,11:59:00,O. Doche,Male,39,African American,General Practice,Admitted,,27
495-89-0285,26-07-2023,16:02:00,P. Millwater,Male,30,African American,General Practice,Admitted,,43
160-06-0536,26-09-2023,12:20:00,P. Chrismas,Male,11,African American,General Practice,Admitted,,47
526-02-3053,27-01-2024,10:48:00,P. Peach,Male,34,African American,General Practice,Admitted,,51
748-34-2359,27-06-2024,02:50:00,P. Giacomasso,Male,73,African American,General Practice,Admitted,,51
360-87-9898,01-06-2023,13:24:00,Q. Rycraft,Male,67,African American,General Practice,Admitted,,17
177-90-6739,25-12-2023,01:15:00,Q. Twiggins,Male,34,African American,General Practice,Admitted,,18
544-04-8135,21-07-2023,13:01:00,Q. Segrave,Male,40,African American,General Practice,Admitted,,25
159-69-6815,17-12-2023,08:17:00,Q. Klich,Male,34,African American,General Practice,Admitted,,32
655-02-7368,21-12-2023,22:55:00,Q. Church,Male,79,African American,General Practice,Admitted,,32
639-06-0100,27-01-2024,12:20:00,Q. Brachell,Male,26,African American,General Practice,Admitted,,47
603-11-3680,07-09-2024,21:47:00,Q. Wallen,Male,30,African American,General Practice,Admitted,,50
673-14-9836,15-02-2024,21:03:00,R. Hause,Male,11,African American,General Practice,Admitted,,22
760-50-9495,22-03-2024,10:20:00,R. Grubey,Male,6,African American,General Practice,Admitted,,44
453-75-8232,12-08-2024,04:22:00,R. Ransbury,Male,72,African American,General Practice,Admitted,,54
591-38-7538,04-08-2024,11:58:00,S. Alejo,Male,51,African American,General Practice,Admitted,,59
215-85-8962,17-08-2024,03:09:00,T. Cromly,Male,42,African American,General Practice,Admitted,,25
358-26-5831,26-10-2024,23:20:00,U. Edens,Male,78,African American,General Practice,Admitted,,56
693-67-1165,25-02-2024,09:53:00,U. Bredes,Male,71,African American,General Practice,Admitted,,58
794-01-9516,22-10-2023,00:29:00,V. Duckhouse,Male,71,African American,General Practice,Admitted,,22
295-28-1056,21-06-2023,12:30:00,V. Denyakin,Male,36,African American,General Practice,Admitted,,30
195-87-9475,19-07-2023,07:40:00,V. Lofty,Male,19,African American,General Practice,Admitted,,33
222-73-0701,14-06-2023,07:18:00,V. Siss,Male,29,African American,General Practice,Admitted,,59
179-52-4667,12-07-2024,08:09:00,W. O'Henecan,Male,71,African American,General Practice,Admitted,,25
498-46-0026,25-06-2024,03:41:00,X. Tallant,Male,3,African American,General Practice,Admitted,,41
859-55-1950,06-06-2023,18:27:00,Y. Allon,Male,29,African American,General Practice,Admitted,,34
588-44-5318,11-02-2024,05:29:00,Y. Challenor,Male,59,African American,General Practice,Admitted,,40
111-27-8693,07-10-2024,18:29:00,Y. Muncey,Male,22,African American,General Practice,Admitted,,56
457-95-6519,19-05-2024,01:09:00,Z. Betancourt,Male,35,African American,General Practice,Admitted,,20
258-91-3638,25-06-2024,12:47:00,Z. Reeves,Male,38,African American,General Practice,Admitted,,20
857-31-2180,07-11-2023,13:13:00,Z. Attwool,Male,34,African American,General Practice,Admitted,,50
591-05-6298,24-06-2023,04:00:00,Y. Fraschetti,Male,15,African American,General Practice,Admitted,0,49
899-68-9474,27-09-2023,14:27:00,D. Hucklesby,Male,70,African American,General Practice,Admitted,1,14
787-26-4744,11-04-2024,01:53:00,S. Childe,Male,56,African American,General Practice,Admitted,1,58
359-56-0973,03-06-2024,13:09:00,T. Hehnke,Male,48,African American,General Practice,Admitted,1,32
542-32-4791,27-11-2023,17:04:00,V. Abramow,Male,20,African American,General Practice,Admitted,1,25
307-42-0988,01-08-2024,04:10:00,V. Terrell,Male,77,African American,General Practice,Admitted,1,59
189-85-8766,02-05-2024,20:01:00,Q. Jurgen,Male,73,African American,General Practice,Admitted,3,36
162-33-3355,19-05-2023,22:26:00,R. Nixon,Male,12,African American,General Practice,Admitted,3,36
863-59-4383,21-09-2024,23:52:00,H. Noirel,Male,2,African American,General Practice,Admitted,4,60
238-37-6207,18-04-2024,20:23:00,Q. Caselick,Male,77,African American,General Practice,Admitted,4,54
705-28-9468,26-12-2023,12:03:00,B. Dimic,Male,64,African American,General Practice,Admitted,5,15
536-22-5483,22-01-2024,08:23:00,B. Ableson,Male,54,African American,General Practice,Admitted,5,36
410-50-5126,09-02-2024,14:21:00,E. Rove,Male,65,African American,General Practice,Admitted,5,25
200-16-4772,17-04-2024,06:29:00,I. Docket,Male,78,African American,General Practice,Admitted,5,52
140-55-0292,14-04-2024,03:04:00,L. Reaper,Male,30,African American,General Practice,Admitted,5,27
210-86-6844,28-07-2024,20:15:00,L. Guidera,Male,38,African American,General Practice,Admitted,5,58
510-10-3956,02-06-2024,18:04:00,T. Thomann,Male,35,African American,General Practice,Admitted,5,57
351-73-4682,14-11-2023,12:41:00,E. Ghilardi,Male,10,African American,General Practice,Admitted,6,18
304-49-6840,04-06-2024,21:07:00,J. O' Ronan,Male,20,African American,General Practice,Admitted,6,21
763-18-6760,22-06-2024,10:09:00,K. Leatt,Male,43,African American,General Practice,Admitted,6,12
426-51-7600,30-07-2024,10:05:00,X. Borwick,Male,37,African American,General Practice,Admitted,6,22
140-96-0148,16-09-2023,09:22:00,B. Solomon,Male,9,African American,General Practice,Admitted,8,42
508-68-9988,19-03-2024,10:20:00,A. Treffry,Male,8,African American,General Practice,Admitted,9,36
299-74-5940,21-10-2023,04:20:00,G. Bern,Male,46,African American,General Practice,Admitted,9,17
712-85-4431,21-08-2023,04:47:00,P. Trewman,Male,35,African American,General Practice,Admitted,9,35
204-16-6516,28-02-2024,01:02:00,Q. Austing,Male,37,African American,General Practice,Admitted,10,15
488-56-9052,17-02-2024,23:38:00,B. Lowensohn,Male,41,African American,Neurology,Admitted,,23
649-23-2850,15-05-2024,09:57:00,B. Alvarado,Male,32,African American,Neurology,Admitted,,44
591-35-0584,21-10-2024,20:48:00,C. Valerio,Male,22,African American,Neurology,Admitted,,42
783-04-7667,16-07-2024,10:44:00,D. Fretson,Male,70,African American,Neurology,Admitted,,10
266-27-4585,28-02-2024,21:14:00,J. Voss,Male,8,African American,Neurology,Admitted,,31
612-19-4053,27-12-2023,23:15:00,O. Dudbridge,Male,47,African American,Neurology,Admitted,,50
362-31-6050,08-04-2023,03:47:00,U. Goble,Male,69,African American,Neurology,Admitted,,24
275-15-5173,15-11-2023,22:32:00,Q. Sharpus,Male,45,African American,Neurology,Admitted,0,17
282-16-4480,16-06-2023,11:35:00,F. Vaughan-Hughes,Male,22,African American,Neurology,Admitted,1,53
886-77-9729,15-07-2024,08:29:00,A. Halliday,Male,54,African American,None,Admitted,,17
413-63-3325,23-08-2024,03:19:00,A. Basili,Male,32,African American,None,Admitted,,37
286-68-0132,04-10-2024,22:25:00,A. Scherer,Male,51,African American,None,Admitted,,41
272-23-6884,21-04-2023,17:23:00,A. Mickan,Male,36,African American,None,Admitted,,43
856-58-6182,08-07-2024,23:27:00,A. Melpuss,Male,63,African American,None,Admitted,,44
255-46-9033,25-03-2024,04:42:00,A. Penrose,Male,7,African American,None,Admitted,,48
824-34-1887,09-09-2023,23:21:00,A. Coushe,Male,42,African American,None,Admitted,,54
815-91-7351,24-10-2023,01:43:00,A. Mahaddy,Male,34,African American,None,Admitted,,56
414-38-4030,31-12-2023,15:20:00,A. Connue,Male,41,African American,None,Admitted,,60
163-37-9298,10-05-2024,04:34:00,B. Philippet,Male,21,African American,None,Admitted,,22
537-10-1540,16-09-2024,23:58:00,B. Illesley,Male,43,African American,None,Admitted,,24
676-08-5880,26-12-2023,15:44:00,B. Beran,Male,50,African American,None,Admitted,,29
327-11-9513,28-04-2024,17:08:00,B. Pieracci,Male,71,African American,None,Admitted,,30
668-01-8193,29-10-2024,04:55:00,B. Josselsohn,Male,21,African American,None,Admitted,,46
400-30-8680,14-09-2023,17:19:00,B. Mayoral,Male,39,African American,None,Admitted,,52
577-92-8928,26-07-2024,11:19:00,B. Lamers,Male,59,African American,None,Admitted,,52
735-60-3323,12-10-2024,23:09:00,B. Tuffell,Male,8,African American,None,Admitted,,56
276-67-3192,06-08-2024,13:21:00,B. Tilsley,Male,61,African American,None,Admitted,,56
723-85-9208,05-03-2024,11:30:00,C. Doornbos,Male,11,African American,None,Admitted,,14
691-32-3373,29-06-2024,19:17:00,C. Marzello,Male,19,African American,None,Admitted,,14
566-91-4222,20-09-2024,22:46:00,C. Thorne,Male,76,African American,None,Admitted,,20
410-34-5251,18-10-2024,14:24:00,C. Bootyman,Male,24,African American,None,Admitted,,21
544-31-7500,14-10-2024,09:24:00,C. Dockreay,Male,14,African American,None,Admitted,,28
179-82-2740,14-08-2023,21:18:00,C. Mollin,Male,44,African American,None,Admitted,,29
768-83-3336,04-08-2024,03:23:00,C. Milley,Male,12,African American,None,Admitted,,37
791-22-1079,29-09-2024,23:13:00,C. Riddoch,Male,52,African American,None,Admitted,,49
639-02-2166,23-01-2024,23:35:00,C. Wyburn,Male,12,African American,None,Admitted,,57
792-34-9406,03-04-2024,04:00:00,D. Eberts,Male,48,African American,None,Admitted,,10
735-20-6750,14-04-2023,00:25:00,D. Sheehan,Male,62,African American,None,Admitted,,10
441-46-3541,18-05-2023,13:27:00,D. Beyn,Male,2,African American,None,Admitted,,11
359-29-3726,19-09-2023,09:40:00,D. MacCaig,Male,62,African American,None,Admitted,,15
473-32-0894,28-09-2024,05:51:00,D. Hazeltine,Male,23,African American,None,Admitted,,56
220-21-6446,08-08-2024,00:39:00,E. Yewdell,Male,1,African American,None,Admitted,,25
236-18-8893,10-07-2024,11:43:00,E. Brimman,Male,65,African American,None,Admitted,,28
648-43-2810,02-07-2023,05:04:00,E. Pagan,Male,25,African American,None,Admitted,,30
369-17-0446,23-05-2024,07:58:00,E. Zimmermeister,Male,29,African American,None,Admitted,,31
778-87-4111,04-02-2024,20:00:00,E. Brede,Male,14,African American,None,Admitted,,34
812-09-5507,16-07-2024,11:09:00,E. Ferrini,Male,46,African American,None,Admitted,,35
163-65-7783,19-05-2023,05:01:00,E. Cordelette,Male,57,African American,None,Admitted,,35
861-21-2134,28-08-2023,04:39:00,E. Waterson,Male,11,African American,None,Admitted,,38
609-16-8648,18-02-2024,22:57:00,E. Kornilov,Male,70,African American,None,Admitted,,57
406-59-1240,17-03-2024,21:11:00,E. Antoniou,Male,23,African American,None,Admitted,,59
750-20-0343,10-08-2023,05:07:00,F. Smullen,Male,36,African American,None,Admitted,,14
229-50-4595,03-09-2023,01:29:00,F. Neubigging,Male,19,African American,None,Admitted,,19
348-55-5182,13-08-2023,13:32:00,F. Waker,Male,56,African American,None,Admitted,,27
362-44-1114,25-11-2023,08:47:00,F. McClarence,Male,8,African American,None,Admitted,,30
556-53-6036,20-10-2024,20:40:00,F. Colleck,Male,59,African American,None,Admitted,,35
548-91-1120,20-07-2023,13:13:00,F. Francescoccio,Male,68,African American,None,Admitted,,36
186-95-9617,10-10-2023,12:21:00,F. Hissie,Male,9,African American,None,Admitted,,40
183-19-1971,03-10-2024,06:40:00,F. Rowswell,Male,43,African American,None,Admitted,,41
590-11-7748,02-06-2023,00:33:00,F. Mathwen,Male,71,African American,None,Admitted,,44
564-07-6410,30-04-2024,12:12:00,G. Sanders,Male,12,African American,None,Admitted,,11
696-01-6860,16-03-2024,22:19:00,G. Pues,Male,35,African American,None,Admitted,,19
216-59-3629,20-04-2023,17:52:00,G. Millom,Male,65,African American,None,Admitted,,30
435-71-5591,04-09-2024,05:52:00,G. Strowthers,Male,17,African American,None,Admitted,,46
856-18-1103,22-04-2024,10:23:00,G. Simakov,Male,19,African American,None,Admitted,,54
746-61-3845,09-05-2024,07:25:00,G. Menhenitt,Male,70,African American,None,Admitted,,55
475-98-9744,15-02-2024,03:06:00,H. Melwall,Male,66,African American,None,Admitted,,18
729-48-0999,14-11-2023,00:14:00,H. Tompkinson,Male,32,African American,None,Admitted,,23
143-59-4736,30-12-2023,15:44:00,H. Philpotts,Male,17,African American,None,Admitted,,27
880-76-5052,05-08-2023,22:32:00,H. Gaffon,Male,41,African American,None,Admitted,,28
649-56-1131,09-09-2023,18:46:00,H. Northeast,Male,7,African American,None,Admitted,,29
744-40-2958,30-01-2024,01:54:00,H. Dillow,Male,27,African American,None,Admitted,,41
424-23-3662,04-10-2023,21:34:00,H. Elix,Male,62,African American,None,Admitted,,43
402-25-4023,13-06-2023,05:10:00,H. Aspinall,Male,5,African American,None,Admitted,,44
808-38-8970,18-09-2024,11:29:00,H. Myall,Male,69,African American,None,Admitted,,49
718-27-6609,03-10-2023,14:12:00,H. Giotto,Male,58,African American,None,Admitted,,56
259-13-6629,21-06-2023,09:39:00,H. Challis,Male,54,African American,None,Admitted,,57
869-39-7477,18-07-2024,09:37:00,I. Zecchini,Male,45,African American,None,Admitted,,19
379-34-6995,10-03-2024,16:53:00,I. Sothern,Male,26,African American,None,Admitted,,26
648-51-2873,19-07-2023,04:24:00,I. Grimsditch,Male,56,African American,None,Admitted,,29
535-41-2592,21-02-2024,13:48:00,I. Penhale,Male,25,African American,None,Admitted,,36
709-21-1735,24-07-2024,22:06:00,I. Thaxton,Male,19,African American,None,Admitted,,48
558-58-8052,20-08-2024,20:31:00,I. MacAleese,Male,35,African American,None,Admitted,,48
226-88-2331,12-10-2024,22:33:00,I. Arlt,Male,43,African American,None,Admitted,,48
804-28-9814,16-04-2024,21:16:00,I. Reace,Male,33,African American,None,Admitted,,53
454-05-8913,15-10-2024,23:56:00,I. Carcass,Male,42,African American,None,Admitted,,60
560-75-3252,15-02-2024,13:54:00,J. Rathbourne,Male,35,African American,None,Admitted,,55
175-33-9092,30-04-2023,08:32:00,K. Darnborough,Male,30,African American,None,Admitted,,14
874-33-1108,25-02-2024,10:21:00,K. Poxson,Male,53,African American,None,Admitted,,16
881-51-4957,15-09-2023,06:43:00,K. Denniss,Male,27,African American,None,Admitted,,17
790-42-7993,22-03-2024,00:43:00,K. McDoual,Male,29,African American,None,Admitted,,25
867-09-8334,27-04-2023,12:40:00,K. Walework,Male,73,African American,None,Admitted,,25
430-41-7125,19-05-2024,19:05:00,K. Grimston,Male,67,African American,None,Admitted,,37
469-48-7160,31-07-2024,11:07:00,K. Nicklinson,Male,78,African American,None,Admitted,,38
568-90-8670,26-05-2023,09:14:00,K. Nosworthy,Male,11,African American,None,Admitted,,41
363-63-8730,15-06-2024,15:32:00,K. Gillbey,Male,69,African American,None,Admitted,,47
747-47-8842,20-06-2024,22:00:00,K. Rove,Male,2,African American,None,Admitted,,50
785-35-7295,08-01-2024,14:46:00,K. McKeon,Male,38,African American,None,Admitted,,56
632-46-3978,23-07-2024,11:04:00,K. Fitt,Male,69,African American,None,Admitted,,56
386-44-5784,07-08-2023,04:57:00,K. Martinat,Male,47,African American,None,Admitted,,58
803-46-4719,31-08-2023,06:49:00,L. Beden,Male,40,African American,None,Admitted,,12
129-63-5548,23-05-2024,22:49:00,L. Goldin,Male,39,African American,None,Admitted,,22
564-20-5727,09-07-2024,04:09:00,L. Rodolico,Male,9,African American,None,Admitted,,34
743-66-1685,12-08-2023,01:34:00,L. Giron,Male,11,African American,None,Admitted,,40
442-39-1463,14-03-2024,00:22:00,L. Blazic,Male,48,African American,None,Admitted,,45
729-20-7063,21-04-2024,23:06:00,L. Dunderdale,Male,64,African American,None,Admitted,,45
237-42-9499,01-01-2024,00:10:00,M. Broadbury,Male,70,African American,None,Admitted,,21
143-86-3656,10-06-2024,13:40:00,M. Grafham,Male,26,African American,None,Admitted,,25
718-73-6480,28-11-2023,23:18:00,M. Nunnery,Male,58,African American,None,Admitted,,25
688-94-0633,11-10-2024,06:46:00,M. Buttress,Male,65,African American,None,Admitted,,29
127-31-5492,22-07-2023,16:58:00,M. Brisley,Male,66,African American,None,Admitted,,32
848-38-2535,18-10-2024,16:14:00,M. Riddington,Male,33,African American,None,Admitted,,47
372-95-8455,13-02-2024,12:30:00,M. Kirsop,Male,70,African American,None,Admitted,,52
569-21-9609,15-04-2024,20:35:00,M. Eger,Male,16,African American,None,Admitted,,56
822-31-6889,31-08-2024,14:33:00,N. How to preserve,Male,5,African American,None,Admitted,,17
123-50-4549,23-05-2024,03:46:00,N. Richel,Male,44,African American,None,Admitted,,25
283-38-5208,11-01-2024,06:19:00,N. Pleass,Male,58,African American,None,Admitted,,26
159-44-0122,18-03-2024,18:15:00,N. Lamperti,Male,60,African American,None,Admitted,,34
428-79-0023,03-03-2024,22:39:00,N. Cabrara,Male,39,African American,None,Admitted,,36
509-77-5147,16-06-2024,19:05:00,N. Longmire,Male,18,African American,None,Admitted,,43
270-02-8150,07-12-2023,20:13:00,N. Hawket,Male,72,African American,None,Admitted,,48
221-36-4287,15-09-2023,14:08:00,N. Egar,Male,58,African American,None,Admitted,,53
322-87-0204,01-07-2023,12:38:00,N. Androletti,Male,40,African American,None,Admitted,,57
279-22-7228,19-09-2023,16:10:00,O. Suttell,Male,18,African American,None,Admitted,,19
475-01-9497,27-01-2024,09:19:00,O. Tilson,Male,7,African American,None,Admitted,,45
107-69-8839,26-12-2023,22:20:00,O. Plane,Male,32,African American,None,Admitted,,51
571-07-3802,04-06-2023,09:34:00,P. Chilver,Male,27,African American,None,Admitted,,11
677-73-9012,12-02-2024,00:44:00,P. Jendrassik,Male,38,African American,None,Admitted,,21
574-89-9696,13-07-2024,08:13:00,P. Michiel,Male,2,African American,None,Admitted,,39
465-82-9189,01-12-2023,11:01:00,P. Rosenfield,Male,56,African American,None,Admitted,,43
224-58-4970,12-04-2023,19:18:00,P. Elverstone,Male,70,African American,None,Admitted,,47
781-69-2315,09-05-2023,13:06:00,P. Girodin,Male,19,African American,None,Admitted,,48
311-11-5300,22-04-2023,12:04:00,Q. Conant,Male,58,African American,None,Admitted,,10
382-17-9399,06-08-2024,02:19:00,Q. Snawdon,Male,1,African American,None,Admitted,,11
151-15-1930,07-09-2023,14:14:00,Q. Wollers,Male,56,African American,None,Admitted,,11
447-93-4805,01-10-2024,07:58:00,Q. Rubinovici,Male,14,African American,None,Admitted,,14
219-49-2542,13-10-2023,19:07:00,Q. Johann,Male,2,African American,None,Admitted,,22
795-89-9000,09-08-2024,07:51:00,Q. Foottit,Male,51,African American,None,Admitted,,22
765-36-0361,12-04-2024,23:36:00,Q. Keave,Male,38,African American,None,Admitted,,24
651-30-0618,01-10-2023,01:12:00,Q. Craigg,Male,73,African American,None,Admitted,,34
121-36-1815,07-02-2024,01:27:00,Q. Antoons,Male,76,African American,None,Admitted,,40
301-95-4341,16-10-2024,12:51:00,R. Grandisson,Male,65,African American,None,Admitted,,10
887-04-0837,09-10-2023,09:02:00,R. Swindley,Male,18,African American,None,Admitted,,16
441-68-9259,08-04-2023,03:24:00,R. Djurkovic,Male,5,African American,None,Admitted,,22
283-40-6955,25-11-2023,04:11:00,R. Cronk,Male,51,African American,None,Admitted,,30
141-03-4367,05-06-2023,13:35:00,R. Brewster,Male,9,African American,None,Admitted,,49
586-95-5446,04-05-2024,06:41:00,R. Jelf,Male,28,African American,None,Admitted,,50
742-87-9147,18-08-2023,13:37:00,R. Mussett,Male,13,African American,None,Admitted,,53
155-16-2327,01-11-2023,21:08:00,R. Hannam,Male,36,African American,None,Admitted,,55
860-62-9749,06-11-2023,15:28:00,S. Stoter,Male,3,African American,None,Admitted,,24
662-63-9509,05-07-2024,15:10:00,S. Noirel,Male,34,African American,None,Admitted,,28
295-18-8464,07-05-2023,20:15:00,S. Stebbings,Male,9,African American,None,Admitted,,33
741-16-1016,05-03-2024,11:34:00,S. Fendley,Male,47,African American,None,Admitted,,33
318-60-0594,22-04-2024,06:14:00,S. Poundsford,Male,76,African American,None,Admitted,,33
496-58-3057,07-04-2024,23:23:00,S. Titford,Male,34,African American,None,Admitted,,36
314-75-9545,04-06-2024,04:48:00,S. Langthorne,Male,72,African American,None,Admitted,,44
652-74-3737,23-05-2024,07:02:00,S. Gunter,Male,38,African American,None,Admitted,,45
630-54-9732,26-03-2024,04:07:00,S. Barmby,Male,31,African American,None,Admitted,,55
642-51-0779,05-05-2023,04:10:00,S. Farthing,Male,37,African American,None,Admitted,,57
402-55-9647,02-06-2023,02:05:00,T. Salkeld,Male,42,African American,None,Admitted,,15
678-22-5531,30-03-2024,18:09:00,T. Threadgill,Male,27,African American,None,Admitted,,20
646-42-4348,09-08-2024,08:08:00,T. Beaushaw,Male,74,African American,None,Admitted,,36
738-78-8619,04-11-2023,14:54:00,T. Avann,Male,76,African American,None,Admitted,,51
591-72-3831,09-05-2023,20:01:00,U. Haggus,Male,60,African American,None,Admitted,,11
246-10-3522,07-07-2023,10:46:00,U. Pharaoh,Male,78,African American,None,Admitted,,15
627-43-7803,24-10-2024,01:29:00,U. Biasio,Male,8,African American,None,Admitted,,16
878-74-5520,20-07-2023,09:17:00,U. Draper,Male,19,African American,None,Admitted,,23
192-66-9492,19-10-2024,14:33:00,U. Mingardo,Male,40,African American,None,Admitted,,29
589-10-6890,26-11-2023,15:58:00,U. Sailes,Male,30,African American,None,Admitted,,30
520-90-6075,27-04-2024,04:51:00,U. Cobbin,Male,12,African American,None,Admitted,,43
460-02-7369,17-02-2024,05:56:00,U. Lowrance,Male,35,African American,None,Admitted,,45
883-95-1731,24-05-2024,02:59:00,U. Tern,Male,32,African American,None,Admitted,,47
350-48-7391,09-04-2024,01:45:00,U. Springford,Male,27,African American,None,Admitted,,58
778-97-0505,20-10-2023,00:16:00,V. Malamore,Male,74,African American,None,Admitted,,13
127-55-2720,20-12-2023,07:34:00,V. Woosnam,Male,76,African American,None,Admitted,,14
569-26-4982,13-03-2024,22:01:00,V. Collman,Male,18,African American,None,Admitted,,26
750-47-0673,31-01-2024,17:04:00,V. Blunkett,Male,69,African American,None,Admitted,,29
425-93-4522,07-05-2023,17:43:00,V. Parrot,Male,29,African American,None,Admitted,,30
706-08-0956,17-05-2024,06:28:00,V. Russam,Male,30,African American,None,Admitted,,33
505-26-7359,25-10-2024,03:03:00,V. Saile,Male,28,African American,None,Admitted,,34
131-78-6758,07-06-2024,14:51:00,V. Richt,Male,39,African American,None,Admitted,,36
354-84-2920,10-08-2023,22:34:00,V. Lerwell,Male,35,African American,None,Admitted,,43
477-12-7087,18-08-2023,00:13:00,V. Warden,Male,17,African American,None,Admitted,,45
841-99-0123,04-07-2024,04:11:00,V. Marzellano,Male,17,African American,None,Admitted,,46
160-25-9103,23-06-2023,19:02:00,V. Bere,Male,45,African American,None,Admitted,,46
554-11-3057,05-10-2023,14:31:00,V. Robel,Male,45,African American,None,Admitted,,48
888-79-4244,18-03-2024,11:19:00,V. Stood,Male,14,African American,None,Admitted,,53
711-10-8773,06-05-2024,23:01:00,V. Botte,Male,40,African American,None,Admitted,,54
247-51-7300,15-12-2023,21:02:00,W. Cohrs,Male,9,African American,None,Admitted,,11
509-75-2008,27-07-2024,04:45:00,W. Flaherty,Male,47,African American,None,Admitted,,20
449-77-1658,12-04-2023,10:17:00,W. Broad,Male,35,African American,None,Admitted,,24
709-85-1189,11-04-2024,06:48:00,W. Sibery,Male,11,African American,None,Admitted,,29
279-38-7669,08-09-2024,13:07:00,W. Charrier,Male,65,African American,None,Admitted,,44
641-18-2127,31-07-2023,10:53:00,W. Shinfield,Male,71,African American,None,Admitted,,44
224-72-7879,22-11-2023,19:28:00,W. Sainthill,Male,39,African American,None,Admitted,,55
879-87-0888,04-01-2024,05:40:00,W. Scroyton,Male,73,African American,None,Admitted,,60
451-99-2146,18-06-2024,04:45:00,X. Domoney,Male,12,African American,None,Admitted,,11
838-74-6166,01-06-2023,00:54:00,X. Briance,Male,39,African American,None,Admitted,,12
661-42-7515,29-03-2024,01:55:00,X. Brayson,Male,69,African American,None,Admitted,,16
719-40-0257,09-09-2023,20:49:00,X. Stevenson,Male,53,African American,None,Admitted,,36
563-64-1719,12-04-2023,07:37:00,Y. Winteringham,Male,64,African American,None,Admitted,,23
694-09-6517,28-08-2023,04:56:00,Y. Kelson,Male,4,African American,None,Admitted,,25
251-49-2826,12-09-2023,10:39:00,Y. Corkell,Male,14,African American,None,Admitted,,30
808-01-8111,12-07-2024,19:23:00,Y. Craine,Male,14,African American,None,Admitted,,30
153-71-0593,19-02-2024,05:18:00,Y. Ellson,Male,14,African American,None,Admitted,,34
247-25-0172,09-08-2023,00:22:00,Y. Line,Male,5,African American,None,Admitted,,36
897-41-8734,09-10-2024,14:16:00,Y. Nelthrop,Male,22,African American,None,Admitted,,37
655-60-4323,29-07-2023,20:15:00,Y. Weekley,Male,25,African American,None,Admitted,,47
497-70-2885,01-07-2023,21:57:00,Y. Drain,Male,31,African American,None,Admitted,,47
218-42-3462,12-05-2024,10:23:00,Y. Dumbleton,Male,75,African American,None,Admitted,,58
896-97-4839,18-02-2024,14:27:00,Y. Scanlin,Male,54,African American,None,Admitted,,59
440-92-8284,23-06-2024,20:37:00,Z. Blythe,Male,36,African American,None,Admitted,,32
859-16-8010,18-08-2024,13:26:00,Z. Demeter,Male,9,African American,None,Admitted,,34
333-90-6329,18-07-2023,04:23:00,Z. Lambart,Male,11,African American,None,Admitted,,38
345-14-4829,12-09-2024,00:50:00,Z. Petersen,Male,41,African American,None,Admitted,,41
884-44-0502,09-05-2023,02:43:00,Z. Kennelly,Male,38,African American,None,Admitted,,44
755-09-2612,08-09-2023,20:44:00,Z. Berks,Male,39,African American,None,Admitted,,48
343-83-6300,15-07-2024,12:59:00,Z. Hofton,Male,22,African American,None,Admitted,,55
844-47-4709,22-08-2023,02:57:00,Z. Megainey,Male,52,African American,None,Admitted,,55
891-29-4509,28-02-2024,07:57:00,Z. Lockley,Male,54,African American,None,Admitted,,57
229-66-1679,28-10-2024,17:06:00,Z. Habden,Male,36,African American,None,Admitted,,59
349-28-9540,08-05-2024,02:46:00,E. Tunstall,Male,67,African American,None,Admitted,0,43
403-55-3894,12-09-2023,15:05:00,G. Lowey,Male,20,African American,None,Admitted,0,27
623-08-5116,22-07-2024,04:17:00,J. Jessen,Male,78,African American,None,Admitted,0,49
331-16-0196,09-11-2023,23:22:00,R. Philpin,Male,35,African American,None,Admitted,0,43
403-57-0555,19-11-2023,18:36:00,V. Nendick,Male,79,African American,None,Admitted,0,35
801-86-2310,12-10-2023,19:35:00,H. Marmon,Male,18,African American,None,Admitted,1,18
543-66-8030,13-01-2024,02:24:00,J. Harte,Male,8,African American,None,Admitted,1,57
760-17-2412,28-06-2023,11:11:00,V. Rawlins,Male,60,African American,None,Admitted,1,49
732-60-5902,15-11-2023,22:05:00,Y. Ackers,Male,2,African American,None,Admitted,1,45
884-03-2208,13-07-2024,15:43:00,Z. Effemy,Male,31,African American,None,Admitted,1,38
762-44-7104,19-08-2023,22:46:00,C. Lerwill,Male,65,African American,None,Admitted,2,28
795-38-1074,22-05-2024,18:08:00,M. Ricold,Male,6,African American,None,Admitted,2,22
415-37-9603,19-09-2024,23:21:00,N. Heball,Male,17,African American,None,Admitted,2,31
458-71-9013,07-07-2023,11:09:00,N. Matton,Male,6,African American,None,Admitted,2,50
876-22-1135,28-06-2024,19:35:00,R. Robez,Male,30,African American,None,Admitted,2,22
581-94-1985,01-07-2023,07:15:00,W. Hatherley,Male,2,African American,None,Admitted,2,39
499-14-9763,26-07-2023,23:55:00,Y. Havelin,Male,30,African American,None,Admitted,2,53
878-72-7643,25-10-2024,11:05:00,E. Bumford,Male,26,African American,None,Admitted,3,47
459-41-0106,24-01-2024,11:30:00,G. Humbey,Male,52,African American,None,Admitted,3,46
351-90-0773,25-09-2023,14:51:00,R. Thornally,Male,65,African American,None,Admitted,3,59
201-30-6345,27-01-2024,00:56:00,W. Cutcliffe,Male,71,African American,None,Admitted,3,11
345-80-7659,14-06-2024,03:43:00,C. Goggins,Male,34,African American,None,Admitted,4,59
482-97-1193,13-10-2024,16:19:00,G. Renfrew,Male,39,African American,None,Admitted,4,20
430-57-7863,08-10-2023,21:45:00,L. Rops,Male,3,African American,None,Admitted,4,25
715-87-8033,22-12-2023,00:13:00,Y. Motto,Male,67,African American,None,Admitted,4,15
680-95-1949,15-05-2024,22:51:00,Y. Wessel,Male,67,African American,None,Admitted,4,19
827-40-8129,03-01-2024,05:25:00,A. Assad,Male,11,African American,None,Admitted,5,40
809-80-6025,11-06-2024,17:23:00,B. Ivy,Male,57,African American,None,Admitted,6,20
241-10-0868,24-09-2024,22:16:00,K. Ropcke,Male,47,African American,None,Admitted,6,25
805-59-9555,20-04-2023,01:50:00,K. Hadlow,Male,61,African American,None,Admitted,6,40
265-96-0268,27-05-2023,08:01:00,L. Lopes,Male,10,African American,None,Admitted,6,57
598-65-6510,22-01-2024,00:02:00,Q. Scadden,Male,66,African American,None,Admitted,6,58
177-58-4644,28-05-2024,06:26:00,S. Elvidge,Male,14,African American,None,Admitted,6,52
398-91-6399,12-12-2023,22:45:00,T. Smale,Male,27,African American,None,Admitted,6,14
771-52-0904,22-04-2023,12:52:00,V. Coonihan,Male,59,African American,None,Admitted,6,28
229-39-4308,01-05-2023,18:29:00,W. Tirkin,Male,27,African American,None,Admitted,6,16
161-57-2312,16-10-2023,23:59:00,C. Faltskog,Male,53,African American,None,Admitted,7,54
324-04-2087,21-10-2023,13:00:00,G. Bernardi,Male,20,African American,None,Admitted,7,51
336-20-9942,13-10-2023,05:45:00,K. Petrillo,Male,52,African American,None,Admitted,7,34
258-22-8476,15-09-2023,08:00:00,L. Yetton,Male,34,African American,None,Admitted,7,60
886-73-9148,14-06-2023,22:54:00,N. MacAnulty,Male,45,African American,None,Admitted,7,55
738-36-0484,10-05-2023,19:41:00,P. Wontner,Male,69,African American,None,Admitted,7,36
796-21-1372,05-06-2024,06:12:00,Q. Keddie,Male,31,African American,None,Admitted,7,58
115-43-2057,06-12-2023,07:19:00,R. Renbold,Male,11,African American,None,Admitted,7,13
467-58-5027,30-03-2024,19:38:00,R. Willerstone,Male,41,African American,None,Admitted,7,27
618-09-7943,14-04-2024,13:14:00,R. Hanmer,Male,24,African American,None,Admitted,7,52
537-38-4602,25-06-2023,15:34:00,S. Crewes,Male,52,African American,None,Admitted,7,45
103-34-9671,24-09-2023,06:34:00,S. Brissard,Male,38,African American,None,Admitted,7,54
689-22-4635,01-04-2023,14:08:00,V. Game,Male,53,African American,None,Admitted,7,46
701-45-9889,18-07-2024,13:49:00,D. Dubber,Male,58,African American,None,Admitted,8,56
618-22-6988,28-03-2024,15:38:00,W. Coite,Male,9,African American,None,Admitted,8,19
198-65-1159,05-10-2024,10:32:00,Z. Crake,Male,24,African American,None,Admitted,8,10
726-53-8108,23-10-2023,18:25:00,Z. Mayho,Male,17,African American,None,Admitted,8,35
693-34-5229,29-07-2023,21:37:00,A. Offiler,Male,55,African American,None,Admitted,9,60
143-37-8471,18-03-2024,10:42:00,I. Knell,Male,14,African American,None,Admitted,9,53
684-01-5172,29-09-2024,20:20:00,J. Joutapaitis,Male,44,African American,None,Admitted,9,60
846-04-4934,29-11-2023,23:02:00,U. Andrys,Male,47,African American,None,Admitted,9,34
173-47-4754,23-05-2024,11:02:00,D. de Juares,Male,69,African American,None,Admitted,10,47
300-26-1229,06-09-2023,16:03:00,K. Hakey,Male,9,African American,None,Admitted,10,40
574-24-6102,24-03-2024,15:37:00,M. Dekeyser,Male,50,African American,None,Admitted,10,36
875-64-9335,30-06-2024,17:07:00,O. Poulett,Male,71,African American,None,Admitted,10,45
687-65-8903,01-01-2024,21:13:00,R. Lovstrom,Male,51,African American,None,Admitted,10,60
292-80-0066,23-07-2023,03:37:00,Y. Delahunty,Male,56,African American,None,Admitted,10,30
214-51-6611,23-09-2024,21:45:00,A. Rivitt,Male,55,African American,Orthopedics,Admitted,,12
885-02-5489,19-03-2024,06:38:00,A. Melsome,Male,74,African American,Orthopedics,Admitted,,28
696-40-8856,17-09-2024,11:51:00,B. Blowing,Male,27,African American,Orthopedics,Admitted,,27
530-45-3867,01-09-2023,03:50:00,B. Arondel,Male,4,African American,Orthopedics,Admitted,,28
619-11-5945,07-05-2023,04:40:00,C. Ince,Male,76,African American,Orthopedics,Admitted,,18
538-55-2068,25-12-2023,08:50:00,C. Lansdowne,Male,47,African American,Orthopedics,Admitted,,21
576-52-5777,12-09-2024,00:53:00,C. Carratt,Male,41,African American,Orthopedics,Admitted,,28
564-01-7734,19-08-2024,22:53:00,D. Tomblett,Male,52,African American,Orthopedics,Admitted,,22
647-15-4786,20-08-2023,00:06:00,D. McMillan,Male,57,African American,Orthopedics,Admitted,,28
829-83-5259,11-08-2023,14:00:00,E. Verdy,Male,25,African American,Orthopedics,Admitted,,59
833-39-1167,21-02-2024,18:26:00,F. Woof,Male,9,African American,Orthopedics,Admitted,,59
731-24-5816,19-07-2024,13:58:00,G. Snoxall,Male,19,African American,Orthopedics,Admitted,,34
231-60-4242,05-02-2024,18:51:00,G. Sapshed,Male,53,African American,Orthopedics,Admitted,,37
528-07-9501,26-10-2023,18:07:00,I. Cristea,Male,11,African American,Orthopedics,Admitted,,15
736-55-3263,08-03-2024,11:40:00,I. Wolverson,Male,7,African American,Orthopedics,Admitted,,37
791-85-2268,07-09-2024,20:49:00,K. Crudgington,Male,15,African American,Orthopedics,Admitted,,18
770-14-1224,10-04-2024,23:30:00,K. Yacob,Male,63,African American,Orthopedics,Admitted,,29
201-56-8126,19-03-2024,10:15:00,K. Daftor,Male,60,African American,Orthopedics,Admitted,,39
382-83-8347,27-10-2024,17:08:00,L. Grenshields,Male,58,African American,Orthopedics,Admitted,,14
854-88-8632,13-07-2024,02:40:00,L. Fassan,Male,59,African American,Orthopedics,Admitted,,36
547-76-7829,25-07-2024,14:28:00,M. Dyson,Male,77,African American,Orthopedics,Admitted,,25
657-40-4330,16-05-2024,13:43:00,N. Proswell,Male,46,African American,Orthopedics,Admitted,,50
400-24-8755,26-05-2024,23:50:00,N. Lammertz,Male,31,African American,Orthopedics,Admitted,,52
490-05-6824,14-08-2024,19:05:00,O. Chasle,Male,68,African American,Orthopedics,Admitted,,28
463-91-4655,26-10-2024,16:02:00,P. Oxtaby,Male,70,African American,Orthopedics,Admitted,,16
745-93-0856,03-04-2023,10:14:00,P. Ricciardiello,Male,77,African American,Orthopedics,Admitted,,37
121-14-1268,29-07-2023,06:07:00,P. Brewse,Male,2,African American,Orthopedics,Admitted,,43
147-94-6823,22-06-2023,02:57:00,P. Coulthart,Male,50,African American,Orthopedics,Admitted,,51
168-97-3030,20-05-2024,05:49:00,P. Tinwell,Male,46,African American,Orthopedics,Admitted,,57
409-55-2108,02-01-2024,14:06:00,R. Buller,Male,6,African American,Orthopedics,Admitted,,19
828-19-1085,09-01-2024,09:31:00,V. Gilfoy,Male,32,African American,Orthopedics,Admitted,,26
570-63-3288,10-09-2023,12:10:00,V. Gogarty,Male,12,African American,Orthopedics,Admitted,,52
750-16-4831,26-08-2023,00:14:00,W. Mullard,Male,11,African American,Orthopedics,Admitted,,29
869-18-4601,08-06-2023,15:52:00,W. Filipczynski,Male,57,African American,Orthopedics,Admitted,,36
703-16-0191,08-04-2023,13:10:00,Y. Ackland,Male,66,African American,Orthopedics,Admitted,,11
759-38-2731,07-06-2024,03:15:00,Y. Bonellie,Male,21,African American,Orthopedics,Admitted,,26
558-19-1783,28-10-2024,02:40:00,Y. Garaghan,Male,28,African American,Orthopedics,Admitted,,27
662-78-5868,18-01-2024,17:55:00,J. Inskipp,Male,15,African American,Orthopedics,Admitted,0,43
755-96-0530,04-05-2024,05:37:00,M. McAndie,Male,9,African American,Orthopedics,Admitted,1,60
670-80-2997,04-03-2024,16:58:00,M. Henningham,Male,11,African American,Orthopedics,Admitted,2,39
241-64-7642,05-06-2024,17:54:00,A. Danielovitch,Male,40,African American,Orthopedics,Admitted,3,40
386-33-3422,30-04-2024,12:40:00,G. Kemball,Male,8,African American,Orthopedics,Admitted,3,51
852-35-5271,05-08-2023,12:00:00,P. Behagg,Male,36,African American,Orthopedics,Admitted,3,34
829-92-4746,15-10-2024,13:34:00,E. Cratchley,Male,47,African American,Orthopedics,Admitted,5,53
100-66-0896,26-03-2024,12:14:00,I. Prickett,Male,2,African American,Orthopedics,Admitted,6,23
536-53-9660,10-10-2023,12:47:00,Y. Beaushaw,Male,26,African American,Orthopedics,Admitted,7,57
392-87-5203,25-04-2023,00:44:00,B. Duham,Male,10,African American,Orthopedics,Admitted,8,52
152-82-3590,24-09-2023,12:52:00,M. Sergeant,Male,44,African American,Orthopedics,Admitted,9,14
111-90-3138,17-10-2023,21:29:00,P. Claige,Male,1,African American,Orthopedics,Admitted,9,10
147-29-7641,29-06-2023,19:19:00,N. Selesnick,Male,35,African American,Orthopedics,Admitted,10,29
500-08-6428,04-08-2024,06:22:00,A. Trevan,Male,4,African American,Physiotherapy,Admitted,,27
418-90-7502,27-10-2023,08:33:00,C. Janca,Male,2,African American,Physiotherapy,Admitted,,34
817-17-4283,08-09-2023,07:55:00,D. Lippiello,Male,69,African American,Physiotherapy,Admitted,,27
258-30-8092,05-08-2023,23:27:00,L. Spivie,Male,52,African American,Physiotherapy,Admitted,,14
114-58-3401,06-11-2023,17:34:00,L. Meiningen,Male,65,African American,Physiotherapy,Admitted,,28
848-87-0288,08-05-2024,22:33:00,L. Empson,Male,72,African American,Physiotherapy,Admitted,,36
784-87-8463,01-06-2023,21:20:00,O. Knight,Male,4,African American,Physiotherapy,Admitted,,32
484-60-8449,25-11-2023,01:55:00,T. Danielot,Male,61,African American,Physiotherapy,Admitted,,25
417-52-5675,05-05-2023,21:40:00,U. Kennelly,Male,26,African American,Physiotherapy,Admitted,,48
103-36-3561,18-05-2024,11:58:00,U. Shuttlewood,Male,17,African American,Physiotherapy,Admitted,,49
126-78-2755,26-02-2024,07:40:00,X. Huchot,Male,8,African American,Physiotherapy,Admitted,,47
337-67-0209,01-11-2023,20:08:00,Z. Fraczak,Male,58,African American,Physiotherapy,Admitted,,35
356-76-1028,05-02-2024,07:12:00,V. O'Hagerty,Male,12,African American,Physiotherapy,Admitted,0,45
582-37-9549,04-09-2024,10:28:00,G. Atwool,Male,76,African American,Physiotherapy,Admitted,2,42
246-58-5618,02-09-2024,00:58:00,W. Jent,Male,49,African American,Physiotherapy,Admitted,4,15
268-53-8144,25-08-2024,22:28:00,J. Amori,Male,12,African American,Physiotherapy,Admitted,8,14
218-05-9604,12-12-2023,02:57:00,H. Devinn,Male,25,African American,Physiotherapy,Admitted,9,48
880-01-0115,04-01-2024,00:13:00,K. Burness,Male,43,African American,Physiotherapy,Admitted,10,32
811-21-5328,02-08-2023,00:15:00,I. Klarzynski,Male,29,African American,Renal,Admitted,,45
556-02-6133,05-09-2023,07:13:00,Q. Coleborn,Male,33,African American,Renal,Admitted,,21
425-62-5765,25-11-2023,02:07:00,S. Arni,Male,1,African American,Renal,Admitted,,30
373-60-4214,17-05-2023,04:15:00,W. Collister,Male,65,African American,Renal,Admitted,,41
564-01-2732,28-08-2024,12:39:00,Y. Bromhead,Male,23,African American,Renal,Admitted,,12
468-16-2640,27-07-2023,06:18:00,C. Solloway,Male,15,African American,Renal,Admitted,4,26
219-73-9939,28-12-2023,05:06:00,A. Eatttok,Male,3,Asian,Cardiology,Admitted,,12
713-45-5068,29-08-2023,16:02:00,J. Pietersma,Male,59,Asian,Cardiology,Admitted,,41
223-33-6036,07-10-2024,21:48:00,R. Churchill,Male,30,Asian,Cardiology,Admitted,,27
744-05-3065,05-10-2023,06:56:00,S. Feldstein,Male,18,Asian,Cardiology,Admitted,,11
518-65-2607,23-02-2024,10:53:00,T. Monte,Male,44,Asian,Cardiology,Admitted,,58
290-98-5829,22-09-2023,10:53:00,V. Gollop,Male,27,Asian,Cardiology,Admitted,,38
537-34-6004,13-03-2024,02:14:00,Z. Amey,Male,36,Asian,Cardiology,Admitted,,54
151-80-2492,04-05-2024,17:22:00,L. MacSwayde,Male,7,Asian,Cardiology,Admitted,2,44
838-44-7406,15-12-2023,01:10:00,U. Hulk,Male,9,Asian,Cardiology,Admitted,4,30
499-41-9545,20-05-2024,11:19:00,F. Eady,Male,54,Asian,Gastroenterology,Admitted,,42
305-33-2562,26-05-2024,21:30:00,G. Waring,Male,76,Asian,Gastroenterology,Admitted,,57
504-30-1140,16-03-2024,16:30:00,C. Halladey,Male,56,Asian,General Practice,Admitted,,33
462-49-7342,23-09-2023,04:02:00,E. Kohneke,Male,56,Asian,General Practice,Admitted,,26
258-75-3793,22-04-2023,14:11:00,E. Trayte,Male,71,Asian,General Practice,Admitted,,57
178-31-9644,14-04-2023,08:15:00,E. Illwell,Male,25,Asian,General Practice,Admitted,,59
419-56-9936,01-07-2024,02:00:00,G. Troutbeck,Male,2,Asian,General Practice,Admitted,,27
113-91-9878,04-12-2023,19:42:00,G. Remer,Male,14,Asian,General Practice,Admitted,,32
622-88-2180,17-04-2023,07:54:00,H. Samper,Male,62,Asian,General Practice,Admitted,,33
841-99-6429,18-04-2024,01:18:00,J. Langfat,Male,27,Asian,General Practice,Admitted,,10
884-19-1492,09-07-2023,01:35:00,J. Cleveland,Male,29,Asian,General Practice,Admitted,,17
762-40-4019,11-12-2023,09:37:00,J. Huntly,Male,15,Asian,General Practice,Admitted,,22
809-21-4546,25-10-2023,16:29:00,K. Wolfarth,Male,6,Asian,General Practice,Admitted,,17
483-41-1741,22-10-2024,21:41:00,K. Hawtrey,Male,67,Asian,General Practice,Admitted,,29
524-07-1664,14-06-2023,20:10:00,K. Galland,Male,16,Asian,General Practice,Admitted,,33
216-12-9662,21-10-2023,11:58:00,K. Hourigan,Male,46,Asian,General Practice,Admitted,,54
365-59-3831,26-04-2023,15:09:00,L. Bettlestone,Male,18,Asian,General Practice,Admitted,,18
763-58-5190,07-03-2024,06:52:00,N. Crosser,Male,71,Asian,General Practice,Admitted,,12
688-49-5453,28-10-2023,19:31:00,N. Augie,Male,17,Asian,General Practice,Admitted,,20
880-66-0659,13-07-2023,14:06:00,O. Gioani,Male,60,Asian,General Practice,Admitted,,26
594-59-4281,24-06-2024,02:13:00,O. MacDermand,Male,62,Asian,General Practice,Admitted,,26
485-50-9095,14-09-2023,08:39:00,O. Rogers,Male,54,Asian,General Practice,Admitted,,33
749-90-9165,30-07-2024,02:48:00,O. Covotti,Male,59,Asian,General Practice,Admitted,,45
491-64-6560,24-07-2023,15:17:00,O. Winny,Male,32,Asian,General Practice,Admitted,,48
119-06-4805,15-02-2024,08:56:00,Q. Franzen,Male,75,Asian,General Practice,Admitted,,10
832-94-2573,05-06-2024,23:31:00,Q. Pursey,Male,57,Asian,General Practice,Admitted,,18
575-68-6070,11-08-2023,21:59:00,R. Ebbitt,Male,36,Asian,General Practice,Admitted,,25
848-82-6894,27-11-2023,13:19:00,R. O'Neal,Male,9,Asian,General Practice,Admitted,,26
763-28-8161,12-12-2023,22:14:00,R. Dorie,Male,26,Asian,General Practice,Admitted,,56
309-39-3171,16-08-2024,20:37:00,U. Landells,Male,54,Asian,General Practice,Admitted,,13
858-25-8911,05-11-2023,14:15:00,V. Wedon,Male,50,Asian,General Practice,Admitted,,19
127-83-9031,20-04-2023,08:22:00,V. Badrock,Male,48,Asian,General Practice,Admitted,,23
689-28-3777,08-08-2024,19:32:00,W. Hounihan,Male,31,Asian,General Practice,Admitted,,12
376-71-1232,30-04-2024,14:30:00,W. Smidmore,Male,19,Asian,General Practice,Admitted,,18
386-98-3262,21-07-2023,00:36:00,W. Noteyoung,Male,74,Asian,General Practice,Admitted,,42
761-66-7563,01-01-2024,10:03:00,W. Colvin,Male,6,Asian,General Practice,Admitted,,52
576-82-1180,01-04-2023,07:16:00,X. Bassford,Male,69,Asian,General Practice,Admitted,,50
451-85-7804,27-08-2024,08:55:00,Y. Carrol,Male,67,Asian,General Practice,Admitted,,20
364-06-7061,04-04-2024,19:02:00,Y. Gerauld,Male,63,Asian,General Practice,Admitted,,53
873-82-4124,19-02-2024,00:37:00,Z. Zeale,Male,38,Asian,General Practice,Admitted,,38
191-43-3101,10-09-2023,02:12:00,P. Keattch,Male,10,Asian,General Practice,Admitted,0,16
278-89-6924,30-10-2024,00:47:00,B. Sandom,Male,29,Asian,General Practice,Admitted,2,18
868-24-1141,03-09-2023,04:28:00,Z. Sallis,Male,21,Asian,General Practice,Admitted,4,17
261-25-9152,29-04-2023,00:15:00,B. Bakey,Male,30,Asian,General Practice,Admitted,6,46
284-32-1089,02-03-2024,14:59:00,A. Tummons,Male,4,Asian,General Practice,Admitted,7,13
325-89-2126,06-05-2024,06:38:00,Q. Tubby,Male,1,Asian,General Practice,Admitted,7,21
840-59-8475,11-04-2023,03:41:00,V. Romeo,Male,61,Asian,General Practice,Admitted,8,50
578-76-6120,05-05-2023,05:32:00,I. Cissell,Male,51,Asian,General Practice,Admitted,9,48
357-99-1739,19-06-2023,14:05:00,M. Culpin,Male,2,Asian,General Practice,Admitted,9,22
677-85-0125,02-11-2023,00:26:00,R. Bettis,Male,29,Asian,General Practice,Admitted,9,18
217-33-8777,23-08-2023,19:32:00,M. Yuryev,Male,48,Asian,General Practice,Admitted,10,13
265-90-3593,16-04-2023,21:38:00,Q. Madine,Male,40,Asian,General Practice,Admitted,10,44
274-77-1614,24-05-2024,00:47:00,F. Pelos,Male,24,Asian,Neurology,Admitted,,39
259-62-7456,22-01-2024,22:57:00,K. Wragge,Male,30,Asian,Neurology,Admitted,,51
272-26-4065,10-09-2023,21:05:00,W. Girodon,Male,3,Asian,Neurology,Admitted,,13
442-16-0232,03-09-2023,23:18:00,Z. Covil,Male,1,Asian,Neurology,Admitted,,30
410-24-9561,11-10-2023,11:43:00,A. Sayse,Male,53,Asian,None,Admitted,,26
403-34-2322,30-09-2023,22:27:00,A. Cammocke,Male,79,Asian,None,Admitted,,33
139-81-3548,09-10-2023,11:06:00,A. Paternoster,Male,37,Asian,None,Admitted,,53
118-92-0340,21-07-2024,03:23:00,A. Addey,Male,46,Asian,None,Admitted,,55
897-16-6821,01-04-2024,21:17:00,A. Blowfelde,Male,47,Asian,None,Admitted,,55
813-71-9872,08-06-2023,12:34:00,A. Lewton,Male,69,Asian,None,Admitted,,57
788-70-7078,02-08-2024,10:32:00,A. Dranfield,Male,7,Asian,None,Admitted,,60
581-09-2517,13-05-2023,15:26:00,B. McCaughan,Male,27,Asian,None,Admitted,,55
476-12-0189,28-07-2024,01:02:00,C. Creffeild,Male,31,Asian,None,Admitted,,28
102-07-2442,07-10-2024,03:08:00,C. Crees,Male,35,Asian,None,Admitted,,38
227-59-0578,12-07-2024,05:07:00,C. Sandbach,Male,45,Asian,None,Admitted,,45
649-31-5134,25-04-2024,08:54:00,C. Stoggell,Male,7,Asian,None,Admitted,,46
677-08-7636,03-04-2023,12:57:00,C. Maylin,Male,79,Asian,None,Admitted,,47
190-98-0234,10-07-2024,09:45:00,C. Poltone,Male,79,Asian,None,Admitted,,52
499-85-7483,21-06-2024,19:15:00,D. Baudon,Male,40,Asian,None,Admitted,,16
525-23-4635,08-05-2023,08:07:00,D. Goman,Male,16,Asian,None,Admitted,,23
828-62-5604,25-08-2024,02:46:00,D. Franciskiewicz,Male,78,Asian,None,Admitted,,29
730-01-5841,26-10-2024,03:16:00,D. Grime,Male,79,Asian,None,Admitted,,53
376-82-5165,23-07-2023,08:15:00,E. Audry,Male,35,Asian,None,Admitted,,10
502-59-6868,05-03-2024,00:04:00,E. Thorold,Male,55,Asian,None,Admitted,,17
176-38-6737,30-10-2024,19:02:00,E. Naile,Male,36,Asian,None,Admitted,,27
857-50-8143,20-08-2024,19:49:00,E. Tucsell,Male,56,Asian,None,Admitted,,53
781-54-2029,24-05-2023,20:59:00,F. Currell,Male,9,Asian,None,Admitted,,21
770-76-5343,25-05-2024,17:04:00,F. Spradbrow,Male,29,Asian,None,Admitted,,41
388-20-5957,05-05-2024,15:45:00,F. Kirkman,Male,1,Asian,None,Admitted,,43
350-57-1734,12-03-2024,06:58:00,F. Maber,Male,5,Asian,None,Admitted,,48
766-30-6319,18-03-2024,07:59:00,F. Houlson,Male,22,Asian,None,Admitted,,55
593-94-5715,16-09-2023,01:31:00,F. Trusty,Male,5,Asian,None,Admitted,,58
785-08-0658,03-10-2023,05:10:00,F. Zoane,Male,19,Asian,None,Admitted,,58
698-79-0404,26-04-2023,07:26:00,G. Lockney,Male,18,Asian,None,Admitted,,19
830-42-7159,24-07-2024,15:28:00,H. Cone,Male,19,Asian,None,Admitted,,22
264-79-9377,12-08-2024,04:13:00,H. Fullegar,Male,46,Asian,None,Admitted,,45
713-60-5418,11-04-2023,17:02:00,H. Gilliam,Male,54,Asian,None,Admitted,,52
566-17-1941,01-01-2024,19:37:00,H. Hatz,Male,37,Asian,None,Admitted,,55
132-54-3477,04-08-2023,02:21:00,H. Coward,Male,23,Asian,None,Admitted,,59
534-88-9464,29-10-2023,14:00:00,I. Dickins,Male,58,Asian,None,Admitted,,11
224-77-1408,13-07-2023,19:20:00,I. Jukubczak,Male,63,Asian,None,Admitted,,30
842-73-0049,25-06-2023,06:58:00,I. Janikowski,Male,28,Asian,None,Admitted,,49
518-20-7295,12-09-2023,00:39:00,I. Birkin,Male,78,Asian,None,Admitted,,53
565-93-5453,16-02-2024,21:38:00,J. Hellin,Male,67,Asian,None,Admitted,,16
854-77-8954,25-08-2024,02:22:00,J. Peidro,Male,28,Asian,None,Admitted,,19
496-88-7386,17-06-2024,12:29:00,J. Metham,Male,53,Asian,None,Admitted,,30
465-76-9879,09-11-2023,02:13:00,J. Spearman,Male,17,Asian,None,Admitted,,56
510-79-5447,28-12-2023,23:06:00,K. Richardes,Male,47,Asian,None,Admitted,,23
288-44-9510,26-03-2024,01:40:00,K. Folley,Male,5,Asian,None,Admitted,,28
537-29-4653,08-06-2024,19:32:00,K. Harvatt,Male,77,Asian,None,Admitted,,32
760-05-0091,21-11-2023,12:18:00,K. Putley,Male,14,Asian,None,Admitted,,49
759-07-1261,07-05-2024,12:11:00,L. McCurtain,Male,12,Asian,None,Admitted,,18
405-04-7699,13-01-2024,17:29:00,L. Petrie,Male,24,Asian,None,Admitted,,51
570-81-1120,07-08-2024,15:07:00,M. Bwye,Male,67,Asian,None,Admitted,,13
708-96-4348,08-11-2023,03:06:00,M. Jeromson,Male,10,Asian,None,Admitted,,29
160-71-8820,06-06-2023,00:48:00,M. Waddoups,Male,5,Asian,None,Admitted,,34
479-68-0718,17-08-2023,22:05:00,M. Giordano,Male,16,Asian,None,Admitted,,47
468-76-5399,21-02-2024,15:56:00,N. Talby,Male,34,Asian,None,Admitted,,11
220-44-5880,13-05-2024,22:51:00,N. Harkin,Male,55,Asian,None,Admitted,,23
143-71-6543,07-07-2023,18:52:00,N. Korbmaker,Male,64,Asian,None,Admitted,,29
708-80-7139,25-06-2024,10:31:00,N. Junkison,Male,10,Asian,None,Admitted,,33
879-91-8996,25-05-2023,01:50:00,N. Tithacott,Male,23,Asian,None,Admitted,,51
820-29-5670,03-07-2024,19:17:00,N. Pemble,Male,32,Asian,None,Admitted,,59
229-96-5992,20-09-2023,19:45:00,O. Phillippo,Male,3,Asian,None,Admitted,,41
404-31-6220,13-08-2023,10:03:00,O. Wisson,Male,30,Asian,None,Admitted,,45
632-60-1284,12-02-2024,08:52:00,O. Shorter,Male,39,Asian,None,Admitted,,47
767-52-1463,07-08-2023,20:16:00,O. Jonah,Male,39,Asian,None,Admitted,,59
527-13-4373,26-12-2023,19:48:00,P. Loney,Male,48,Asian,None,Admitted,,32
812-87-5553,11-04-2024,17:31:00,P. Matuszkiewicz,Male,68,Asian,None,Admitted,,39
346-31-8632,08-07-2023,06:33:00,P. Scargill,Male,57,Asian,None,Admitted,,51
413-63-6049,02-08-2023,14:00:00,P. Clemerson,Male,10,Asian,None,Admitted,,53
280-49-5239,22-10-2023,20:19:00,P. Gedge,Male,55,Asian,None,Admitted,,59
273-26-8525,10-06-2024,18:32:00,Q. Laister,Male,53,Asian,None,Admitted,,19
636-90-5035,11-12-2023,20:40:00,Q. Neggrini,Male,13,Asian,None,Admitted,,34
884-49-7363,23-04-2024,06:04:00,Q. Horsfield,Male,17,Asian,None,Admitted,,35
607-90-8770,10-01-2024,13:27:00,Q. Tidman,Male,26,Asian,None,Admitted,,42
800-09-1545,02-06-2023,08:16:00,R. Jellett,Male,68,Asian,None,Admitted,,46
208-28-7749,01-04-2024,17:51:00,S. Shakespeare,Male,59,Asian,None,Admitted,,20
888-65-6333,01-08-2024,14:01:00,S. Gration,Male,12,Asian,None,Admitted,,28
812-41-7789,30-03-2024,08:43:00,S. Argontt,Male,13,Asian,None,Admitted,,31
368-74-4482,15-06-2023,12:56:00,S. Blunsen,Male,4,Asian,None,Admitted,,33
424-87-5977,03-05-2024,12:39:00,S. Wasteney,Male,55,Asian,None,Admitted,,36
491-05-3734,12-10-2023,06:38:00,S. Fowkes,Male,69,Asian,None,Admitted,,59
896-58-5072,01-06-2023,17:33:00,T. Neenan,Male,73,Asian,None,Admitted,,18
463-67-3398,23-06-2024,23:51:00,T. Killen,Male,54,Asian,None,Admitted,,19
853-22-5919,31-12-2023,23:05:00,T. Munning,Male,7,Asian,None,Admitted,,31
575-15-0423,02-03-2024,12:46:00,T. Ruane,Male,21,Asian,None,Admitted,,48
283-01-3923,28-07-2023,07:08:00,U. Biddiss,Male,9,Asian,None,Admitted,,60
167-80-2652,01-08-2023,15:13:00,V. Risso,Male,63,Asian,None,Admitted,,47
163-07-6166,18-07-2024,14:27:00,V. Heliot,Male,42,Asian,None,Admitted,,59
529-27-8936,24-02-2024,07:39:00,W. Birtonshaw,Male,20,Asian,None,Admitted,,43
696-53-4698,19-03-2024,19:10:00,W. Latliff,Male,4,Asian,None,Admitted,,49
209-94-4931,10-06-2023,13:58:00,X. Tabert,Male,37,Asian,None,Admitted,,35
531-03-0405,15-06-2023,03:43:00,Y. Como,Male,38,Asian,None,Admitted,,10
263-40-1845,08-09-2024,16:29:00,Y. Hrinchenko,Male,50,Asian,None,Admitted,,21
738-41-4181,13-07-2023,07:51:00,Y. Ellison,Male,54,Asian,None,Admitted,,21
797-09-1351,30-11-2023,00:49:00,Y. Fretter,Male,17,Asian,None,Admitted,,45
850-63-4711,22-12-2023,06:55:00,Y. MacCrosson,Male,63,Asian,None,Admitted,,58
518-07-6654,28-08-2023,11:12:00,Y. Walewski,Male,77,Asian,None,Admitted,,60
807-31-0304,16-10-2023,01:19:00,Z. Whillock,Male,13,Asian,None,Admitted,,13
304-13-0114,19-04-2024,16:38:00,Z. Patrickson,Male,10,Asian,None,Admitted,,22
815-50-7710,08-11-2023,05:53:00,Z. Meagher,Male,46,Asian,None,Admitted,,54
477-25-6214,04-07-2024,01:30:00,D. Aronovich,Male,50,Asian,None,Admitted,0,52
388-23-0487,06-10-2024,15:05:00,Z. Shalliker,Male,61,Asian,None,Admitted,0,15
645-29-9188,07-04-2024,04:35:00,G. Kenion,Male,48,Asian,None,Admitted,1,25
116-09-9875,10-09-2023,14:58:00,U. Baggs,Male,64,Asian,None,Admitted,1,30
385-04-3640,13-04-2024,14:24:00,V. Deamer,Male,63,Asian,None,Admitted,1,60
797-10-9836,05-11-2023,13:14:00,X. Greatland,Male,42,Asian,None,Admitted,1,14
579-55-3515,17-12-2023,21:26:00,X. Viveash,Male,62,Asian,None,Admitted,1,27
208-18-7645,16-09-2023,14:40:00,J. Kopps,Male,47,Asian,None,Admitted,2,33
662-81-1902,26-10-2023,20:18:00,P. Ellerker,Male,33,Asian,None,Admitted,2,34
595-74-4278,28-10-2024,09:08:00,R. Eccleston,Male,67,Asian,None,Admitted,2,19
759-61-0298,15-05-2024,20:42:00,W. Houtby,Male,22,Asian,None,Admitted,2,28
834-60-1903,28-02-2024,04:15:00,M. Lambdean,Male,68,Asian,None,Admitted,4,45
793-46-7396,02-03-2024,20:53:00,R. Scurrey,Male,64,Asian,None,Admitted,4,22
273-04-2588,02-04-2024,13:46:00,U. MacVagh,Male,14,Asian,None,Admitted,4,47
483-02-3338,27-09-2023,20:44:00,W. Magovern,Male,28,Asian,None,Admitted,4,50
294-14-2716,23-09-2023,09:18:00,X. Undrill,Male,26,Asian,None,Admitted,4,30
606-08-9022,10-04-2023,06:13:00,C. Hawkslee,Male,51,Asian,None,Admitted,5,35
474-68-7516,10-05-2024,11:22:00,C. Dixsee,Male,66,Asian,None,Admitted,5,43
650-10-8629,19-04-2023,02:19:00,K. Boater,Male,54,Asian,None,Admitted,5,11
725-62-6165,26-07-2024,20:45:00,G. Martignon,Male,77,Asian,None,Admitted,6,23
693-69-3206,03-05-2023,14:08:00,J. Trelevan,Male,39,Asian,None,Admitted,6,40
563-73-7538,14-10-2023,12:03:00,N. Mowson,Male,77,Asian,None,Admitted,6,56
622-41-7512,23-11-2023,11:22:00,P. Kepp,Male,23,Asian,None,Admitted,6,54
229-50-1494,21-05-2023,16:54:00,A. Ludlom,Male,47,Asian,None,Admitted,7,35
109-59-5859,29-04-2023,19:09:00,B. Langfield,Male,26,Asian,None,Admitted,7,57
580-28-6655,23-04-2024,04:01:00,E. Christer,Male,60,Asian,None,Admitted,7,55
409-75-3660,30-01-2024,20:04:00,M. McKintosh,Male,73,Asian,None,Admitted,7,26
498-93-2576,08-12-2023,12:38:00,N. Culp,Male,74,Asian,None,Admitted,7,22
256-40-0553,01-05-2024,17:55:00,T. Medford,Male,23,Asian,None,Admitted,7,59
700-49-7461,14-10-2024,11:51:00,Y. Liff,Male,61,Asian,None,Admitted,7,27
883-52-8117,30-04-2023,21:38:00,P. Blasio,Male,2,Asian,None,Admitted,8,44
828-97-8389,25-10-2024,05:43:00,U. Baudassi,Male,18,Asian,None,Admitted,8,47
268-03-2892,16-03-2024,20:16:00,B. Chapelhow,Male,68,Asian,None,Admitted,9,58
550-98-8214,17-11-2023,20:18:00,C. Huddle,Male,66,Asian,None,Admitted,9,52
452-21-6657,01-12-2023,14:54:00,G. Yatman,Male,42,Asian,None,Admitted,9,33
722-04-7671,10-07-2023,03:53:00,R. Mews,Male,46,Asian,None,Admitted,9,17
875-56-5328,04-09-2023,18:23:00,X. Tetla,Male,39,Asian,None,Admitted,9,17
115-60-2041,21-05-2024,11:07:00,Z. Racher,Male,60,Asian,None,Admitted,9,51
559-16-3603,11-11-2023,07:21:00,B. Lewton,Male,12,Asian,None,Admitted,10,34
182-51-4982,29-12-2023,05:04:00,C. Ferreira,Male,52,Asian,None,Admitted,10,10
174-02-8280,10-10-2024,11:58:00,G. Coppard,Male,38,Asian,None,Admitted,10,31
891-68-9213,17-10-2024,09:37:00,I. Collicott,Male,60,Asian,None,Admitted,10,27
148-35-5241,09-06-2024,18:06:00,N. Roxby,Male,53,Asian,None,Admitted,10,54
232-20-0713,24-04-2023,09:32:00,R. Simoncelli,Male,37,Asian,None,Admitted,10,58
620-19-3129,19-02-2024,10:03:00,A. Plumb,Male,70,Asian,Orthopedics,Admitted,,55
419-61-3209,03-03-2024,07:57:00,C. Hassett,Male,55,Asian,Orthopedics,Admitted,,33
334-81-1151,21-05-2024,09:49:00,D. Elsop,Male,63,Asian,Orthopedics,Admitted,,51
743-05-9830,22-07-2023,14:37:00,E. Coslett,Male,12,Asian,Orthopedics,Admitted,,47
774-12-1839,16-07-2024,05:20:00,E. Toplis,Male,74,Asian,Orthopedics,Admitted,,56
427-87-8857,09-02-2024,12:24:00,F. Pessler,Male,40,Asian,Orthopedics,Admitted,,33
339-36-5145,03-11-2023,02:15:00,F. Tregear,Male,24,Asian,Orthopedics,Admitted,,36
296-03-8130,15-06-2024,18:04:00,K. Curteis,Male,12,Asian,Orthopedics,Admitted,,52
560-19-5168,24-08-2024,17:39:00,L. Conew,Male,66,Asian,Orthopedics,Admitted,,13
602-78-5992,14-05-2023,16:20:00,M. Pickford,Male,50,Asian,Orthopedics,Admitted,,22
135-55-7285,24-04-2024,13:48:00,P. Reckus,Male,34,Asian,Orthopedics,Admitted,,57
310-63-8184,28-09-2023,03:09:00,R. Jurgen,Male,54,Asian,Orthopedics,Admitted,,25
169-60-7674,30-05-2024,03:45:00,S. Degoey,Male,62,Asian,Orthopedics,Admitted,,29
490-34-8816,18-01-2024,19:25:00,T. Sheddan,Male,52,Asian,Orthopedics,Admitted,,18
614-70-3664,25-04-2024,00:02:00,T. Mcasparan,Male,41,Asian,Orthopedics,Admitted,,31
402-45-4382,10-06-2024,02:21:00,U. Fitzpayn,Male,51,Asian,Orthopedics,Admitted,,40
264-24-7455,03-03-2024,02:02:00,W. Normanvill,Male,27,Asian,Orthopedics,Admitted,,50
574-27-8945,03-04-2023,10:00:00,X. Presidey,Male,3,Asian,Orthopedics,Admitted,,22
189-45-0235,25-11-2023,22:44:00,S. Dickerson,Male,1,Asian,Orthopedics,Admitted,1,54
421-15-9145,07-01-2024,10:32:00,F. Brunsen,Male,77,Asian,Orthopedics,Admitted,3,28
787-59-4271,30-05-2024,15:14:00,N. McCole,Male,23,Asian,Orthopedics,Admitted,3,35
503-57-6754,19-11-2023,14:56:00,C. Sharpless,Male,14,Asian,Orthopedics,Admitted,6,18
871-30-6974,10-11-2023,21:15:00,J. Furlong,Male,5,Asian,Orthopedics,Admitted,6,51
802-14-1812,03-08-2024,08:24:00,J. Methven,Male,61,Asian,Orthopedics,Admitted,7,52
217-38-8287,06-10-2023,15:28:00,L. Torald,Male,69,Asian,Orthopedics,Admitted,9,51
218-08-9169,04-05-2024,17:27:00,M. Conn,Male,61,Asian,Orthopedics,Admitted,10,19
454-88-2937,31-05-2024,22:24:00,U. Hasker,Male,65,Asian,Orthopedics,Admitted,10,59
355-78-2842,18-01-2024,22:04:00,V. Van Salzberger,Male,66,Asian,Orthopedics,Admitted,10,44
290-17-7158,07-06-2023,10:33:00,O. Schubbert,Male,30,Asian,Physiotherapy,Admitted,,49
723-85-9608,30-03-2024,18:30:00,P. McMorran,Male,37,Asian,Physiotherapy,Admitted,,35
150-10-7152,03-05-2023,02:18:00,T. Polle,Male,17,Asian,Physiotherapy,Admitted,,46
344-99-0228,12-04-2023,00:52:00,V. Limpricht,Male,17,Asian,Physiotherapy,Admitted,,44
489-40-7800,27-12-2023,12:47:00,N. Hymor,Male,34,Asian,Renal,Admitted,,34
262-59-2169,21-09-2023,04:20:00,U. Stickins,Male,72,Asian,Renal,Admitted,,30
408-83-3720,30-03-2024,21:29:00,U. Mathey,Male,38,Asian,Renal,Admitted,0,40
154-73-5990,04-06-2023,23:07:00,K. Sagg,Male,20,Asian,Renal,Admitted,2,43
873-09-9857,30-09-2023,09:34:00,B. Eckery,Male,56,Declined to Identify,Cardiology,Admitted,,26
656-89-7392,22-09-2023,11:36:00,N. Pennuzzi,Male,31,Declined to Identify,Cardiology,Admitted,,35
366-34-5964,25-01-2024,02:06:00,P. Dovidian,Male,40,Declined to Identify,Cardiology,Admitted,,10
124-08-6381,15-06-2024,01:21:00,W. Keyworth,Male,67,Declined to Identify,Cardiology,Admitted,7,29
543-61-6058,22-06-2023,06:07:00,B. Hathway,Male,73,Declined to Identify,Gastroenterology,Admitted,,52
421-54-0505,22-09-2023,12:45:00,F. Hearley,Male,4,Declined to Identify,Gastroenterology,Admitted,,29
668-95-8665,04-10-2024,14:26:00,F. Havenhand,Male,78,Declined to Identify,Gastroenterology,Admitted,,29
362-55-6622,01-11-2023,16:06:00,G. Sousa,Male,55,Declined to Identify,Gastroenterology,Admitted,,26
235-56-6033,30-09-2024,23:02:00,J. Greber,Male,25,Declined to Identify,Gastroenterology,Admitted,,50
696-58-7818,09-06-2024,12:08:00,P. Barniss,Male,73,Declined to Identify,Gastroenterology,Admitted,,22
647-71-3507,20-02-2024,00:43:00,W. Laurentino,Male,68,Declined to Identify,Gastroenterology,Admitted,,60
874-45-7716,10-03-2024,09:01:00,J. Dudden,Male,65,Declined to Identify,Gastroenterology,Admitted,5,36
699-98-1657,16-11-2023,15:03:00,A. Wein,Male,41,Declined to Identify,General Practice,Admitted,,39
747-04-3847,02-09-2023,04:17:00,C. Abrahamson,Male,77,Declined to Identify,General Practice,Admitted,,11
833-55-4951,25-05-2024,23:35:00,C. Grinley,Male,49,Declined to Identify,General Practice,Admitted,,52
585-22-2532,14-12-2023,06:03:00,E. Ottewill,Male,29,Declined to Identify,General Practice,Admitted,,50
537-31-9022,19-05-2024,09:04:00,F. Stellman,Male,63,Declined to Identify,General Practice,Admitted,,32
144-83-2680,11-12-2023,10:16:00,G. Androlli,Male,60,Declined to Identify,General Practice,Admitted,,20
692-55-1347,10-05-2023,04:02:00,G. Esslement,Male,15,Declined to Identify,General Practice,Admitted,,30
511-02-6241,12-04-2023,07:36:00,J. Kingscote,Male,78,Declined to Identify,General Practice,Admitted,,26
430-47-4070,08-09-2023,10:41:00,L. MacDwyer,Male,31,Declined to Identify,General Practice,Admitted,,14
187-98-7243,11-02-2024,21:37:00,M. Hessle,Male,38,Declined to Identify,General Practice,Admitted,,35
432-54-0526,28-08-2023,16:08:00,M. Dizlie,Male,39,Declined to Identify,General Practice,Admitted,,47
178-38-2955,21-04-2023,22:28:00,O. Port,Male,75,Declined to Identify,General Practice,Admitted,,34
611-81-2120,16-10-2023,06:30:00,O. Labbet,Male,62,Declined to Identify,General Practice,Admitted,,39
545-02-1591,31-08-2024,03:07:00,S. Shepley,Male,51,Declined to Identify,General Practice,Admitted,,35
246-46-3354,17-10-2024,11:49:00,U. Fison,Male,46,Declined to Identify,General Practice,Admitted,,20
476-07-2714,27-08-2023,18:46:00,U. Cappel,Male,77,Declined to Identify,General Practice,Admitted,,57
267-84-3755,30-08-2023,09:14:00,V. Blackly,Male,8,Declined to Identify,General Practice,Admitted,,39
164-26-6306,30-01-2024,18:23:00,X. Griffen,Male,72,Declined to Identify,General Practice,Admitted,,12
333-45-8232,01-09-2024,01:04:00,Y. Tethcote,Male,9,Declined to Identify,General Practice,Admitted,,42
527-85-0144,23-06-2023,06:19:00,Z. Swayte,Male,14,Declined to Identify,General Practice,Admitted,,46
471-26-6540,11-07-2023,08:27:00,D. Cruden,Male,15,Declined to Identify,General Practice,Admitted,0,60
418-61-6957,09-10-2023,22:22:00,U. Markussen,Male,22,Declined to Identify,General Practice,Admitted,0,35
417-29-0350,07-05-2024,03:06:00,C. Dominik,Male,63,Declined to Identify,General Practice,Admitted,1,26
407-80-1621,18-08-2024,00:49:00,G. Dyerson,Male,32,Declined to Identify,General Practice,Admitted,3,53
711-54-1117,02-08-2023,19:03:00,R. Houlridge,Male,76,Declined to Identify,General Practice,Admitted,4,60
161-59-1979,27-08-2023,10:33:00,S. Alexis,Male,34,Declined to Identify,General Practice,Admitted,5,43
674-10-3099,21-08-2024,03:33:00,V. Hoyt,Male,67,Declined to Identify,General Practice,Admitted,5,60
251-06-3146,19-10-2023,04:42:00,H. Cockett,Male,44,Declined to Identify,General Practice,Admitted,6,19
813-15-4119,11-10-2024,21:22:00,O. Valentetti,Male,20,Declined to Identify,General Practice,Admitted,6,19
784-60-3129,11-07-2024,06:48:00,E. Willers,Male,52,Declined to Identify,General Practice,Admitted,7,16
665-30-9119,22-05-2024,15:49:00,A. Brenston,Male,69,Declined to Identify,General Practice,Admitted,8,53
642-21-0802,14-08-2024,08:53:00,J. Dawney,Male,24,Declined to Identify,General Practice,Admitted,9,15
479-57-6958,28-05-2024,20:00:00,O. Wherry,Male,49,Declined to Identify,General Practice,Admitted,9,14
629-92-2831,04-09-2023,03:50:00,U. Bedrosian,Male,48,Declined to Identify,General Practice,Admitted,9,52
177-89-1312,18-09-2023,20:07:00,W. Windous,Male,70,Declined to Identify,General Practice,Admitted,10,16
458-03-2386,23-08-2023,23:47:00,X. Drinkel,Male,36,Declined to Identify,General Practice,Admitted,10,44
389-84-7406,21-05-2023,01:46:00,M. Jacob,Male,33,Declined to Identify,Neurology,Admitted,,56
455-30-9819,11-03-2024,08:00:00,R. Gurnell,Male,45,Declined to Identify,Neurology,Admitted,,42
669-11-4236,15-12-2023,00:38:00,V. Dach,Male,21,Declined to Identify,Neurology,Admitted,,36
693-84-3710,31-01-2024,13:30:00,W. McVaugh,Male,53,Declined to Identify,Neurology,Admitted,,50
141-47-3493,07-06-2024,00:25:00,Y. Whardley,Male,9,Declined to Identify,Neurology,Admitted,,54
511-35-0901,05-12-2023,16:13:00,S. Dinan,Male,63,Declined to Identify,Neurology,Admitted,1,57
473-11-0338,07-10-2023,03:47:00,B. Cayzer,Male,75,Declined to Identify,Neurology,Admitted,10,31
357-47-6302,28-11-2023,05:56:00,A. Wandrich,Male,54,Declined to Identify,None,Admitted,,48
148-56-7389,15-05-2023,08:16:00,B. Coping,Male,75,Declined to Identify,None,Admitted,,20
775-99-4535,15-07-2023,09:59:00,B. Croome,Male,45,Declined to Identify,None,Admitted,,23
315-96-8028,27-12-2023,18:07:00,B. Androli,Male,6,Declined to Identify,None,Admitted,,32
481-16-9198,14-07-2024,20:49:00,B. Reina,Male,74,Declined to Identify,None,Admitted,,41
183-10-1974,27-04-2023,20:44:00,B. Gorey,Male,20,Declined to Identify,None,Admitted,,44
840-94-1929,25-08-2023,19:26:00,B. Guyonnet,Male,49,Declined to Identify,None,Admitted,,51
613-68-5042,11-03-2024,14:37:00,B. Millmoe,Male,66,Declined to Identify,None,Admitted,,53
378-37-8203,07-06-2023,19:17:00,C. Mutlow,Male,31,Declined to Identify,None,Admitted,,37
828-43-3401,14-07-2023,16:43:00,D. Ruckman,Male,49,Declined to Identify,None,Admitted,,18
174-96-9817,17-10-2023,05:09:00,D. Jerdein,Male,77,Declined to Identify,None,Admitted,,29
717-17-6639,29-04-2024,01:42:00,D. Grange,Male,44,Declined to Identify,None,Admitted,,37
589-50-5696,05-01-2024,20:18:00,D. Hele,Male,56,Declined to Identify,None,Admitted,,47
376-86-6417,07-08-2024,10:36:00,D. Hassall,Male,26,Declined to Identify,None,Admitted,,49
434-97-4357,24-01-2024,21:20:00,E. Goodayle,Male,59,Declined to Identify,None,Admitted,,14
803-79-1507,04-01-2024,13:51:00,E. Bassom,Male,11,Declined to Identify,None,Admitted,,25
485-05-6965,16-11-2023,11:25:00,F. Shawe,Male,62,Declined to Identify,None,Admitted,,14
519-80-6343,13-10-2024,17:22:00,F. Howsego,Male,27,Declined to Identify,None,Admitted,,33
839-25-4121,27-06-2023,17:21:00,F. Aujean,Male,29,Declined to Identify,None,Admitted,,33
727-20-1005,10-05-2024,21:39:00,F. Giametti,Male,44,Declined to Identify,None,Admitted,,34
191-20-3872,05-04-2023,16:31:00,G. Rabjohn,Male,49,Declined to Identify,None,Admitted,,13
422-33-7212,16-09-2023,15:54:00,G. Crease,Male,54,Declined to Identify,None,Admitted,,23
242-66-6759,22-03-2024,16:56:00,G. Healings,Male,15,Declined to Identify,None,Admitted,,24
459-64-0919,16-07-2024,19:55:00,G. Lorey,Male,49,Declined to Identify,None,Admitted,,24
161-45-2290,28-08-2024,10:51:00,G. Alishoner,Male,57,Declined to Identify,None,Admitted,,24
121-06-3424,10-12-2023,23:28:00,G. Booth-Jarvis,Male,19,Declined to Identify,None,Admitted,,25
212-87-1946,25-08-2023,16:58:00,G. Pierce,Male,39,Declined to Identify,None,Admitted,,38
810-62-4735,23-07-2024,09:38:00,G. Chanders,Male,44,Declined to Identify,None,Admitted,,49
709-73-7635,29-08-2024,07:32:00,G. Cowpe,Male,54,Declined to Identify,None,Admitted,,50
452-49-7738,15-03-2024,17:11:00,G. Esson,Male,67,Declined to Identify,None,Admitted,,51
232-67-5274,08-05-2024,15:04:00,G. Chaters,Male,58,Declined to Identify,None,Admitted,,54
138-92-0390,15-12-2023,06:56:00,G. Izon,Male,44,Declined to Identify,None,Admitted,,56
484-09-1969,01-02-2024,05:30:00,G. Dougill,Male,54,Declined to Identify,None,Admitted,,60
220-45-5150,18-08-2024,02:39:00,H. Ruddoch,Male,57,Declined to Identify,None,Admitted,,10
754-27-9761,20-05-2023,05:51:00,H. Theuff,Male,4,Declined to Identify,None,Admitted,,12
709-11-5958,02-10-2024,02:46:00,H. MacDavitt,Male,50,Declined to Identify,None,Admitted,,16
807-21-6712,09-04-2024,23:45:00,H. Matuszynski,Male,2,Declined to Identify,None,Admitted,,23
494-42-5304,20-09-2023,00:51:00,H. Maultby,Male,34,Declined to Identify,None,Admitted,,39
620-84-7483,09-06-2024,00:42:00,H. Schulke,Male,59,Declined to Identify,None,Admitted,,57
528-42-3243,26-06-2023,01:53:00,I. Devaney,Male,72,Declined to Identify,None,Admitted,,17
353-67-7450,11-09-2024,09:54:00,I. Cragoe,Male,50,Declined to Identify,None,Admitted,,22
112-88-9744,02-04-2023,20:25:00,I. Wing,Male,70,Declined to Identify,None,Admitted,,26
535-44-1807,07-05-2023,05:21:00,I. Rosenboim,Male,37,Declined to Identify,None,Admitted,,44
710-38-5899,18-08-2024,17:38:00,I. Terrelly,Male,60,Declined to Identify,None,Admitted,,53
109-14-1904,21-12-2023,07:42:00,I. O'Scollee,Male,9,Declined to Identify,None,Admitted,,55
480-01-5395,29-12-2023,05:14:00,I. Gannicleff,Male,16,Declined to Identify,None,Admitted,,57
130-80-6101,17-01-2024,16:22:00,I. Barles,Male,51,Declined to Identify,None,Admitted,,58
337-61-9280,11-08-2023,22:30:00,J. Sneath,Male,64,Declined to Identify,None,Admitted,,17
515-44-8748,15-09-2023,19:05:00,J. Creak,Male,13,Declined to Identify,None,Admitted,,19
693-51-3327,02-10-2024,03:01:00,J. Grimbaldeston,Male,2,Declined to Identify,None,Admitted,,29
274-31-4793,13-10-2023,16:35:00,J. Lockney,Male,18,Declined to Identify,None,Admitted,,40
455-26-9181,30-10-2024,19:10:00,J. Bricket,Male,62,Declined to Identify,None,Admitted,,49
778-94-1723,06-06-2024,14:18:00,K. Dash,Male,67,Declined to Identify,None,Admitted,,45
259-14-0334,17-05-2024,07:45:00,L. Walbrun,Male,37,Declined to Identify,None,Admitted,,20
491-17-7369,24-09-2024,07:52:00,L. Figura,Male,58,Declined to Identify,None,Admitted,,35
133-70-2188,15-06-2023,04:26:00,L. Bisley,Male,61,Declined to Identify,None,Admitted,,44
748-48-5657,11-02-2024,05:50:00,L. Plunket,Male,74,Declined to Identify,None,Admitted,,49
139-22-0701,25-01-2024,07:00:00,L. Lovick,Male,7,Declined to Identify,None,Admitted,,55
254-61-0446,12-06-2024,01:36:00,M. Vittle,Male,68,Declined to Identify,None,Admitted,,51
143-22-5332,30-04-2024,15:27:00,M. Watt,Male,4,Declined to Identify,None,Admitted,,54
746-44-9930,29-08-2023,22:15:00,N. Allardyce,Male,48,Declined to Identify,None,Admitted,,11
775-19-3289,14-04-2023,08:17:00,N. Brettle,Male,33,Declined to Identify,None,Admitted,,20
164-26-6964,07-01-2024,10:19:00,N. Pickton,Male,64,Declined to Identify,None,Admitted,,31
181-14-8158,13-06-2023,11:38:00,N. Buxy,Male,52,Declined to Identify,None,Admitted,,33
897-05-5888,07-06-2024,11:01:00,N. Barbie,Male,71,Declined to Identify,None,Admitted,,47
181-46-3780,15-08-2024,10:03:00,N. Trinke,Male,13,Declined to Identify,None,Admitted,,50
246-69-5313,04-06-2024,03:02:00,O. Pharaoh,Male,42,Declined to Identify,None,Admitted,,11
807-60-0884,30-04-2023,04:37:00,O. Camoys,Male,19,Declined to Identify,None,Admitted,,19
317-09-5665,05-10-2023,17:02:00,O. Tourot,Male,34,Declined to Identify,None,Admitted,,23
153-49-7320,11-07-2023,01:16:00,O. Rabley,Male,46,Declined to Identify,None,Admitted,,33
695-13-5601,29-06-2024,18:58:00,O. Dillingham,Male,27,Declined to Identify,None,Admitted,,39
823-59-0840,22-01-2024,05:47:00,P. Sekulla,Male,26,Declined to Identify,None,Admitted,,13
725-27-0520,23-07-2023,13:09:00,P. Binnall,Male,18,Declined to Identify,None,Admitted,,17
873-89-4096,12-01-2024,23:25:00,P. Gilpin,Male,61,Declined to Identify,None,Admitted,,23
259-38-4930,18-09-2023,09:48:00,P. Janton,Male,64,Declined to Identify,None,Admitted,,27
270-66-5272,29-03-2024,06:01:00,P. Collingwood,Male,45,Declined to Identify,None,Admitted,,30
580-01-3557,29-05-2024,12:52:00,P. Weigh,Male,56,Declined to Identify,None,Admitted,,39
245-30-5810,05-07-2024,08:43:00,Q. Dods,Male,19,Declined to Identify,None,Admitted,,14
296-59-2745,25-10-2023,14:18:00,Q. Koppel,Male,75,Declined to Identify,None,Admitted,,23
706-94-5641,25-06-2023,07:32:00,Q. Keveren,Male,28,Declined to Identify,None,Admitted,,37
662-10-0142,13-08-2023,17:29:00,Q. Bolstridge,Male,19,Declined to Identify,None,Admitted,,42
589-79-0102,29-08-2023,19:36:00,R. Honnicott,Male,2,Declined to Identify,None,Admitted,,14
417-46-2398,25-06-2023,07:59:00,R. Ablett,Male,41,Declined to Identify,None,Admitted,,39
633-85-2019,14-09-2023,19:14:00,R. Mandal,Male,76,Declined to Identify,None,Admitted,,47
855-62-3506,03-10-2024,12:23:00,S. Scahill,Male,7,Declined to Identify,None,Admitted,,13
881-09-5666,14-05-2024,23:32:00,S. Elrick,Male,39,Declined to Identify,None,Admitted,,20
862-22-0410,28-11-2023,17:01:00,S. Somerled,Male,30,Declined to Identify,None,Admitted,,31
567-63-2475,12-03-2024,10:48:00,S. Lynock,Male,60,Declined to Identify,None,Admitted,,46
577-56-7589,01-06-2024,01:17:00,T. Utterson,Male,11,Declined to Identify,None,Admitted,,19
163-79-8130,09-10-2024,17:12:00,U. Klain,Male,23,Declined to Identify,None,Admitted,,12
713-78-6571,12-08-2023,01:02:00,U. Antonellini,Male,33,Declined to Identify,None,Admitted,,27
180-09-7890,23-01-2024,21:24:00,U. Dunster,Male,40,Declined to Identify,None,Admitted,,51
154-12-2643,06-01-2024,00:58:00,U. Durant,Male,32,Declined to Identify,None,Admitted,,57
762-61-4765,12-03-2024,23:02:00,U. Harley,Male,37,Declined to Identify,None,Admitted,,57
365-49-2465,22-06-2023,01:29:00,V. Souza,Male,35,Declined to Identify,None,Admitted,,14
449-78-6801,06-02-2024,11:14:00,V. Bloomfield,Male,59,Declined to Identify,None,Admitted,,16
234-63-9244,21-07-2023,12:07:00,V. Poytheras,Male,47,Declined to Identify,None,Admitted,,33
837-64-4784,18-06-2024,09:00:00,V. Sydall,Male,50,Declined to Identify,None,Admitted,,43
302-22-0879,09-06-2023,21:57:00,W. Care,Male,48,Declined to Identify,None,Admitted,,16
256-60-7133,26-12-2023,16:38:00,W. Gibb,Male,30,Declined to Identify,None,Admitted,,19
877-34-2759,22-07-2024,15:04:00,W. Craster,Male,49,Declined to Identify,None,Admitted,,29
601-12-5225,15-08-2023,21:47:00,W. O'Flaverty,Male,54,Declined to Identify,None,Admitted,,35
266-96-6521,03-03-2024,01:57:00,W. Bliven,Male,25,Declined to Identify,None,Admitted,,37
775-91-3915,24-07-2023,14:20:00,W. Mathewson,Male,41,Declined to Identify,None,Admitted,,37
153-51-8349,04-05-2024,22:08:00,X. Mancktelow,Male,18,Declined to Identify,None,Admitted,,10
870-63-4486,04-04-2024,10:27:00,X. Fanti,Male,9,Declined to Identify,None,Admitted,,25
542-37-8284,21-08-2023,10:53:00,X. Rouch,Male,18,Declined to Identify,None,Admitted,,37
130-89-4024,30-12-2023,19:01:00,X. Pryer,Male,58,Declined to Identify,None,Admitted,,40
315-54-7384,15-07-2023,21:34:00,X. Merrifield,Male,18,Declined to Identify,None,Admitted,,49
504-68-7812,11-06-2024,17:52:00,Y. Cawthorn,Male,75,Declined to Identify,None,Admitted,,24
749-39-3053,15-04-2023,03:22:00,Y. Minchella,Male,7,Declined to Identify,None,Admitted,,56
210-75-3667,22-07-2023,18:43:00,Z. Lathan,Male,74,Declined to Identify,None,Admitted,,16
723-84-3271,22-10-2024,17:44:00,Z. McTague,Male,34,Declined to Identify,None,Admitted,,18
721-59-3542,01-08-2024,05:09:00,Z. Busse,Male,67,Declined to Identify,None,Admitted,,24
396-63-9204,22-09-2024,06:12:00,Z. Waistell,Male,10,Declined to Identify,None,Admitted,,27
102-78-5313,17-07-2024,20:16:00,L. Glacken,Male,48,Declined to Identify,None,Admitted,0,28
796-20-6865,09-06-2024,00:43:00,Q. Veque,Male,13,Declined to Identify,None,Admitted,0,38
684-81-2276,06-04-2023,09:00:00,T. Slowley,Male,37,Declined to Identify,None,Admitted,0,50
754-28-0977,03-09-2023,14:07:00,L. Joul,Male,39,Declined to Identify,None,Admitted,1,29
368-48-8290,31-01-2024,14:58:00,O. Carrabott,Male,4,Declined to Identify,None,Admitted,1,12
802-23-8057,03-04-2023,04:53:00,R. Huc,Male,68,Declined to Identify,None,Admitted,1,31
122-91-7361,29-07-2024,02:26:00,P. Dobbinson,Male,63,Declined to Identify,None,Admitted,2,51
319-73-3636,27-04-2024,06:19:00,L. Oldcroft,Male,10,Declined to Identify,None,Admitted,3,14
656-84-3118,26-12-2023,23:35:00,N. de Marco,Male,74,Declined to Identify,None,Admitted,3,10
314-57-3189,27-05-2024,03:42:00,G. Risebarer,Male,41,Declined to Identify,None,Admitted,4,46
558-86-1882,27-09-2023,18:25:00,L. Bangs,Male,33,Declined to Identify,None,Admitted,4,21
448-62-7896,11-01-2024,12:41:00,P. Bruins,Male,77,Declined to Identify,None,Admitted,4,44
839-10-4290,11-06-2023,01:53:00,T. Romeo,Male,52,Declined to Identify,None,Admitted,4,10
472-41-8672,11-03-2024,14:28:00,T. McGrah,Male,52,Declined to Identify,None,Admitted,4,39
659-69-2555,12-06-2024,17:37:00,Y. Castro,Male,47,Declined to Identify,None,Admitted,4,43
449-61-6847,19-04-2023,08:21:00,C. Matteacci,Male,24,Declined to Identify,None,Admitted,5,42
694-31-6186,23-10-2023,19:03:00,D. Garretson,Male,67,Declined to Identify,None,Admitted,5,19
896-83-0117,17-11-2023,01:52:00,M. Bolderson,Male,79,Declined to Identify,None,Admitted,5,57
478-86-9949,12-12-2023,21:55:00,S. Jensen,Male,37,Declined to Identify,None,Admitted,5,36
359-83-8617,29-05-2024,14:41:00,E. Lilley,Male,68,Declined to Identify,None,Admitted,6,44
711-78-4446,21-02-2024,23:10:00,G. Pretious,Male,54,Declined to Identify,None,Admitted,6,48
899-45-0451,29-06-2023,15:13:00,M. Goldwater,Male,26,Declined to Identify,None,Admitted,6,35
563-85-4444,22-05-2024,07:09:00,S. Vickerman,Male,2,Declined to Identify,None,Admitted,6,56
609-17-4908,25-04-2023,03:02:00,E. Lenney,Male,76,Declined to Identify,None,Admitted,7,51
717-46-0039,06-03-2024,09:45:00,C. Linn,Male,64,Declined to Identify,None,Admitted,8,53
654-75-7180,01-09-2024,04:37:00,L. Scneider,Male,2,Declined to Identify,None,Admitted,8,45
220-85-4256,01-07-2024,02:01:00,O. Cuerda,Male,11,Declined to Identify,None,Admitted,8,40
560-68-4267,15-04-2023,23:41:00,O. Dinwoodie,Male,20,Declined to Identify,None,Admitted,8,47
599-75-3210,28-11-2023,21:25:00,D. Tabourel,Male,23,Declined to Identify,None,Admitted,9,50
825-38-2784,02-09-2023,11:21:00,I. Parnham,Male,51,Declined to Identify,None,Admitted,9,11
424-07-7939,13-01-2024,08:15:00,K. Glyn,Male,28,Declined to Identify,None,Admitted,9,55
382-18-5399,11-01-2024,22:22:00,B. Assiratti,Male,42,Declined to Identify,None,Admitted,10,57
441-73-2531,28-06-2023,17:05:00,F. Dowrey,Male,77,Declined to Identify,None,Admitted,10,48
732-17-2371,02-04-2023,19:40:00,H. Halmkin,Male,57,Declined to Identify,None,Admitted,10,33
168-09-6601,29-09-2024,17:02:00,I. Olivazzi,Male,4,Declined to Identify,None,Admitted,10,28
565-67-5654,13-07-2023,15:41:00,L. Pates,Male,50,Declined to Identify,None,Admitted,10,56
166-68-1920,14-05-2024,03:24:00,U. Bonder,Male,64,Declined to Identify,None,Admitted,10,44
385-18-4317,19-10-2023,20:40:00,Y. Estable,Male,12,Declined to Identify,None,Admitted,10,47
169-58-6319,27-11-2023,03:30:00,A. Speek,Male,3,Declined to Identify,Orthopedics,Admitted,,46
685-40-5409,14-03-2024,02:46:00,A. Cancott,Male,33,Declined to Identify,Orthopedics,Admitted,,46
181-37-8210,12-09-2024,03:16:00,A. Lie,Male,7,Declined to Identify,Orthopedics,Admitted,,54
142-34-3319,25-07-2024,10:58:00,B. Wethey,Male,14,Declined to Identify,Orthopedics,Admitted,,25
834-30-4050,17-03-2024,14:54:00,B. Theis,Male,26,Declined to Identify,Orthopedics,Admitted,,48
676-74-9268,16-08-2024,16:11:00,C. Aspinwall,Male,64,Declined to Identify,Orthopedics,Admitted,,51
557-44-3971,25-04-2023,18:20:00,C. Patriskson,Male,18,Declined to Identify,Orthopedics,Admitted,,60
529-39-2765,19-12-2023,13:21:00,D. Gerish,Male,21,Declined to Identify,Orthopedics,Admitted,,40
667-42-3519,12-06-2024,17:56:00,D. Timbrell,Male,54,Declined to Identify,Orthopedics,Admitted,,57
840-85-3205,10-02-2024,09:30:00,F. Siemandl,Male,30,Declined to Identify,Orthopedics,Admitted,,49
270-81-6460,15-07-2024,00:14:00,G. Blessed,Male,12,Declined to Identify,Orthopedics,Admitted,,38
611-43-2271,28-09-2024,01:43:00,H. Llorente,Male,79,Declined to Identify,Orthopedics,Admitted,,27
763-41-5675,01-06-2024,03:47:00,I. Yardy,Male,10,Declined to Identify,Orthopedics,Admitted,,15
672-53-8285,02-06-2024,23:08:00,I. Matisse,Male,64,Declined to Identify,Orthopedics,Admitted,,44
879-09-0173,08-08-2024,05:21:00,J. Daal,Male,53,Declined to Identify,Orthopedics,Admitted,,20
284-78-4415,26-10-2024,16:09:00,L. Creeghan,Male,16,Declined to Identify,Orthopedics,Admitted,,15
184-04-9740,13-08-2023,17:35:00,P. Brendeke,Male,2,Declined to Identify,Orthopedics,Admitted,,54
562-51-1610,27-10-2024,17:26:00,Q. Coats,Male,24,Declined to Identify,Orthopedics,Admitted,,57
899-59-5585,15-11-2023,00:59:00,R. Osmond,Male,60,Declined to Identify,Orthopedics,Admitted,,57
629-51-6493,10-09-2023,22:47:00,S. Tippings,Male,2,Declined to Identify,Orthopedics,Admitted,,33
511-74-2373,24-08-2024,19:38:00,U. Bromont,Male,73,Declined to Identify,Orthopedics,Admitted,,18
180-40-9473,01-05-2023,19:38:00,Y. Mattioli,Male,5,Declined to Identify,Orthopedics,Admitted,,17
106-89-2099,17-03-2024,23:56:00,Y. Metcalf,Male,2,Declined to Identify,Orthopedics,Admitted,,31
106-06-0564,14-01-2024,02:42:00,Q. Mountlow,Male,16,Declined to Identify,Orthopedics,Admitted,0,22
897-54-5606,18-12-2023,02:53:00,T. Southall,Male,35,Declined to Identify,Orthopedics,Admitted,1,56
776-73-0164,01-09-2024,17:23:00,O. Ridoutt,Male,39,Declined to Identify,Orthopedics,Admitted,2,30
185-30-4496,20-08-2024,12:43:00,R. de Guise,Male,52,Declined to Identify,Orthopedics,Admitted,3,56
508-22-7761,14-03-2024,05:55:00,V. Brabbins,Male,14,Declined to Identify,Orthopedics,Admitted,3,50
807-93-0539,06-08-2024,16:10:00,E. Sawter,Male,19,Declined to Identify,Orthopedics,Admitted,4,25
439-09-4695,01-06-2024,19:48:00,T. Bastiman,Male,2,Declined to Identify,Orthopedics,Admitted,4,51
265-25-7984,27-10-2023,04:13:00,C. Nell,Male,70,Declined to Identify,Orthopedics,Admitted,5,23
256-89-4612,07-04-2024,16:32:00,F. Abelwhite,Male,58,Declined to Identify,Orthopedics,Admitted,5,15
619-67-1876,26-08-2024,21:08:00,U. Scholling,Male,55,Declined to Identify,Orthopedics,Admitted,8,55
457-30-9862,05-07-2024,01:38:00,B. Larver,Male,13,Declined to Identify,Physiotherapy,Admitted,,14
631-92-2982,13-01-2024,16:07:00,E. Diament,Male,44,Declined to Identify,Physiotherapy,Admitted,,25
372-60-9119,12-06-2023,10:05:00,L. Strelitz,Male,66,Declined to Identify,Physiotherapy,Admitted,,15
316-24-5823,08-09-2023,03:29:00,U. Cassie,Male,71,Declined to Identify,Physiotherapy,Admitted,,31
825-35-0948,13-05-2023,02:42:00,H. Plante,Male,18,Declined to Identify,Physiotherapy,Admitted,5,13
215-96-2986,17-12-2023,19:54:00,D. Shapera,Male,5,Declined to Identify,Renal,Admitted,,47
412-66-4473,07-01-2024,11:27:00,O. Kemson,Male,50,Declined to Identify,Renal,Admitted,,29
646-02-1854,07-10-2023,10:33:00,R. Beasant,Male,19,Declined to Identify,Renal,Admitted,,11
599-03-3606,10-01-2024,20:16:00,G. Deverose,Male,30,Native American/Alaska Native,Cardiology,Admitted,,53
686-69-6116,12-05-2024,01:40:00,K. Greger,Male,14,Native American/Alaska Native,Cardiology,Admitted,,44
393-09-9749,04-09-2024,22:00:00,N. Peasgood,Male,26,Native American/Alaska Native,Cardiology,Admitted,,35
139-14-2557,13-04-2023,12:12:00,Y. Janks,Male,24,Native American/Alaska Native,Cardiology,Admitted,2,18
561-25-6133,17-01-2024,09:51:00,G. Bradlaugh,Male,71,Native American/Alaska Native,Cardiology,Admitted,4,55
682-34-0219,02-04-2023,05:22:00,N. Trenam,Male,38,Native American/Alaska Native,Gastroenterology,Admitted,,36
604-66-4222,09-03-2024,00:26:00,A. Maybey,Male,27,Native American/Alaska Native,General Practice,Admitted,,11
250-38-2325,20-10-2024,15:14:00,B. Harvett,Male,59,Native American/Alaska Native,General Practice,Admitted,,15
122-08-4208,25-07-2023,10:41:00,B. Clyde,Male,12,Native American/Alaska Native,General Practice,Admitted,,22
652-20-7712,26-02-2024,07:20:00,B. Bees,Male,4,Native American/Alaska Native,General Practice,Admitted,,58
828-47-1822,02-09-2024,00:05:00,E. Bagshaw,Male,18,Native American/Alaska Native,General Practice,Admitted,,33
338-77-1588,20-08-2024,07:53:00,F. Parchment,Male,4,Native American/Alaska Native,General Practice,Admitted,,39
585-69-4983,07-10-2023,01:25:00,F. Coen,Male,52,Native American/Alaska Native,General Practice,Admitted,,47
814-07-4421,15-08-2023,23:58:00,H. Maith,Male,44,Native American/Alaska Native,General Practice,Admitted,,54
581-29-6727,10-04-2024,07:21:00,I. Feeham,Male,18,Native American/Alaska Native,General Practice,Admitted,,47
883-72-0885,30-12-2023,06:38:00,L. Gawke,Male,31,Native American/Alaska Native,General Practice,Admitted,,52
146-74-0413,01-06-2023,11:36:00,N. Weddeburn,Male,40,Native American/Alaska Native,General Practice,Admitted,,41
325-17-4116,21-05-2024,07:42:00,P. Snassell,Male,61,Native American/Alaska Native,General Practice,Admitted,,57
696-21-9147,12-05-2024,09:29:00,R. Rands,Male,32,Native American/Alaska Native,General Practice,Admitted,,50
795-64-7565,02-05-2023,03:19:00,S. Marklin,Male,38,Native American/Alaska Native,General Practice,Admitted,,34
689-43-8910,02-01-2024,17:46:00,T. Passo,Male,47,Native American/Alaska Native,General Practice,Admitted,,32
291-37-1682,03-11-2023,16:51:00,T. Cabedo,Male,53,Native American/Alaska Native,General Practice,Admitted,,42
447-95-3661,11-05-2023,13:46:00,X. Upchurch,Male,25,Native American/Alaska Native,General Practice,Admitted,,10
301-45-7864,10-10-2023,09:14:00,Y. Pennuzzi,Male,34,Native American/Alaska Native,General Practice,Admitted,,26
627-46-5712,27-10-2024,23:17:00,K. McCorry,Male,79,Native American/Alaska Native,General Practice,Admitted,2,42
248-95-3644,28-05-2024,15:54:00,T. Gile,Male,72,Native American/Alaska Native,General Practice,Admitted,5,24
194-92-9947,17-04-2023,23:20:00,C. Stother,Male,52,Native American/Alaska Native,General Practice,Admitted,6,42
724-58-8259,14-04-2023,04:39:00,W. Briars,Male,56,Native American/Alaska Native,General Practice,Admitted,8,41
644-36-3406,08-12-2023,05:41:00,F. Attard,Male,42,Native American/Alaska Native,General Practice,Admitted,9,49
248-33-3339,23-02-2024,00:28:00,V. Swayne,Male,42,Native American/Alaska Native,General Practice,Admitted,9,19
332-36-0246,13-08-2024,23:02:00,C. Durnford,Male,60,Native American/Alaska Native,Neurology,Admitted,,60
283-52-4368,08-09-2024,22:52:00,K. Strapp,Male,46,Native American/Alaska Native,Neurology,Admitted,,15
828-45-0946,27-03-2024,05:10:00,K. Gover,Male,38,Native American/Alaska Native,Neurology,Admitted,,31
524-73-2304,04-05-2023,11:11:00,Z. Griffith,Male,23,Native American/Alaska Native,Neurology,Admitted,,38
657-83-4406,21-05-2023,05:17:00,O. Innes,Male,31,Native American/Alaska Native,Neurology,Admitted,5,52
288-06-8475,15-11-2023,06:18:00,Z. Barnewall,Male,60,Native American/Alaska Native,Neurology,Admitted,8,37
644-22-9798,26-02-2024,02:25:00,A. Netting,Male,8,Native American/Alaska Native,None,Admitted,,17
743-51-2071,19-12-2023,02:43:00,A. Noot,Male,36,Native American/Alaska Native,None,Admitted,,17
341-55-6183,21-04-2023,11:30:00,A. Errowe,Male,71,Native American/Alaska Native,None,Admitted,,30
271-72-3005,03-07-2023,12:34:00,B. Nealy,Male,33,Native American/Alaska Native,None,Admitted,,16
165-78-8054,01-06-2024,21:22:00,D. Kleinhandler,Male,49,Native American/Alaska Native,None,Admitted,,16
530-81-5765,05-04-2023,21:58:00,D. Labadini,Male,10,Native American/Alaska Native,None,Admitted,,17
194-94-2789,01-05-2024,08:25:00,D. Mosdill,Male,66,Native American/Alaska Native,None,Admitted,,32
652-21-5930,17-03-2024,03:19:00,D. Roman,Male,49,Native American/Alaska Native,None,Admitted,,53
191-56-2516,05-11-2023,18:08:00,E. Conneau,Male,19,Native American/Alaska Native,None,Admitted,,30
282-23-4796,22-07-2024,01:14:00,E. Loyd,Male,77,Native American/Alaska Native,None,Admitted,,36
790-45-7947,05-06-2023,12:40:00,E. Wakelam,Male,22,Native American/Alaska Native,None,Admitted,,37
492-07-6328,24-10-2023,18:16:00,F. Panchen,Male,2,Native American/Alaska Native,None,Admitted,,10
397-31-0783,24-06-2023,17:31:00,F. Handasyde,Male,16,Native American/Alaska Native,None,Admitted,,10
657-07-6765,26-09-2024,09:16:00,F. Fowlston,Male,28,Native American/Alaska Native,None,Admitted,,37
478-89-5652,01-06-2023,00:57:00,G. Delph,Male,7,Native American/Alaska Native,None,Admitted,,30
190-40-5748,24-06-2024,05:02:00,G. Pappin,Male,17,Native American/Alaska Native,None,Admitted,,33
353-22-9361,04-05-2024,02:38:00,H. Prinett,Male,33,Native American/Alaska Native,None,Admitted,,49
237-36-6208,29-01-2024,06:05:00,I. Astlet,Male,9,Native American/Alaska Native,None,Admitted,,44
856-56-9240,09-08-2023,15:10:00,K. Wearden,Male,76,Native American/Alaska Native,None,Admitted,,57
587-73-2235,20-08-2023,15:02:00,L. Mourbey,Male,46,Native American/Alaska Native,None,Admitted,,43
758-36-1812,08-05-2023,03:51:00,M. Buffy,Male,68,Native American/Alaska Native,None,Admitted,,28
757-78-3402,19-11-2023,00:02:00,M. Marusik,Male,69,Native American/Alaska Native,None,Admitted,,31
230-03-7366,10-07-2023,09:48:00,N. Spadotto,Male,70,Native American/Alaska Native,None,Admitted,,45
786-04-8828,10-06-2023,03:58:00,N. Paaso,Male,45,Native American/Alaska Native,None,Admitted,,60
723-90-6209,29-05-2023,10:28:00,O. Domney,Male,28,Native American/Alaska Native,None,Admitted,,47
363-78-2720,12-07-2024,07:02:00,O. Ferraresi,Male,37,Native American/Alaska Native,None,Admitted,,50
494-14-9104,23-07-2024,07:13:00,P. Sexcey,Male,8,Native American/Alaska Native,None,Admitted,,21
682-93-1787,03-08-2024,15:36:00,P. Vesty,Male,30,Native American/Alaska Native,None,Admitted,,38
555-44-3372,27-01-2024,00:12:00,Q. McGiffie,Male,35,Native American/Alaska Native,None,Admitted,,25
349-86-8121,09-06-2023,14:23:00,Q. Snugg,Male,41,Native American/Alaska Native,None,Admitted,,44
382-92-2448,27-06-2024,19:11:00,Q. Mance,Male,20,Native American/Alaska Native,None,Admitted,,48
246-59-3959,05-04-2023,12:41:00,R. Pierce,Male,8,Native American/Alaska Native,None,Admitted,,30
222-34-8361,22-09-2023,22:22:00,R. Schulz,Male,27,Native American/Alaska Native,None,Admitted,,37
714-72-1599,09-05-2023,00:19:00,R. Spennock,Male,3,Native American/Alaska Native,None,Admitted,,47
392-65-2951,18-01-2024,17:20:00,R. Haldane,Male,35,Native American/Alaska Native,None,Admitted,,58
707-96-5726,23-10-2023,11:19:00,S. Barling,Male,50,Native American/Alaska Native,None,Admitted,,41
148-76-1261,23-08-2023,14:09:00,T. Spurier,Male,64,Native American/Alaska Native,None,Admitted,,16
455-91-8578,29-05-2024,02:18:00,T. Penhall,Male,43,Native American/Alaska Native,None,Admitted,,25
747-72-7002,12-09-2024,20:06:00,T. Dyball,Male,31,Native American/Alaska Native,None,Admitted,,28
805-74-2795,13-07-2024,05:26:00,T. Mizzi,Male,25,Native American/Alaska Native,None,Admitted,,59
309-91-5176,25-09-2023,22:36:00,U. Goldsbrough,Male,45,Native American/Alaska Native,None,Admitted,,15
479-41-7486,11-06-2024,10:47:00,U. Weyland,Male,35,Native American/Alaska Native,None,Admitted,,46
698-69-3627,06-03-2024,16:55:00,V. Kolushev,Male,4,Native American/Alaska Native,None,Admitted,,16
815-90-5428,29-07-2023,06:29:00,V. Goodliff,Male,4,Native American/Alaska Native,None,Admitted,,19
431-60-6906,11-08-2024,23:56:00,V. Shasnan,Male,1,Native American/Alaska Native,None,Admitted,,31
344-89-8080,17-06-2024,16:06:00,W. Dare,Male,62,Native American/Alaska Native,None,Admitted,,43
422-14-3991,10-10-2023,16:36:00,X. Morbey,Male,25,Native American/Alaska Native,None,Admitted,,55
854-24-5978,14-07-2024,13:31:00,X. Danes,Male,16,Native American/Alaska Native,None,Admitted,,60
442-29-7761,21-09-2023,09:22:00,Y. Gummer,Male,8,Native American/Alaska Native,None,Admitted,,13
392-02-2877,08-07-2024,18:30:00,Y. Luxen,Male,78,Native American/Alaska Native,None,Admitted,,17
461-49-8598,30-12-2023,22:47:00,Y. Frangione,Male,37,Native American/Alaska Native,None,Admitted,,20
689-98-4436,23-12-2023,23:20:00,Y. Margram,Male,31,Native American/Alaska Native,None,Admitted,,37
296-44-2419,18-02-2024,22:42:00,S. Wickenden,Male,34,Native American/Alaska Native,None,Admitted,0,19
220-33-1376,24-10-2023,02:10:00,T. Holtom,Male,79,Native American/Alaska Native,None,Admitted,0,45
453-29-3036,01-07-2024,15:42:00,N. Tebbe,Male,2,Native American/Alaska Native,None,Admitted,1,30
770-95-4240,01-09-2023,01:58:00,C. McCleverty,Male,39,Native American/Alaska Native,None,Admitted,2,55
414-69-2236,23-06-2024,17:01:00,T. Bolens,Male,36,Native American/Alaska Native,None,Admitted,3,31
832-51-2130,31-10-2023,11:53:00,Z. Abelwhite,Male,10,Native American/Alaska Native,None,Admitted,3,51
504-04-2880,02-09-2023,13:47:00,E. Erwin,Male,29,Native American/Alaska Native,None,Admitted,5,28
222-17-4011,20-05-2024,10:05:00,U. McKibbin,Male,6,Native American/Alaska Native,None,Admitted,6,35
221-43-1135,21-10-2023,21:41:00,G. Bruford,Male,34,Native American/Alaska Native,None,Admitted,7,14
183-37-9410,11-07-2023,23:29:00,W. Elener,Male,32,Native American/Alaska Native,None,Admitted,7,12
527-45-1421,12-04-2024,04:25:00,J. Bundy,Male,23,Native American/Alaska Native,None,Admitted,8,41
529-60-1006,27-06-2023,17:09:00,N. Merrywether,Male,26,Native American/Alaska Native,None,Admitted,8,12
814-54-6052,25-05-2023,21:46:00,Q. Geffinger,Male,63,Native American/Alaska Native,None,Admitted,8,30
330-83-0888,22-02-2024,12:07:00,T. Brian,Male,20,Native American/Alaska Native,None,Admitted,9,18
157-62-0102,30-04-2024,20:07:00,Y. Sheldrick,Male,77,Native American/Alaska Native,None,Admitted,9,24
503-02-4357,18-08-2023,18:31:00,K. Boat,Male,42,Native American/Alaska Native,None,Admitted,10,11
868-41-2022,01-01-2024,11:11:00,M. Baulcombe,Male,55,Native American/Alaska Native,None,Admitted,10,59
429-41-6860,21-12-2023,14:54:00,A. Seacroft,Male,40,Native American/Alaska Native,Orthopedics,Admitted,,29
842-21-2088,07-08-2023,07:08:00,A. Beadnall,Male,52,Native American/Alaska Native,Orthopedics,Admitted,,48
737-96-0035,17-06-2024,02:02:00,C. Britland,Male,54,Native American/Alaska Native,Orthopedics,Admitted,,47
407-56-9582,30-07-2023,00:18:00,M. Points,Male,64,Native American/Alaska Native,Orthopedics,Admitted,,29
646-45-1783,17-08-2023,09:55:00,N. Redgrave,Male,74,Native American/Alaska Native,Orthopedics,Admitted,,59
287-09-1852,26-01-2024,23:11:00,O. Kollatsch,Male,33,Native American/Alaska Native,Orthopedics,Admitted,,25
889-03-5244,20-07-2023,10:53:00,P. Bruckstein,Male,57,Native American/Alaska Native,Orthopedics,Admitted,,33
247-62-4290,12-03-2024,10:12:00,Q. Lomansey,Male,66,Native American/Alaska Native,Orthopedics,Admitted,,28
314-59-0387,25-09-2024,23:55:00,W. Dallewater,Male,14,Native American/Alaska Native,Orthopedics,Admitted,,52
754-85-3101,29-02-2024,00:40:00,F. Humpherston,Male,73,Native American/Alaska Native,Orthopedics,Admitted,2,53
576-14-8921,20-11-2023,16:23:00,K. Alecock,Male,62,Native American/Alaska Native,Orthopedics,Admitted,2,53
531-05-3251,10-03-2024,03:17:00,D. Velez,Male,61,Native American/Alaska Native,Orthopedics,Admitted,3,41
526-39-2219,30-11-2023,20:54:00,U. Quincee,Male,70,Native American/Alaska Native,Orthopedics,Admitted,4,49
597-50-8124,16-05-2023,19:49:00,O. Border,Male,32,Native American/Alaska Native,Orthopedics,Admitted,6,10
110-62-8138,18-03-2024,07:20:00,R. Brereton,Male,11,Native American/Alaska Native,Physiotherapy,Admitted,10,52
758-62-8403,02-07-2024,21:36:00,R. Hexum,Male,52,Native American/Alaska Native,Renal,Admitted,,15
822-30-1537,29-04-2023,11:55:00,I. Haistwell,Male,12,Pacific Islander,Cardiology,Admitted,,21
353-59-9498,21-12-2023,20:54:00,K. Haggar,Male,25,Pacific Islander,Cardiology,Admitted,,22
208-91-1133,30-08-2024,01:48:00,Y. Palmby,Male,31,Pacific Islander,Cardiology,Admitted,,12
589-89-7404,16-05-2023,11:38:00,Y. Infantino,Male,78,Pacific Islander,Cardiology,Admitted,,48
615-82-7141,03-08-2023,17:19:00,M. Mein,Male,53,Pacific Islander,Cardiology,Admitted,7,45
593-65-5206,05-08-2023,12:58:00,K. Oldcote,Male,77,Pacific Islander,Gastroenterology,Admitted,,36
678-53-3815,14-08-2023,11:57:00,O. Pikesley,Male,46,Pacific Islander,Gastroenterology,Admitted,,28
869-28-2519,21-03-2024,21:21:00,V. Scholer,Male,36,Pacific Islander,Gastroenterology,Admitted,,30
782-13-9566,19-01-2024,17:24:00,A. Hallad,Male,79,Pacific Islander,General Practice,Admitted,,18
100-34-6753,13-05-2024,14:03:00,B. Paulus,Male,43,Pacific Islander,General Practice,Admitted,,25
344-12-7337,29-02-2024,01:22:00,B. Rickersey,Male,73,Pacific Islander,General Practice,Admitted,,27
594-09-2240,16-08-2024,19:51:00,C. Natwick,Male,21,Pacific Islander,General Practice,Admitted,,58
741-04-9751,31-08-2024,10:56:00,E. Gaitskill,Male,74,Pacific Islander,General Practice,Admitted,,36
548-98-4114,02-09-2024,01:13:00,F. McSparran,Male,27,Pacific Islander,General Practice,Admitted,,23
468-09-2058,08-07-2024,02:36:00,F. Heaps,Male,39,Pacific Islander,General Practice,Admitted,,30
132-84-3700,27-01-2024,09:55:00,F. Ackermann,Male,65,Pacific Islander,General Practice,Admitted,,51
658-51-3929,22-09-2023,23:04:00,G. Muddicliffe,Male,15,Pacific Islander,General Practice,Admitted,,51
685-76-7563,15-09-2023,13:30:00,H. Thorius,Male,60,Pacific Islander,General Practice,Admitted,,35
898-64-3273,28-07-2024,02:50:00,L. Chillistone,Male,56,Pacific Islander,General Practice,Admitted,,27
342-13-1426,23-10-2024,15:04:00,L. Bullocke,Male,45,Pacific Islander,General Practice,Admitted,,31
456-13-3380,16-11-2023,18:28:00,M. Simcoe,Male,29,Pacific Islander,General Practice,Admitted,,19
819-36-3342,03-11-2023,15:20:00,O. Aggs,Male,19,Pacific Islander,General Practice,Admitted,,14
367-46-0761,20-05-2023,09:43:00,O. Mardell,Male,64,Pacific Islander,General Practice,Admitted,,16
623-58-0855,08-07-2024,08:34:00,Q. O' Clovan,Male,32,Pacific Islander,General Practice,Admitted,,56
175-59-9717,31-08-2023,04:39:00,T. Meconi,Male,4,Pacific Islander,General Practice,Admitted,,21
609-71-3159,21-09-2023,21:35:00,U. Kean,Male,24,Pacific Islander,General Practice,Admitted,,16
761-68-0469,16-05-2023,00:48:00,U. Davenhill,Male,51,Pacific Islander,General Practice,Admitted,,31
208-63-9371,01-12-2023,23:46:00,V. Verralls,Male,42,Pacific Islander,General Practice,Admitted,,10
801-16-0380,25-02-2024,16:38:00,V. Hatherell,Male,70,Pacific Islander,General Practice,Admitted,,49
870-30-5356,01-07-2024,15:40:00,Z. Kelston,Male,23,Pacific Islander,General Practice,Admitted,,27
435-65-1924,08-11-2023,12:07:00,V. Sibbert,Male,34,Pacific Islander,General Practice,Admitted,0,22
543-16-9617,09-08-2024,21:28:00,U. Ervin,Male,79,Pacific Islander,General Practice,Admitted,1,34
465-05-1558,18-12-2023,21:07:00,U. Andrioli,Male,12,Pacific Islander,General Practice,Admitted,1,56
211-84-0802,02-04-2024,22:10:00,C. Baldcock,Male,36,Pacific Islander,General Practice,Admitted,3,47
527-61-6252,02-08-2023,18:09:00,V. Coventry,Male,22,Pacific Islander,General Practice,Admitted,6,16
309-20-0723,31-08-2024,23:13:00,E. Guenther,Male,29,Pacific Islander,General Practice,Admitted,9,38
659-92-2938,30-07-2023,14:43:00,S. MacGrath,Male,2,Pacific Islander,Neurology,Admitted,,55
452-18-8105,01-01-2024,11:25:00,U. Pattini,Male,53,Pacific Islander,Neurology,Admitted,,22
336-91-3757,05-03-2024,09:35:00,Y. Brandassi,Male,9,Pacific Islander,Neurology,Admitted,6,40
744-46-3602,18-10-2023,16:47:00,W. Corton,Male,37,Pacific Islander,Neurology,Admitted,8,10
213-62-4409,31-07-2023,13:12:00,Y. Chinge,Male,44,Pacific Islander,Neurology,Admitted,10,44
687-66-3054,04-11-2023,14:08:00,A. Attril,Male,42,Pacific Islander,None,Admitted,,17
715-51-6452,16-06-2024,06:15:00,B. Redmain,Male,45,Pacific Islander,None,Admitted,,16
646-18-3088,10-10-2023,13:31:00,C. Nevins,Male,36,Pacific Islander,None,Admitted,,36
794-61-8016,22-06-2023,15:08:00,C. Ceney,Male,22,Pacific Islander,None,Admitted,,41
204-93-8686,22-10-2023,05:52:00,D. Deboy,Male,40,Pacific Islander,None,Admitted,,41
545-10-2479,24-06-2023,04:51:00,E. Colicot,Male,52,Pacific Islander,None,Admitted,,24
771-99-0591,23-08-2024,20:59:00,E. Timmermann,Male,1,Pacific Islander,None,Admitted,,28
810-82-1197,10-09-2024,06:22:00,F. Mabbitt,Male,52,Pacific Islander,None,Admitted,,55
298-46-8494,15-05-2024,07:41:00,G. Vasile,Male,17,Pacific Islander,None,Admitted,,23
528-96-6459,16-03-2024,20:10:00,G. Iwaszkiewicz,Male,49,Pacific Islander,None,Admitted,,46
703-55-3364,01-06-2023,07:48:00,H. Hickeringill,Male,30,Pacific Islander,None,Admitted,,19
494-08-6177,27-07-2024,08:25:00,H. Mayhou,Male,72,Pacific Islander,None,Admitted,,34
871-59-7467,04-10-2024,05:16:00,H. Chuney,Male,13,Pacific Islander,None,Admitted,,40
502-99-0067,21-08-2024,08:53:00,H. Healy,Male,67,Pacific Islander,None,Admitted,,46
421-46-0418,06-09-2023,01:33:00,I. Lawleff,Male,50,Pacific Islander,None,Admitted,,14
729-02-9839,09-10-2024,15:29:00,I. Zotto,Male,23,Pacific Islander,None,Admitted,,28
333-49-1175,10-08-2023,10:28:00,J. Frostdyke,Male,49,Pacific Islander,None,Admitted,,41
319-25-5108,20-06-2024,17:20:00,K. Devorill,Male,34,Pacific Islander,None,Admitted,,16
658-47-5374,19-04-2023,07:21:00,K. Bricknall,Male,17,Pacific Islander,None,Admitted,,21
783-94-4723,02-09-2023,08:05:00,K. Glassard,Male,26,Pacific Islander,None,Admitted,,28
509-64-9237,18-08-2024,22:18:00,L. Mcwhinnie,Male,38,Pacific Islander,None,Admitted,,13
472-22-1392,10-02-2024,08:30:00,N. Abbatt,Male,37,Pacific Islander,None,Admitted,,36
458-19-1191,14-08-2024,04:49:00,O. Scargill,Male,42,Pacific Islander,None,Admitted,,32
640-82-9605,26-12-2023,07:34:00,O. Meecher,Male,74,Pacific Islander,None,Admitted,,43
456-18-0227,05-01-2024,23:42:00,O. Farryan,Male,8,Pacific Islander,None,Admitted,,56
753-48-4204,18-07-2023,04:21:00,Q. Poe,Male,55,Pacific Islander,None,Admitted,,13
336-97-7649,02-08-2023,15:46:00,Q. Gildersleaves,Male,15,Pacific Islander,None,Admitted,,38
832-47-0142,11-08-2024,06:18:00,T. Summerton,Male,22,Pacific Islander,None,Admitted,,23
808-12-1573,13-10-2023,13:18:00,U. Pressdee,Male,62,Pacific Islander,None,Admitted,,59
661-83-5824,07-03-2024,23:43:00,W. Fearnehough,Male,61,Pacific Islander,None,Admitted,,47
445-89-6727,03-05-2024,14:36:00,X. Fullagar,Male,51,Pacific Islander,None,Admitted,,33
632-29-3120,14-03-2024,10:57:00,Y. Bubeer,Male,57,Pacific Islander,None,Admitted,,11
225-36-2835,03-04-2024,05:29:00,Y. Haville,Male,63,Pacific Islander,None,Admitted,,17
628-50-9958,20-04-2024,20:35:00,J. Cooch,Male,62,Pacific Islander,None,Admitted,0,39
427-24-2579,10-04-2023,08:39:00,M. Prewett,Male,3,Pacific Islander,None,Admitted,0,36
490-35-6077,17-05-2024,01:22:00,E. Amer,Male,8,Pacific Islander,None,Admitted,1,14
491-97-4895,21-06-2023,06:02:00,F. Danko,Male,59,Pacific Islander,None,Admitted,1,11
156-40-6822,29-06-2023,08:54:00,L. Keuneke,Male,78,Pacific Islander,None,Admitted,1,51
316-20-5225,04-07-2023,09:34:00,S. Spinetti,Male,74,Pacific Islander,None,Admitted,1,59
248-40-1832,27-02-2024,23:10:00,K. Hobbing,Male,35,Pacific Islander,None,Admitted,2,52
261-27-1253,30-08-2023,23:06:00,K. Bliben,Male,19,Pacific Islander,None,Admitted,3,40
745-14-1282,29-08-2024,00:50:00,O. Pitchers,Male,24,Pacific Islander,None,Admitted,4,13
844-34-2932,04-06-2023,23:16:00,H. Elster,Male,59,Pacific Islander,None,Admitted,5,52
661-44-3953,20-08-2024,05:56:00,S. Dowers,Male,6,Pacific Islander,None,Admitted,5,48
181-54-1004,20-07-2024,19:06:00,D. McGriele,Male,57,Pacific Islander,None,Admitted,6,45
879-53-1158,07-04-2024,11:05:00,O. Dablin,Male,20,Pacific Islander,None,Admitted,6,28
765-95-6521,17-08-2024,03:22:00,T. Le Clercq,Male,29,Pacific Islander,None,Admitted,6,47
110-12-8128,22-05-2023,09:49:00,D. Scoates,Male,79,Pacific Islander,None,Admitted,7,15
226-68-1759,15-01-2024,07:21:00,U. Lacroix,Male,6,Pacific Islander,None,Admitted,7,24
424-92-9339,27-06-2023,17:24:00,D. Delle,Male,12,Pacific Islander,None,Admitted,8,57
495-10-9893,15-10-2024,09:20:00,X. Suddell,Male,77,Pacific Islander,None,Admitted,8,42
592-27-7357,07-06-2023,00:21:00,I. Schimaschke,Male,49,Pacific Islander,None,Admitted,9,40
567-70-5803,16-07-2023,13:45:00,N. McCrackan,Male,9,Pacific Islander,None,Admitted,9,14
303-39-9969,21-11-2023,11:42:00,T. Thor,Male,48,Pacific Islander,None,Admitted,10,22
809-23-9007,23-01-2024,20:01:00,A. Cortes,Male,50,Pacific Islander,Orthopedics,Admitted,,29
155-01-1799,14-01-2024,10:55:00,K. Grew,Male,74,Pacific Islander,Orthopedics,Admitted,,15
588-38-4885,14-07-2023,23:56:00,V. Dinnis,Male,53,Pacific Islander,Orthopedics,Admitted,,30
337-14-0634,03-06-2023,03:16:00,W. Vittel,Male,28,Pacific Islander,Orthopedics,Admitted,,46
399-11-0047,16-03-2024,13:53:00,X. Gilvary,Male,39,Pacific Islander,Orthopedics,Admitted,,47
895-70-7727,11-02-2024,14:20:00,Z. Yelden,Male,72,Pacific Islander,Orthopedics,Admitted,9,47
176-46-1817,13-09-2023,14:35:00,M. Eadmeades,Male,38,Pacific Islander,Physiotherapy,Admitted,,47
702-97-4064,27-08-2023,10:59:00,V. Sawell,Male,19,Pacific Islander,Physiotherapy,Admitted,,17
615-61-7861,15-10-2023,05:01:00,Z. Skace,Male,5,Pacific Islander,Renal,Admitted,,47
852-85-0197,15-07-2024,08:54:00,D. Shephard,Male,12,Pacific Islander,Renal,Admitted,3,41
859-35-4402,03-04-2024,22:25:00,H. Wyburn,Male,1,Pacific Islander,Renal,Admitted,8,31
857-51-1030,12-10-2024,19:14:00,B. Andreaccio,Male,1,Two or More Races,Cardiology,Admitted,,14
663-89-8918,20-04-2024,07:34:00,D. Hulett,Male,49,Two or More Races,Cardiology,Admitted,,20
502-80-8807,30-10-2023,06:12:00,F. Querrard,Male,68,Two or More Races,Cardiology,Admitted,,23
895-41-3196,04-06-2024,22:09:00,H. Mattersley,Male,74,Two or More Races,Cardiology,Admitted,,44
549-91-4321,06-10-2024,04:12:00,P. Puleque,Male,53,Two or More Races,Cardiology,Admitted,,10
406-87-8281,03-10-2024,22:35:00,R. Langelaan,Male,73,Two or More Races,Cardiology,Admitted,,28
207-41-0142,01-08-2023,17:37:00,Y. Chatto,Male,76,Two or More Races,Cardiology,Admitted,,33
382-51-7784,24-08-2023,12:30:00,E. Simon,Male,18,Two or More Races,Cardiology,Admitted,0,11
766-20-3662,01-04-2023,01:13:00,N. Sparsholt,Male,60,Two or More Races,Cardiology,Admitted,1,35
297-60-2643,06-04-2023,20:24:00,K. Aron,Male,37,Two or More Races,Cardiology,Admitted,3,31
229-16-0094,11-05-2023,19:02:00,E. Payle,Male,63,Two or More Races,Cardiology,Admitted,7,56
153-91-6324,18-09-2024,20:24:00,B. Vittle,Male,37,Two or More Races,Gastroenterology,Admitted,,47
228-69-8026,16-10-2024,09:47:00,D. Dives,Male,68,Two or More Races,Gastroenterology,Admitted,,18
722-51-5042,04-06-2023,10:40:00,D. Vinas,Male,71,Two or More Races,Gastroenterology,Admitted,,43
602-05-7479,06-10-2023,09:55:00,A. Ambrogioni,Male,12,Two or More Races,Gastroenterology,Admitted,6,44
638-72-2352,06-06-2023,06:44:00,L. Bramelt,Male,3,Two or More Races,Gastroenterology,Admitted,6,25
250-95-9552,13-11-2023,13:38:00,H. Archambault,Male,72,Two or More Races,Gastroenterology,Admitted,8,27
716-39-5317,27-08-2024,05:00:00,A. Penhalurick,Male,14,Two or More Races,General Practice,Admitted,,49
220-58-2901,22-12-2023,15:47:00,B. Kilpatrick,Male,26,Two or More Races,General Practice,Admitted,,44
861-54-8231,25-05-2023,05:24:00,B. Tesh,Male,6,Two or More Races,General Practice,Admitted,,49
421-84-3059,25-02-2024,17:52:00,C. Earry,Male,37,Two or More Races,General Practice,Admitted,,39
710-20-0028,10-10-2023,12:18:00,C. Driver,Male,23,Two or More Races,General Practice,Admitted,,47
175-65-4422,06-07-2024,22:35:00,C. Skeemor,Male,56,Two or More Races,General Practice,Admitted,,49
425-53-3080,10-07-2024,00:09:00,D. Hardisty,Male,10,Two or More Races,General Practice,Admitted,,13
405-98-3403,09-05-2024,11:33:00,D. Clempton,Male,27,Two or More Races,General Practice,Admitted,,30
480-76-1082,04-10-2023,01:28:00,E. Weildish,Male,30,Two or More Races,General Practice,Admitted,,33
732-87-8678,16-10-2023,12:37:00,F. Clubb,Male,52,Two or More Races,General Practice,Admitted,,12
726-23-2278,12-11-2023,19:49:00,G. Downes,Male,63,Two or More Races,General Practice,Admitted,,14
155-30-0799,03-06-2024,22:56:00,G. Trever,Male,65,Two or More Races,General Practice,Admitted,,25
318-43-6176,12-11-2023,13:34:00,G. Yvens,Male,12,Two or More Races,General Practice,Admitted,,27
181-93-2611,10-02-2024,09:31:00,G. Molan,Male,42,Two or More Races,General Practice,Admitted,,53
324-26-0684,07-11-2023,22:01:00,H. Burston,Male,35,Two or More Races,General Practice,Admitted,,16
123-98-9698,18-01-2024,14:36:00,H. Wetherburn,Male,2,Two or More Races,General Practice,Admitted,,33
105-90-4686,09-05-2023,03:26:00,I. Matheson,Male,5,Two or More Races,General Practice,Admitted,,13
754-29-7388,19-10-2024,07:31:00,I. Somerville,Male,22,Two or More Races,General Practice,Admitted,,16
569-93-6173,17-05-2024,05:36:00,K. Hurl,Male,71,Two or More Races,General Practice,Admitted,,16
282-10-7870,28-06-2024,00:31:00,K. Crosham,Male,27,Two or More Races,General Practice,Admitted,,51
141-76-1186,07-07-2024,18:32:00,K. Alentyev,Male,51,Two or More Races,General Practice,Admitted,,52
142-42-6161,04-10-2023,18:57:00,K. McKeon,Male,39,Two or More Races,General Practice,Admitted,,57
418-54-2363,16-03-2024,10:53:00,L. Badsworth,Male,41,Two or More Races,General Practice,Admitted,,20
271-54-8655,14-01-2024,15:15:00,L. MacGahy,Male,43,Two or More Races,General Practice,Admitted,,49
676-01-7454,01-10-2024,14:28:00,N. Snowball,Male,73,Two or More Races,General Practice,Admitted,,41
305-51-3246,14-06-2023,00:16:00,O. Grayshon,Male,27,Two or More Races,General Practice,Admitted,,16
679-31-9861,09-10-2024,19:47:00,O. Powys,Male,48,Two or More Races,General Practice,Admitted,,17
401-73-9481,03-07-2024,19:55:00,P. Ivanilov,Male,19,Two or More Races,General Practice,Admitted,,12
429-16-7013,16-01-2024,16:09:00,Q. Chalk,Male,79,Two or More Races,General Practice,Admitted,,11
103-67-8893,16-07-2024,13:41:00,Q. Eddington,Male,36,Two or More Races,General Practice,Admitted,,36
393-70-5356,14-07-2024,23:53:00,Q. Buzzing,Male,70,Two or More Races,General Practice,Admitted,,42
166-36-5523,27-04-2023,07:15:00,R. Claiden,Male,70,Two or More Races,General Practice,Admitted,,17
239-35-8156,04-05-2024,17:24:00,R. Aikin,Male,27,Two or More Races,General Practice,Admitted,,39
412-75-9383,10-02-2024,22:07:00,R. Potzold,Male,64,Two or More Races,General Practice,Admitted,,46
419-92-1735,10-02-2024,11:00:00,R. McNeice,Male,15,Two or More Races,General Practice,Admitted,,57
436-04-4586,10-02-2024,02:23:00,T. Himpson,Male,42,Two or More Races,General Practice,Admitted,,17
316-16-8848,28-04-2023,20:10:00,T. Andree,Male,29,Two or More Races,General Practice,Admitted,,23
349-09-0489,07-03-2024,20:17:00,U. Bondar,Male,24,Two or More Races,General Practice,Admitted,,10
709-66-0043,27-04-2024,05:13:00,U. Salle,Male,31,Two or More Races,General Practice,Admitted,,15
292-74-3783,12-11-2023,20:13:00,W. Ferrillio,Male,31,Two or More Races,General Practice,Admitted,,23
719-68-0598,27-07-2023,05:43:00,W. Lindmark,Male,25,Two or More Races,General Practice,Admitted,,30
796-61-3221,10-06-2023,20:29:00,X. Grealy,Male,11,Two or More Races,General Practice,Admitted,,24
195-11-7509,18-01-2024,10:58:00,X. McEachern,Male,31,Two or More Races,General Practice,Admitted,,28
721-80-6855,11-03-2024,05:27:00,Y. Borgne,Male,67,Two or More Races,General Practice,Admitted,,25
566-48-5826,09-01-2024,15:08:00,Z. Cloonan,Male,49,Two or More Races,General Practice,Admitted,,14
380-82-8989,26-09-2023,07:21:00,Z. Glantz,Male,57,Two or More Races,General Practice,Admitted,,40
587-82-5849,05-04-2023,22:19:00,G. Bierling,Male,2,Two or More Races,General Practice,Admitted,0,44
555-74-8070,07-02-2024,22:04:00,N. Baxstare,Male,44,Two or More Races,General Practice,Admitted,0,32
510-36-0741,06-06-2024,09:38:00,Z. Lunck,Male,22,Two or More Races,General Practice,Admitted,0,41
445-42-6045,08-09-2023,18:53:00,B. Farrimond,Male,60,Two or More Races,General Practice,Admitted,1,43
649-49-0692,14-07-2024,07:14:00,G. Merrall,Male,46,Two or More Races,General Practice,Admitted,1,25
348-11-5757,05-10-2023,11:28:00,L. Gregs,Male,50,Two or More Races,General Practice,Admitted,2,50
548-95-2382,20-07-2024,05:47:00,U. Kopelman,Male,14,Two or More Races,General Practice,Admitted,3,48
876-14-0295,01-02-2024,20:53:00,E. Bellhouse,Male,21,Two or More Races,General Practice,Admitted,4,36
744-88-0950,02-11-2023,02:37:00,W. Grove,Male,79,Two or More Races,General Practice,Admitted,4,38
880-69-4561,18-06-2023,02:07:00,F. Felgate,Male,40,Two or More Races,General Practice,Admitted,5,15
682-63-0450,30-09-2024,11:11:00,G. Classen,Male,78,Two or More Races,General Practice,Admitted,6,49
301-72-7069,21-06-2023,12:34:00,M. Mathou,Male,41,Two or More Races,General Practice,Admitted,7,18
611-16-6180,24-06-2024,07:46:00,R. Berriman,Male,25,Two or More Races,General Practice,Admitted,9,42
618-76-9696,30-10-2024,22:10:00,I. Rummins,Male,7,Two or More Races,General Practice,Admitted,10,15
712-60-2372,23-11-2023,17:41:00,B. Ballam,Male,14,Two or More Races,Neurology,Admitted,,45
569-40-2069,25-06-2023,07:54:00,K. Drakes,Male,19,Two or More Races,Neurology,Admitted,,32
688-30-7138,09-12-2023,02:43:00,L. Zanini,Male,58,Two or More Races,Neurology,Admitted,,46
844-61-5242,11-07-2023,20:49:00,Q. Berkelay,Male,78,Two or More Races,Neurology,Admitted,,23
123-43-5587,30-10-2024,09:34:00,S. Chrystal,Male,26,Two or More Races,Neurology,Admitted,,36
434-60-8489,18-08-2023,15:45:00,V. Whittall,Male,47,Two or More Races,Neurology,Admitted,,23
658-77-1140,24-09-2024,09:48:00,V. Aspinal,Male,22,Two or More Races,Neurology,Admitted,3,58
139-05-0602,30-12-2023,15:09:00,A. Algar,Male,68,Two or More Races,None,Admitted,,15
606-09-4086,03-06-2024,03:45:00,A. Sullly,Male,78,Two or More Races,None,Admitted,,24
849-88-0586,29-06-2023,12:45:00,A. Carbry,Male,34,Two or More Races,None,Admitted,,33
116-34-3247,11-05-2023,14:13:00,A. Rainsbury,Male,10,Two or More Races,None,Admitted,,50
766-68-5079,03-09-2024,20:13:00,A. Waterdrinker,Male,33,Two or More Races,None,Admitted,,51
537-66-5031,13-09-2024,06:21:00,A. McLaren,Male,51,Two or More Races,None,Admitted,,59
317-21-5070,24-07-2024,06:26:00,B. Kimble,Male,70,Two or More Races,None,Admitted,,20
464-43-6789,10-02-2024,15:15:00,B. Philippard,Male,57,Two or More Races,None,Admitted,,39
378-11-0910,02-07-2024,15:11:00,C. De Ferrari,Male,46,Two or More Races,None,Admitted,,15
573-44-5218,22-07-2023,12:42:00,C. Cottam,Male,33,Two or More Races,None,Admitted,,17
734-44-6625,27-02-2024,14:03:00,C. O'Halloran,Male,32,Two or More Races,None,Admitted,,18
263-80-0452,20-02-2024,06:08:00,C. Dermott,Male,29,Two or More Races,None,Admitted,,20
448-30-0204,03-10-2024,13:46:00,C. Minelli,Male,41,Two or More Races,None,Admitted,,21
148-83-0205,18-10-2024,22:29:00,C. Binestead,Male,60,Two or More Races,None,Admitted,,21
647-97-7958,29-08-2024,01:37:00,C. Gail,Male,39,Two or More Races,None,Admitted,,22
435-86-3142,19-09-2023,16:10:00,C. Knocker,Male,72,Two or More Races,None,Admitted,,26
578-51-6902,25-09-2023,00:43:00,C. Gisburn,Male,73,Two or More Races,None,Admitted,,26
465-58-1592,12-03-2024,07:51:00,C. Dufaire,Male,56,Two or More Races,None,Admitted,,41
363-49-1560,24-02-2024,08:02:00,C. Dunford,Male,23,Two or More Races,None,Admitted,,50
301-02-7877,26-11-2023,18:20:00,C. Murrells,Male,65,Two or More Races,None,Admitted,,55
264-28-6782,18-01-2024,09:46:00,C. Widdowson,Male,42,Two or More Races,None,Admitted,,57
240-40-5984,03-03-2024,09:41:00,D. Stinton,Male,55,Two or More Races,None,Admitted,,11
550-23-1722,10-10-2024,12:33:00,D. Vamplers,Male,19,Two or More Races,None,Admitted,,20
571-79-9300,10-10-2023,00:19:00,D. Ree,Male,43,Two or More Races,None,Admitted,,24
460-05-1165,14-03-2024,21:23:00,D. Winfrey,Male,68,Two or More Races,None,Admitted,,27
694-03-3604,19-05-2023,01:48:00,D. Stollsteimer,Male,13,Two or More Races,None,Admitted,,33
322-27-7439,17-08-2024,11:56:00,D. Johansen,Male,22,Two or More Races,None,Admitted,,34
337-26-8445,23-06-2023,03:06:00,D. Prinn,Male,25,Two or More Races,None,Admitted,,45
658-64-5564,06-01-2024,13:00:00,D. Dearman,Male,18,Two or More Races,None,Admitted,,53
674-63-6347,12-03-2024,18:53:00,D. Lamort,Male,75,Two or More Races,None,Admitted,,53
390-65-7711,19-03-2024,23:42:00,E. Strass,Male,9,Two or More Races,None,Admitted,,11
168-45-0851,24-09-2024,22:47:00,E. Gallico,Male,75,Two or More Races,None,Admitted,,14
358-68-5495,04-08-2023,22:18:00,E. Mildmott,Male,67,Two or More Races,None,Admitted,,16
143-33-8385,30-11-2023,21:38:00,E. Slipper,Male,28,Two or More Races,None,Admitted,,22
417-94-9904,28-06-2023,15:07:00,E. Bastistini,Male,41,Two or More Races,None,Admitted,,31
359-70-0645,25-04-2023,13:28:00,E. Morena,Male,8,Two or More Races,None,Admitted,,56
290-32-8209,13-01-2024,00:47:00,F. Cubuzzi,Male,66,Two or More Races,None,Admitted,,15
525-87-3056,13-08-2023,15:38:00,F. Scholtis,Male,4,Two or More Races,None,Admitted,,16
114-10-9575,09-07-2023,17:52:00,F. Kraft,Male,44,Two or More Races,None,Admitted,,17
410-24-9616,04-03-2024,13:31:00,F. Busen,Male,54,Two or More Races,None,Admitted,,47
501-51-6876,08-06-2023,19:27:00,F. Pablo,Male,10,Two or More Races,None,Admitted,,60
267-22-3909,13-12-2023,14:31:00,G. Giannotti,Male,65,Two or More Races,None,Admitted,,15
659-62-1017,10-09-2023,03:22:00,G. Ginnety,Male,16,Two or More Races,None,Admitted,,29
728-95-3842,24-03-2024,23:44:00,G. Pelcheur,Male,21,Two or More Races,None,Admitted,,34
527-92-5108,28-05-2024,21:49:00,G. Fassmann,Male,73,Two or More Races,None,Admitted,,42
459-17-1766,04-06-2024,06:57:00,G. Keepin,Male,52,Two or More Races,None,Admitted,,60
182-56-9406,31-03-2024,10:31:00,H. Alvaro,Male,44,Two or More Races,None,Admitted,,18
781-16-9719,06-04-2023,16:27:00,H. Breslin,Male,78,Two or More Races,None,Admitted,,19
308-19-8528,26-09-2024,12:03:00,H. Mintram,Male,51,Two or More Races,None,Admitted,,43
316-77-4231,10-05-2023,00:29:00,H. Callan,Male,58,Two or More Races,None,Admitted,,51
407-58-7271,24-02-2024,17:39:00,H. Hillyatt,Male,51,Two or More Races,None,Admitted,,56
474-06-9276,05-08-2023,17:30:00,H. Imlach,Male,51,Two or More Races,None,Admitted,,58
532-56-5183,11-11-2023,03:59:00,H. Verrick,Male,5,Two or More Races,None,Admitted,,60
178-57-5719,26-02-2024,01:15:00,I. Frain,Male,39,Two or More Races,None,Admitted,,15
723-64-4013,05-09-2023,02:18:00,I. Finnie,Male,17,Two or More Races,None,Admitted,,27
467-34-2716,28-06-2023,06:10:00,I. Eddisford,Male,33,Two or More Races,None,Admitted,,28
517-26-2449,16-06-2024,05:05:00,I. Verling,Male,48,Two or More Races,None,Admitted,,29
435-25-9744,27-01-2024,19:26:00,I. Cullrford,Male,8,Two or More Races,None,Admitted,,33
351-52-7426,15-08-2023,07:37:00,I. Timpany,Male,22,Two or More Races,None,Admitted,,33
448-28-9888,04-05-2023,22:00:00,I. Brimfield,Male,68,Two or More Races,None,Admitted,,36
333-30-5642,16-05-2024,11:54:00,J. Roset,Male,20,Two or More Races,None,Admitted,,10
767-85-5226,11-07-2023,15:07:00,J. Zoppo,Male,11,Two or More Races,None,Admitted,,15
818-92-9253,13-03-2024,17:22:00,J. Bastide,Male,68,Two or More Races,None,Admitted,,36
151-89-4367,26-08-2024,00:08:00,J. Acheson,Male,9,Two or More Races,None,Admitted,,44
860-93-7338,17-09-2024,22:39:00,J. Bradmore,Male,74,Two or More Races,None,Admitted,,55
653-94-6889,23-04-2024,15:00:00,K. Greenroad,Male,13,Two or More Races,None,Admitted,,22
856-29-8774,31-12-2023,15:44:00,K. Dench,Male,77,Two or More Races,None,Admitted,,48
645-56-1978,01-12-2023,15:00:00,K. Trounson,Male,17,Two or More Races,None,Admitted,,50
219-43-2280,16-07-2024,17:31:00,L. Gyppes,Male,41,Two or More Races,None,Admitted,,12
807-34-6476,10-08-2023,12:18:00,L. Fender,Male,55,Two or More Races,None,Admitted,,15
589-77-8568,22-04-2024,08:42:00,L. Posthill,Male,2,Two or More Races,None,Admitted,,29
334-16-5444,30-09-2023,23:16:00,L. Mayward,Male,59,Two or More Races,None,Admitted,,41
730-27-7143,21-06-2024,01:56:00,L. Collomosse,Male,39,Two or More Races,None,Admitted,,53
652-59-4953,23-03-2024,16:00:00,M. Hoggin,Male,54,Two or More Races,None,Admitted,,16
608-63-6550,18-06-2023,12:21:00,M. Beswick,Male,12,Two or More Races,None,Admitted,,23
777-79-9434,22-04-2023,01:06:00,M. Gillespie,Male,55,Two or More Races,None,Admitted,,25
373-46-4972,20-04-2023,04:54:00,M. de Mullett,Male,18,Two or More Races,None,Admitted,,28
372-98-8410,12-12-2023,02:32:00,M. Giles,Male,11,Two or More Races,None,Admitted,,40
471-87-4670,03-03-2024,20:30:00,M. Creighton,Male,51,Two or More Races,None,Admitted,,44
740-85-5462,17-06-2023,23:52:00,M. Mathonnet,Male,24,Two or More Races,None,Admitted,,47
748-19-0239,22-04-2024,04:05:00,M. Lared,Male,3,Two or More Races,None,Admitted,,54
306-24-6121,11-03-2024,00:06:00,M. Cocks,Male,68,Two or More Races,None,Admitted,,54
378-23-0641,25-01-2024,02:22:00,M. Bradbury,Male,11,Two or More Races,None,Admitted,,58
201-02-3198,28-04-2024,21:39:00,N. Trump,Male,78,Two or More Races,None,Admitted,,16
477-57-9877,26-04-2023,14:09:00,N. Trevor,Male,19,Two or More Races,None,Admitted,,17
663-45-0284,04-10-2023,15:07:00,N. Brick,Male,22,Two or More Races,None,Admitted,,40
340-30-7357,06-09-2024,17:59:00,N. Gribbin,Male,39,Two or More Races,None,Admitted,,53
615-53-7741,08-08-2023,22:27:00,N. Benoit,Male,5,Two or More Races,None,Admitted,,56
354-85-0711,11-12-2023,04:16:00,N. Cornelleau,Male,58,Two or More Races,None,Admitted,,58
516-86-8847,19-11-2023,10:52:00,O. Knappitt,Male,24,Two or More Races,None,Admitted,,10
260-50-0772,12-10-2024,21:07:00,O. Coston,Male,1,Two or More Races,None,Admitted,,19
152-95-4374,10-05-2023,21:34:00,O. Parncutt,Male,39,Two or More Races,None,Admitted,,36
512-17-6454,25-03-2024,17:23:00,O. Measor,Male,21,Two or More Races,None,Admitted,,39
540-90-9866,12-10-2023,20:24:00,O. Blumsom,Male,44,Two or More Races,None,Admitted,,58
486-61-5733,21-05-2024,19:17:00,P. Brand-Hardy,Male,8,Two or More Races,None,Admitted,,33
505-44-9196,01-08-2023,08:58:00,P. Nisot,Male,27,Two or More Races,None,Admitted,,48
667-25-2596,10-06-2023,22:41:00,P. Medcraft,Male,4,Two or More Races,None,Admitted,,49
207-51-4043,23-09-2023,13:33:00,P. Fuke,Male,34,Two or More Races,None,Admitted,,53
844-34-4827,30-08-2024,08:41:00,Q. Talby,Male,77,Two or More Races,None,Admitted,,20
108-47-3243,04-08-2023,19:45:00,Q. Geikie,Male,32,Two or More Races,None,Admitted,,25
200-13-6377,12-07-2024,17:23:00,Q. Berryman,Male,66,Two or More Races,None,Admitted,,25
869-06-1488,04-05-2023,15:38:00,Q. Angel,Male,8,Two or More Races,None,Admitted,,27
139-35-0163,11-05-2024,05:14:00,Q. Kynoch,Male,53,Two or More Races,None,Admitted,,43
688-41-9049,05-01-2024,22:14:00,Q. Westwell,Male,17,Two or More Races,None,Admitted,,48
541-44-8484,23-01-2024,10:05:00,Q. Almond,Male,8,Two or More Races,None,Admitted,,53
625-89-3309,08-09-2024,02:46:00,R. Tschiersch,Male,4,Two or More Races,None,Admitted,,34
200-75-3420,26-06-2023,12:00:00,R. Greaser,Male,32,Two or More Races,None,Admitted,,34
650-97-0593,30-06-2024,08:18:00,R. Rosten,Male,9,Two or More Races,None,Admitted,,57
745-51-9971,30-03-2024,09:57:00,S. Melmeth,Male,6,Two or More Races,None,Admitted,,11
545-41-0302,01-07-2023,02:47:00,S. Jills,Male,17,Two or More Races,None,Admitted,,14
835-92-1138,02-04-2024,18:08:00,S. Kibel,Male,20,Two or More Races,None,Admitted,,16
380-36-1654,23-02-2024,22:13:00,S. William,Male,70,Two or More Races,None,Admitted,,19
440-92-8721,05-08-2023,13:53:00,S. Ebbens,Male,1,Two or More Races,None,Admitted,,36
131-97-5369,15-08-2024,07:04:00,S. De Bischof,Male,58,Two or More Races,None,Admitted,,40
521-73-3836,03-07-2023,06:09:00,S. Yuill,Male,49,Two or More Races,None,Admitted,,52
432-34-6666,29-02-2024,14:23:00,S. Mapson,Male,62,Two or More Races,None,Admitted,,56
505-83-6268,25-10-2024,07:44:00,S. Press,Male,47,Two or More Races,None,Admitted,,60
507-05-2603,18-03-2024,04:58:00,S. Byllam,Male,54,Two or More Races,None,Admitted,,60
735-92-5480,15-09-2024,05:50:00,S. Cradey,Male,70,Two or More Races,None,Admitted,,60
168-40-6071,27-09-2023,08:44:00,T. McDowell,Male,22,Two or More Races,None,Admitted,,14
620-22-0920,13-03-2024,06:28:00,T. Hursey,Male,38,Two or More Races,None,Admitted,,34
465-75-1783,22-12-2023,02:08:00,T. Gronauer,Male,27,Two or More Races,None,Admitted,,38
424-08-9152,20-07-2024,11:20:00,U. Pharaoh,Male,34,Two or More Races,None,Admitted,,10
794-84-7228,11-07-2024,18:23:00,U. Greed,Male,48,Two or More Races,None,Admitted,,22
869-64-3032,11-08-2023,12:17:00,U. Karus,Male,16,Two or More Races,None,Admitted,,27
407-35-0875,14-08-2024,12:21:00,U. Saines,Male,44,Two or More Races,None,Admitted,,41
695-66-2594,03-11-2023,11:06:00,U. Puddicombe,Male,75,Two or More Races,None,Admitted,,44
467-25-9553,05-09-2023,02:25:00,V. Bisp,Male,32,Two or More Races,None,Admitted,,12
587-69-3886,10-01-2024,23:58:00,V. Wombwell,Male,62,Two or More Races,None,Admitted,,12
463-53-5459,28-07-2023,06:10:00,V. Josskoviz,Male,66,Two or More Races,None,Admitted,,23
433-05-4611,26-02-2024,13:58:00,V. Barmadier,Male,57,Two or More Races,None,Admitted,,34
785-87-9452,03-06-2023,14:54:00,V. Gentle,Male,17,Two or More Races,None,Admitted,,40
643-12-7293,10-10-2024,08:50:00,V. Hancorn,Male,6,Two or More Races,None,Admitted,,42
852-26-5911,09-04-2023,22:06:00,V. Foxwell,Male,62,Two or More Races,None,Admitted,,47
268-42-8258,29-09-2024,02:27:00,W. Hurtic,Male,10,Two or More Races,None,Admitted,,24
436-58-0592,21-03-2024,07:57:00,W. Thay,Male,20,Two or More Races,None,Admitted,,31
613-66-1124,20-08-2024,05:52:00,W. Donovin,Male,7,Two or More Races,None,Admitted,,40
177-46-8112,18-10-2024,07:32:00,W. McNerlin,Male,40,Two or More Races,None,Admitted,,43
833-93-8772,07-07-2024,00:07:00,X. Selwyne,Male,46,Two or More Races,None,Admitted,,17
889-96-0217,11-10-2024,05:25:00,X. Fishbourne,Male,40,Two or More Races,None,Admitted,,38
400-45-2411,09-04-2023,08:34:00,X. Balden,Male,34,Two or More Races,None,Admitted,,43
140-49-7915,23-08-2023,21:21:00,X. Stiegar,Male,16,Two or More Races,None,Admitted,,49
792-55-4914,26-02-2024,11:55:00,X. Lytell,Male,41,Two or More Races,None,Admitted,,60
708-49-4528,06-02-2024,07:22:00,Y. Dillicate,Male,31,Two or More Races,None,Admitted,,10
713-12-8133,31-03-2024,16:44:00,Y. Comusso,Male,37,Two or More Races,None,Admitted,,10
611-07-3371,04-10-2024,10:19:00,Y. Dallin,Male,69,Two or More Races,None,Admitted,,30
776-46-7862,18-03-2024,06:44:00,Y. Guilfoyle,Male,31,Two or More Races,None,Admitted,,31
437-12-0284,09-05-2023,08:53:00,Y. Tandy,Male,53,Two or More Races,None,Admitted,,31
478-39-3852,28-04-2024,15:19:00,Y. Filippucci,Male,70,Two or More Races,None,Admitted,,39
179-33-1012,23-08-2024,07:45:00,Y. Stockings,Male,1,Two or More Races,None,Admitted,,40
181-08-6985,21-01-2024,03:27:00,Y. Laverock,Male,28,Two or More Races,None,Admitted,,44
475-86-8257,13-10-2024,08:33:00,Y. Annwyl,Male,12,Two or More Races,None,Admitted,,47
284-83-4586,12-01-2024,19:38:00,Y. Stanistreet,Male,26,Two or More Races,None,Admitted,,50
503-77-7043,08-07-2023,18:32:00,Y. Knoble,Male,11,Two or More Races,None,Admitted,,58
789-74-0963,20-10-2024,12:49:00,Z. Hark,Male,1,Two or More Races,None,Admitted,,22
383-79-7807,31-07-2024,17:49:00,Z. Rounds,Male,11,Two or More Races,None,Admitted,,29
761-63-9036,13-05-2024,16:00:00,Z. Gouldthorpe,Male,6,Two or More Races,None,Admitted,,51
206-49-3654,26-05-2023,01:34:00,Z. Ingarfill,Male,16,Two or More Races,None,Admitted,,55
694-36-7479,13-07-2023,00:19:00,Z. Souch,Male,75,Two or More Races,None,Admitted,,55
453-22-0526,22-08-2024,19:31:00,Z. Banaszczyk,Male,78,Two or More Races,None,Admitted,,55
473-65-5369,02-10-2023,04:20:00,N. Loader,Male,54,Two or More Races,None,Admitted,0,26
383-99-2729,11-03-2024,08:36:00,P. Waymont,Male,77,Two or More Races,None,Admitted,0,43
785-67-8305,09-03-2024,02:26:00,S. Bowler,Male,2,Two or More Races,None,Admitted,0,29
569-71-9134,28-06-2023,06:57:00,S. Dottrell,Male,2,Two or More Races,None,Admitted,0,60
880-92-3850,14-01-2024,05:56:00,A. Lyne,Male,38,Two or More Races,None,Admitted,1,37
116-72-8706,08-07-2024,23:11:00,B. Martinson,Male,73,Two or More Races,None,Admitted,1,20
284-29-3382,05-06-2023,19:33:00,J. Drew-Clifton,Male,25,Two or More Races,None,Admitted,1,35
780-41-8910,04-10-2023,13:54:00,N. Storton,Male,18,Two or More Races,None,Admitted,1,15
480-89-1845,14-02-2024,05:28:00,O. Purcer,Male,77,Two or More Races,None,Admitted,1,12
615-95-1605,29-12-2023,23:57:00,A. Dulwich,Male,48,Two or More Races,None,Admitted,3,37
669-65-6281,12-06-2023,22:07:00,H. Phillip,Male,9,Two or More Races,None,Admitted,3,13
202-24-9835,10-06-2024,05:38:00,U. Delnevo,Male,55,Two or More Races,None,Admitted,3,39
463-20-0140,09-06-2024,13:50:00,V. Devereux,Male,28,Two or More Races,None,Admitted,3,44
482-71-0293,28-06-2023,23:10:00,M. Crudge,Male,10,Two or More Races,None,Admitted,4,45
660-02-3659,11-01-2024,14:10:00,N. Danilchik,Male,60,Two or More Races,None,Admitted,4,27
205-98-5561,22-09-2023,14:33:00,V. Mazzilli,Male,26,Two or More Races,None,Admitted,4,56
481-53-7133,11-06-2024,07:28:00,X. Willoughey,Male,4,Two or More Races,None,Admitted,4,18
854-98-6409,27-04-2024,14:38:00,C. Tidbold,Male,56,Two or More Races,None,Admitted,5,30
716-30-8175,24-06-2023,09:39:00,K. Marchello,Male,49,Two or More Races,None,Admitted,5,51
821-22-4619,23-06-2023,22:59:00,W. Lalor,Male,58,Two or More Races,None,Admitted,5,11
863-56-7331,03-06-2024,22:03:00,C. Sharper,Male,79,Two or More Races,None,Admitted,6,58
279-58-2148,31-08-2024,08:06:00,L. Beeble,Male,36,Two or More Races,None,Admitted,6,22
199-68-5630,15-08-2024,10:43:00,L. McIlharga,Male,60,Two or More Races,None,Admitted,6,42
870-58-8114,28-06-2024,16:18:00,M. Works,Male,49,Two or More Races,None,Admitted,6,13
301-26-2921,04-06-2023,14:26:00,N. Orfeur,Male,25,Two or More Races,None,Admitted,6,27
589-78-2886,15-12-2023,02:53:00,R. Spafford,Male,69,Two or More Races,None,Admitted,6,41
500-49-4724,15-06-2024,23:16:00,X. Lipprose,Male,49,Two or More Races,None,Admitted,6,24
778-11-6117,17-07-2023,16:51:00,I. Bulward,Male,70,Two or More Races,None,Admitted,7,55
661-57-2793,08-07-2023,00:24:00,W. Clinnick,Male,35,Two or More Races,None,Admitted,7,27
781-76-4333,30-04-2023,03:28:00,A. Frisdick,Male,25,Two or More Races,None,Admitted,8,53
668-63-4361,21-07-2023,06:54:00,E. Pearde,Male,24,Two or More Races,None,Admitted,8,27
364-59-6845,19-07-2024,05:43:00,M. Stopps,Male,60,Two or More Races,None,Admitted,8,15
723-80-5184,09-11-2023,02:35:00,Q. Cranstone,Male,60,Two or More Races,None,Admitted,8,20
676-37-4447,04-04-2024,20:09:00,R. Jiras,Male,51,Two or More Races,None,Admitted,8,54
155-97-7139,24-04-2024,16:30:00,V. Baseggio,Male,33,Two or More Races,None,Admitted,8,47
236-16-8116,30-09-2023,15:16:00,X. Ert,Male,41,Two or More Races,None,Admitted,8,20
501-36-6469,24-04-2024,11:15:00,Z. Gandar,Male,22,Two or More Races,None,Admitted,8,19
852-57-5816,28-03-2024,23:43:00,D. Sphinxe,Male,14,Two or More Races,None,Admitted,9,10
633-04-8648,29-09-2023,05:57:00,M. Paolino,Male,74,Two or More Races,None,Admitted,9,59
156-85-7175,16-05-2024,17:24:00,S. Bumby,Male,41,Two or More Races,None,Admitted,9,51
638-94-7394,30-11-2023,15:49:00,D. MacTeague,Male,37,Two or More Races,None,Admitted,10,45
840-81-0704,30-09-2024,05:08:00,Q. McGinlay,Male,13,Two or More Races,None,Admitted,10,27
591-32-2487,21-03-2024,01:07:00,U. Kitchingman,Male,65,Two or More Races,None,Admitted,10,48
894-14-7789,06-03-2024,17:06:00,X. Renzo,Male,61,Two or More Races,None,Admitted,10,20
357-69-5446,03-01-2024,05:57:00,A. Huetson,Male,41,Two or More Races,Orthopedics,Admitted,,57
769-78-1792,29-08-2023,06:20:00,B. Mordie,Male,33,Two or More Races,Orthopedics,Admitted,,24
160-36-8458,24-06-2024,23:36:00,B. Fredi,Male,49,Two or More Races,Orthopedics,Admitted,,60
615-29-6442,17-06-2024,22:49:00,E. Statersfield,Male,8,Two or More Races,Orthopedics,Admitted,,25
822-88-4417,05-02-2024,01:40:00,E. Bertenshaw,Male,33,Two or More Races,Orthopedics,Admitted,,35
182-69-5382,04-09-2024,02:17:00,F. Lott,Male,21,Two or More Races,Orthopedics,Admitted,,12
129-10-3775,22-06-2023,13:44:00,G. Blaydon,Male,11,Two or More Races,Orthopedics,Admitted,,20
691-51-1570,27-09-2023,10:09:00,G. Yitzhak,Male,44,Two or More Races,Orthopedics,Admitted,,35
270-64-7975,07-07-2024,18:36:00,G. Gunston,Male,11,Two or More Races,Orthopedics,Admitted,,40
818-07-9151,20-08-2024,17:49:00,G. Trengrouse,Male,15,Two or More Races,Orthopedics,Admitted,,42
118-25-0553,29-11-2023,05:42:00,I. Titta,Male,3,Two or More Races,Orthopedics,Admitted,,50
555-22-1922,31-05-2023,07:33:00,J. Layne,Male,4,Two or More Races,Orthopedics,Admitted,,19
534-62-6569,15-09-2023,05:04:00,K. Gaudon,Male,13,Two or More Races,Orthopedics,Admitted,,24
372-37-2243,22-09-2024,11:05:00,L. Berendsen,Male,22,Two or More Races,Orthopedics,Admitted,,20
327-24-4976,12-07-2023,23:26:00,L. Kearns,Male,39,Two or More Races,Orthopedics,Admitted,,24
172-88-9711,12-01-2024,21:21:00,L. Fricke,Male,61,Two or More Races,Orthopedics,Admitted,,37
854-70-8374,17-08-2023,20:50:00,M. Gumary,Male,13,Two or More Races,Orthopedics,Admitted,,50
886-46-5748,16-08-2023,22:54:00,O. Conneely,Male,19,Two or More Races,Orthopedics,Admitted,,45
402-85-5587,13-01-2024,04:08:00,P. Biggen,Male,26,Two or More Races,Orthopedics,Admitted,,42
140-92-4110,09-07-2023,02:15:00,R. Woolger,Male,45,Two or More Races,Orthopedics,Admitted,,12
690-03-4668,03-08-2024,01:27:00,T. Stonard,Male,61,Two or More Races,Orthopedics,Admitted,,18
793-25-4580,21-01-2024,15:36:00,T. Chellenham,Male,78,Two or More Races,Orthopedics,Admitted,,23
679-23-8667,27-03-2024,06:32:00,T. Southernwood,Male,67,Two or More Races,Orthopedics,Admitted,,58
458-91-1637,27-01-2024,00:58:00,V. Shrimpton,Male,30,Two or More Races,Orthopedics,Admitted,,15
293-25-8403,05-10-2023,17:47:00,W. Renn,Male,25,Two or More Races,Orthopedics,Admitted,,49
651-85-9191,22-05-2023,20:44:00,W. Counihan,Male,50,Two or More Races,Orthopedics,Admitted,,56
866-83-2347,01-11-2023,10:53:00,X. Ruff,Male,46,Two or More Races,Orthopedics,Admitted,,12
394-04-2226,30-07-2024,22:16:00,X. Fargie,Male,7,Two or More Races,Orthopedics,Admitted,,27
431-19-3103,09-07-2024,23:09:00,Z. Verrick,Male,17,Two or More Races,Orthopedics,Admitted,,17
475-97-6923,07-09-2023,00:03:00,Z. Aliman,Male,45,Two or More Races,Orthopedics,Admitted,,39
713-89-1201,18-12-2023,16:00:00,P. Ringer,Male,31,Two or More Races,Orthopedics,Admitted,0,26
496-61-3003,26-09-2024,10:01:00,O. Hayter,Male,39,Two or More Races,Orthopedics,Admitted,2,21
589-73-5235,30-10-2023,17:11:00,V. Evenden,Male,23,Two or More Races,Orthopedics,Admitted,2,16
660-54-4475,02-05-2023,06:00:00,U. Duffill,Male,34,Two or More Races,Orthopedics,Admitted,5,45
651-53-5303,13-10-2023,09:54:00,Y. Deary,Male,65,Two or More Races,Orthopedics,Admitted,5,25
839-14-7913,05-08-2023,18:58:00,K. Liddiard,Male,53,Two or More Races,Orthopedics,Admitted,7,35
464-93-5592,30-03-2024,10:13:00,P. Caslane,Male,33,Two or More Races,Orthopedics,Admitted,7,19
408-38-1483,18-12-2023,20:16:00,R. Canfer,Male,66,Two or More Races,Orthopedics,Admitted,7,39
752-04-6939,16-12-2023,20:06:00,P. Ballintyne,Male,64,Two or More Races,Orthopedics,Admitted,8,11
776-20-3570,27-07-2023,02:13:00,H. Grigoliis,Male,76,Two or More Races,Orthopedics,Admitted,9,44
785-59-9671,08-02-2024,18:52:00,U. Mapston,Male,35,Two or More Races,Orthopedics,Admitted,9,42
494-29-1509,30-08-2024,02:12:00,V. Dawdary,Male,36,Two or More Races,Orthopedics,Admitted,9,23
344-30-6145,08-01-2024,18:39:00,Q. Hardaker,Male,64,Two or More Races,Orthopedics,Admitted,10,21
514-50-5992,16-09-2023,13:45:00,Q. Toffler,Male,9,Two or More Races,Orthopedics,Admitted,10,41
225-31-4539,23-08-2024,16:34:00,W. Wisby,Male,56,Two or More Races,Orthopedics,Admitted,10,60
878-88-0557,29-06-2023,16:39:00,L. Krzysztof,Male,66,Two or More Races,Physiotherapy,Admitted,,22
675-28-6083,04-01-2024,05:36:00,P. Straine,Male,33,Two or More Races,Physiotherapy,Admitted,,60
508-01-3723,16-05-2023,09:59:00,T. Baudasso,Male,42,Two or More Races,Physiotherapy,Admitted,,35
406-91-4923,19-04-2023,15:29:00,W. Moules,Male,63,Two or More Races,Physiotherapy,Admitted,,14
115-79-7016,12-03-2024,11:53:00,W. Fraser,Male,24,Two or More Races,Physiotherapy,Admitted,,57
408-31-6363,13-04-2023,23:14:00,A. Stowe,Male,42,Two or More Races,Physiotherapy,Admitted,6,20
227-48-3082,23-10-2023,17:44:00,G. Frantz,Male,29,Two or More Races,Physiotherapy,Admitted,8,15
141-29-4628,18-05-2024,08:54:00,G. Nisius,Male,10,Two or More Races,Renal,Admitted,,55
526-88-1708,13-05-2024,02:37:00,V. Vakhlov,Male,51,Two or More Races,Renal,Admitted,,33
501-27-9080,24-04-2023,04:56:00,A. Wyard,Male,39,White,Cardiology,Admitted,,48
433-30-7441,07-06-2024,10:43:00,E. Binham,Male,37,White,Cardiology,Admitted,,12
526-81-5714,15-04-2023,23:11:00,F. Congrave,Male,4,White,Cardiology,Admitted,,12
887-82-9940,10-08-2024,20:56:00,J. Sealy,Male,60,White,Cardiology,Admitted,,21
783-67-0223,18-11-2023,01:43:00,L. Gullane,Male,30,White,Cardiology,Admitted,,56
705-01-0507,13-07-2023,02:59:00,L. Arthurs,Male,5,White,Cardiology,Admitted,,58
115-32-2532,16-02-2024,21:45:00,P. Bowker,Male,31,White,Cardiology,Admitted,,29
205-08-4156,14-01-2024,08:29:00,Q. Tschirasche,Male,20,White,Cardiology,Admitted,,30
310-36-1997,08-01-2024,19:56:00,S. Rennicks,Male,69,White,Cardiology,Admitted,,34
432-48-3598,18-10-2023,22:45:00,V. Georgins,Male,77,White,Cardiology,Admitted,,46
843-67-2984,27-04-2024,18:21:00,F. Maplestone,Male,28,White,Cardiology,Admitted,0,58
183-15-3162,30-09-2023,08:36:00,H. Finby,Male,75,White,Cardiology,Admitted,5,23
635-58-7242,22-08-2024,09:47:00,W. Lancley,Male,23,White,Cardiology,Admitted,6,45
243-38-7373,25-08-2024,07:17:00,B. Pool,Male,27,White,Cardiology,Admitted,7,38
304-65-0090,05-01-2024,23:08:00,M. Caddens,Male,57,White,Cardiology,Admitted,7,17
281-92-5130,13-09-2023,09:10:00,I. Bendix,Male,53,White,Gastroenterology,Admitted,,27
374-86-5785,22-05-2023,23:09:00,L. MacKim,Male,42,White,Gastroenterology,Admitted,,51
264-56-3045,10-11-2023,08:08:00,N. Sulley,Male,45,White,Gastroenterology,Admitted,,58
270-42-2156,13-09-2024,04:19:00,Z. Chrippes,Male,32,White,Gastroenterology,Admitted,1,24
326-79-7662,02-07-2023,03:30:00,T. Overal,Male,48,White,Gastroenterology,Admitted,4,14
377-92-8039,02-02-2024,14:08:00,G. Vogelein,Male,61,White,Gastroenterology,Admitted,8,58
873-79-1304,12-01-2024,10:07:00,A. Eickhoff,Male,38,White,General Practice,Admitted,,23
881-53-4471,23-07-2024,13:40:00,A. Jacks,Male,50,White,General Practice,Admitted,,41
417-59-9693,16-10-2023,01:38:00,A. Gillani,Male,69,White,General Practice,Admitted,,42
276-21-4303,27-07-2023,06:38:00,B. Penwell,Male,9,White,General Practice,Admitted,,15
897-70-0488,09-10-2023,19:52:00,B. Bowmer,Male,1,White,General Practice,Admitted,,26
862-70-5127,25-11-2023,11:09:00,B. Prandini,Male,52,White,General Practice,Admitted,,47
792-52-7007,09-12-2023,01:06:00,B. Creasey,Male,19,White,General Practice,Admitted,,53
808-32-5113,06-10-2024,18:20:00,C. Ginni,Male,57,White,General Practice,Admitted,,27
331-62-8519,23-08-2024,09:12:00,C. Embra,Male,61,White,General Practice,Admitted,,28
133-11-6007,08-02-2024,10:40:00,C. Shervil,Male,7,White,General Practice,Admitted,,29
427-86-0695,16-12-2023,05:04:00,D. Littlewood,Male,64,White,General Practice,Admitted,,17
454-13-3336,12-12-2023,23:17:00,D. Ubank,Male,57,White,General Practice,Admitted,,31
641-36-6818,04-05-2023,12:43:00,D. Haszard,Male,67,White,General Practice,Admitted,,38
665-83-3965,02-09-2023,04:14:00,D. Oloshin,Male,36,White,General Practice,Admitted,,49
163-30-8422,22-07-2023,11:39:00,E. Birdwhistell,Male,17,White,General Practice,Admitted,,31
456-69-5853,06-06-2023,06:00:00,E. Goodfellowe,Male,72,White,General Practice,Admitted,,34
467-75-7746,24-10-2024,00:15:00,E. Lowsely,Male,33,White,General Practice,Admitted,,50
875-69-0558,06-07-2023,22:41:00,E. Terrington,Male,52,White,General Practice,Admitted,,50
634-99-3068,28-07-2024,14:16:00,E. Colbridge,Male,10,White,General Practice,Admitted,,57
755-45-9567,13-07-2023,15:11:00,F. Chainey,Male,48,White,General Practice,Admitted,,26
866-62-4550,19-01-2024,08:19:00,F. McBayne,Male,7,White,General Practice,Admitted,,28
769-21-9746,24-12-2023,08:02:00,G. Lightbourn,Male,9,White,General Practice,Admitted,,43
438-20-3934,15-06-2023,09:14:00,G. Hablet,Male,47,White,General Practice,Admitted,,51
177-67-6738,10-03-2024,04:36:00,H. Massy,Male,69,White,General Practice,Admitted,,34
689-18-3885,15-12-2023,05:28:00,H. Timperley,Male,59,White,General Practice,Admitted,,57
808-42-3073,20-04-2024,16:30:00,J. Todari,Male,65,White,General Practice,Admitted,,12
686-06-2832,08-02-2024,03:13:00,J. Ghilardi,Male,57,White,General Practice,Admitted,,38
340-91-1652,27-06-2023,11:42:00,J. Vivien,Male,66,White,General Practice,Admitted,,45
682-32-7258,18-04-2023,04:26:00,J. Knightsbridge,Male,28,White,General Practice,Admitted,,46
669-39-9157,06-08-2024,22:13:00,J. Boustred,Male,51,White,General Practice,Admitted,,58
721-80-1480,16-12-2023,13:41:00,K. Golsby,Male,70,White,General Practice,Admitted,,27
845-51-5919,15-08-2024,18:19:00,L. Hercock,Male,7,White,General Practice,Admitted,,35
280-40-2482,01-10-2024,18:58:00,M. Wolseley,Male,50,White,General Practice,Admitted,,22
500-68-7748,05-06-2024,22:22:00,M. Elmhirst,Male,5,White,General Practice,Admitted,,25
443-73-2447,02-12-2023,20:03:00,M. Bradock,Male,21,White,General Practice,Admitted,,27
295-99-2730,01-06-2023,08:42:00,M. Ingolotti,Male,66,White,General Practice,Admitted,,31
656-95-1748,19-05-2023,19:59:00,M. Surgison,Male,43,White,General Practice,Admitted,,55
208-78-8201,31-05-2024,01:55:00,M. Kitchiner,Male,59,White,General Practice,Admitted,,60
582-07-3138,20-09-2023,16:48:00,N. Bowshire,Male,38,White,General Practice,Admitted,,50
872-59-7286,29-06-2024,06:00:00,O. Fairlaw,Male,23,White,General Practice,Admitted,,11
195-15-7594,30-07-2023,20:16:00,P. Smallshaw,Male,28,White,General Practice,Admitted,,44
618-26-1175,26-09-2024,04:32:00,P. Leyman,Male,26,White,General Practice,Admitted,,53
137-63-6654,13-04-2024,09:23:00,Q. Logue,Male,33,White,General Practice,Admitted,,12
177-31-8738,27-09-2023,07:36:00,Q. Scogin,Male,38,White,General Practice,Admitted,,36
318-75-8375,12-06-2024,09:52:00,Q. Mesnard,Male,51,White,General Practice,Admitted,,37
724-81-2611,14-09-2024,09:23:00,R. Ollcott,Male,66,White,General Practice,Admitted,,25
679-41-7943,08-04-2023,00:22:00,R. Richten,Male,68,White,General Practice,Admitted,,33
738-01-2456,08-10-2024,01:08:00,R. Portam,Male,1,White,General Practice,Admitted,,49
533-11-5273,06-04-2023,14:55:00,R. Giacopello,Male,11,White,General Practice,Admitted,,51
890-40-4074,22-09-2024,02:44:00,R. Akam,Male,26,White,General Practice,Admitted,,57
886-56-4454,06-03-2024,10:50:00,T. Gatteridge,Male,34,White,General Practice,Admitted,,21
559-96-7506,25-09-2024,23:37:00,T. Serle,Male,17,White,General Practice,Admitted,,22
343-44-5828,24-06-2023,06:09:00,T. Sykora,Male,39,White,General Practice,Admitted,,37
498-71-1583,15-10-2023,20:06:00,U. Haken,Male,18,White,General Practice,Admitted,,13
273-38-6262,04-04-2024,13:03:00,U. Heyburn,Male,11,White,General Practice,Admitted,,26
448-09-4952,18-06-2024,13:24:00,U. Tease,Male,74,White,General Practice,Admitted,,46
426-75-5201,08-10-2023,07:07:00,V. Beckitt,Male,1,White,General Practice,Admitted,,11
232-09-9829,13-09-2024,13:37:00,V. Kinzel,Male,12,White,General Practice,Admitted,,16
706-28-9466,18-07-2023,05:01:00,V. Pyke,Male,60,White,General Practice,Admitted,,34
654-95-0119,06-08-2024,09:57:00,W. Joselin,Male,15,White,General Practice,Admitted,,19
265-67-6171,10-08-2024,18:37:00,W. Tompkinson,Male,53,White,General Practice,Admitted,,19
708-38-2408,13-06-2024,20:24:00,W. Bust,Male,75,White,General Practice,Admitted,,52
452-23-4397,08-09-2023,07:23:00,X. Wallwood,Male,43,White,General Practice,Admitted,,12
264-87-9312,10-07-2023,14:43:00,Y. Goady,Male,3,White,General Practice,Admitted,,17
241-31-1101,14-08-2024,07:40:00,Z. O'Hartnett,Male,25,White,General Practice,Admitted,,12
257-76-2460,27-08-2023,06:55:00,Z. Center,Male,61,White,General Practice,Admitted,,21
884-78-8447,17-07-2023,18:34:00,Z. Falck,Male,21,White,General Practice,Admitted,,24
482-49-4853,08-06-2023,08:18:00,Z. Reaman,Male,16,White,General Practice,Admitted,,51
242-09-7129,19-08-2023,23:15:00,Z. Mertsching,Male,36,White,General Practice,Admitted,,55
598-11-7544,04-10-2024,11:04:00,X. Kuhnel,Male,29,White,General Practice,Admitted,0,30
197-06-5889,16-04-2024,17:58:00,O. Stillert,Male,76,White,General Practice,Admitted,2,10
858-63-0712,21-10-2024,17:30:00,P. Scawen,Male,5,White,General Practice,Admitted,2,43
736-49-0121,16-10-2023,02:36:00,Q. Bedborough,Male,19,White,General Practice,Admitted,3,13
728-02-9993,27-04-2023,21:27:00,U. Cappell,Male,43,White,General Practice,Admitted,3,23
782-24-4159,15-12-2023,19:36:00,X. Jaffra,Male,50,White,General Practice,Admitted,3,11
518-17-5917,15-03-2024,14:48:00,Y. Leathes,Male,75,White,General Practice,Admitted,3,43
128-48-8963,27-09-2024,03:50:00,I. Varker,Male,5,White,General Practice,Admitted,4,12
194-48-5045,18-09-2024,08:27:00,L. Dobrowski,Male,6,White,General Practice,Admitted,4,13
120-12-5049,21-05-2024,08:48:00,O. Myers,Male,40,White,General Practice,Admitted,4,40
278-50-0744,13-05-2024,14:58:00,V. McNellis,Male,48,White,General Practice,Admitted,4,12
829-82-4394,08-05-2024,13:26:00,C. MacGowing,Male,46,White,General Practice,Admitted,5,48
247-10-0203,15-01-2024,03:16:00,F. Elmhirst,Male,7,White,General Practice,Admitted,5,23
375-69-3471,07-06-2024,08:47:00,I. Verrico,Male,21,White,General Practice,Admitted,5,47
400-71-7034,19-09-2024,05:13:00,P. Carrick,Male,46,White,General Practice,Admitted,5,14
349-17-8032,12-02-2024,03:55:00,J. Milton-White,Male,70,White,General Practice,Admitted,6,51
248-68-6775,05-01-2024,01:44:00,W. Matlock,Male,37,White,General Practice,Admitted,6,14
872-56-7401,27-01-2024,07:54:00,Y. Armfield,Male,53,White,General Practice,Admitted,6,57
877-12-7269,13-12-2023,07:45:00,G. Churchill,Male,33,White,General Practice,Admitted,7,17
630-70-3180,09-04-2023,13:35:00,O. Hevey,Male,39,White,General Practice,Admitted,7,36
191-38-8114,12-07-2024,13:31:00,O. Romaines,Male,52,White,General Practice,Admitted,7,50
101-35-7039,08-02-2024,22:15:00,T. Ganter,Male,26,White,General Practice,Admitted,7,56
894-47-3029,10-04-2023,16:23:00,L. McNeachtain,Male,29,White,General Practice,Admitted,8,48
104-23-2977,29-07-2024,18:56:00,O. Eslie,Male,11,White,General Practice,Admitted,8,29
282-30-8388,15-10-2024,23:18:00,E. Ulyat,Male,56,White,General Practice,Admitted,9,44
326-64-7528,16-04-2023,13:38:00,Q. Maskall,Male,40,White,General Practice,Admitted,9,15
864-15-2003,14-10-2024,00:57:00,X. Exley,Male,53,White,General Practice,Admitted,9,44
181-73-8685,12-05-2024,18:07:00,C. Seeking,Male,14,White,General Practice,Admitted,10,53
230-08-3256,11-07-2023,09:11:00,Q. Spaice,Male,35,White,General Practice,Admitted,10,35
158-66-6113,17-09-2024,11:08:00,S. Lemmanbie,Male,9,White,General Practice,Admitted,10,42
722-82-4175,13-08-2024,06:59:00,H. Guess,Male,49,White,Neurology,Admitted,,16
185-30-2557,08-08-2024,01:31:00,J. Riddel,Male,59,White,Neurology,Admitted,,36
471-40-0310,01-09-2024,07:41:00,J. Fawckner,Male,1,White,Neurology,Admitted,,46
479-72-7618,22-07-2023,23:20:00,P. Caswill,Male,76,White,Neurology,Admitted,,60
400-76-7705,29-01-2024,07:14:00,Y. Battleson,Male,18,White,Neurology,Admitted,,18
899-18-1079,08-01-2024,05:08:00,Z. Skeemer,Male,25,White,Neurology,Admitted,,48
218-34-9028,31-08-2024,19:03:00,W. Lujan,Male,52,White,Neurology,Admitted,1,33
754-36-2288,13-05-2023,04:43:00,T. Marchment,Male,30,White,Neurology,Admitted,4,60
380-81-4560,06-09-2023,05:38:00,E. Jorio,Male,41,White,Neurology,Admitted,9,27
373-52-0135,24-09-2024,05:18:00,F. Farman,Male,10,White,Neurology,Admitted,9,32
247-92-7347,25-10-2024,19:56:00,A. Winslade,Male,78,White,None,Admitted,,16
346-22-5485,06-10-2023,08:37:00,A. Roland,Male,44,White,None,Admitted,,28
523-28-0782,18-06-2023,14:03:00,A. Van Zon,Male,43,White,None,Admitted,,35
700-76-1641,20-09-2024,19:28:00,A. Albert,Male,5,White,None,Admitted,,40
119-60-5805,15-08-2023,14:27:00,A. Windas,Male,18,White,None,Admitted,,48
453-39-5194,05-03-2024,16:53:00,B. Daughtry,Male,19,White,None,Admitted,,13
627-07-2664,07-06-2023,04:09:00,B. Redhills,Male,18,White,None,Admitted,,14
586-19-7401,04-01-2024,23:29:00,B. Kieran,Male,25,White,None,Admitted,,15
351-71-9604,11-10-2024,06:52:00,B. Kearney,Male,75,White,None,Admitted,,15
885-13-5256,25-12-2023,11:24:00,B. Baselli,Male,52,White,None,Admitted,,29
575-40-1753,07-10-2023,01:36:00,B. Stelli,Male,42,White,None,Admitted,,43
465-15-3314,15-06-2023,22:38:00,B. Grigorescu,Male,13,White,None,Admitted,,45
108-35-4145,01-05-2023,10:04:00,B. Brychan,Male,79,White,None,Admitted,,48
203-86-5462,18-12-2023,13:16:00,B. Rival,Male,16,White,None,Admitted,,50
686-80-9830,30-06-2024,12:25:00,C. Lande,Male,37,White,None,Admitted,,22
589-25-9796,16-02-2024,05:06:00,C. Powling,Male,22,White,None,Admitted,,23
643-17-6227,10-04-2024,03:26:00,C. Dummett,Male,44,White,None,Admitted,,24
349-86-8933,02-08-2023,13:03:00,C. Witham,Male,46,White,None,Admitted,,30
123-98-2462,22-03-2024,07:00:00,C. Brittain,Male,65,White,None,Admitted,,33
508-48-9648,07-01-2024,04:55:00,C. Rogliero,Male,10,White,None,Admitted,,39
590-50-6357,10-02-2024,12:55:00,C. Garraway,Male,75,White,None,Admitted,,39
766-92-5908,03-09-2024,00:20:00,C. Kimblin,Male,16,White,None,Admitted,,46
783-74-8530,12-06-2023,19:47:00,C. Jeffrey,Male,46,White,None,Admitted,,58
150-49-5439,14-02-2024,10:45:00,C. Swalough,Male,57,White,None,Admitted,,58
677-87-5615,26-11-2023,23:16:00,C. Dyshart,Male,67,White,None,Admitted,,58
356-33-9826,03-04-2024,13:24:00,D. Depka,Male,29,White,None,Admitted,,15
242-48-1026,24-12-2023,16:33:00,D. Royce,Male,58,White,None,Admitted,,15
882-03-1099,14-06-2023,15:56:00,D. Seager,Male,65,White,None,Admitted,,19
667-92-7386,29-12-2023,20:15:00,D. Tradewell,Male,49,White,None,Admitted,,20
235-04-5200,10-04-2024,14:45:00,D. Easthope,Male,8,White,None,Admitted,,23
695-67-1022,22-06-2023,04:31:00,D. Novis,Male,26,White,None,Admitted,,31
877-63-5604,31-07-2024,06:43:00,D. Pinke,Male,50,White,None,Admitted,,40
375-27-5578,13-05-2023,02:14:00,D. Grimston,Male,45,White,None,Admitted,,48
884-62-4452,31-01-2024,09:57:00,D. Tschiersch,Male,41,White,None,Admitted,,58
741-12-7327,29-12-2023,10:52:00,E. Simonelli,Male,60,White,None,Admitted,,10
860-05-8907,01-01-2024,23:57:00,E. St Clair,Male,37,White,None,Admitted,,14
784-33-8181,28-01-2024,19:36:00,E. Le - Count,Male,43,White,None,Admitted,,16
529-52-0949,25-06-2024,07:21:00,E. Gut,Male,67,White,None,Admitted,,19
244-74-1250,17-02-2024,20:43:00,E. Syrett,Male,37,White,None,Admitted,,22
520-29-9827,15-05-2023,19:11:00,E. Keepin,Male,21,White,None,Admitted,,23
388-44-6892,16-11-2023,20:48:00,E. Burbury,Male,1,White,None,Admitted,,24
220-94-6602,18-11-2023,22:57:00,E. Abbison,Male,44,White,None,Admitted,,28
480-76-5508,07-05-2024,07:38:00,E. Mapledorum,Male,70,White,None,Admitted,,30
744-75-0386,18-06-2024,19:29:00,E. Pessel,Male,22,White,None,Admitted,,34
627-82-5172,23-10-2024,14:02:00,E. Blackaller,Male,31,White,None,Admitted,,37
106-76-9218,28-02-2024,17:56:00,E. Ruggiero,Male,20,White,None,Admitted,,40
211-82-9691,16-02-2024,21:05:00,E. Yerson,Male,19,White,None,Admitted,,42
802-13-8458,29-07-2023,05:47:00,E. Knyvett,Male,67,White,None,Admitted,,45
655-55-2632,06-08-2023,04:52:00,E. Vlasyuk,Male,56,White,None,Admitted,,48
871-78-2945,22-05-2023,05:40:00,F. Claworth,Male,56,White,None,Admitted,,20
673-82-3180,18-02-2024,23:30:00,F. Judron,Male,17,White,None,Admitted,,23
128-39-1496,08-07-2024,03:53:00,F. Cawsby,Male,6,White,None,Admitted,,30
790-31-3127,04-10-2024,03:34:00,F. Paoloni,Male,55,White,None,Admitted,,31
506-68-8909,13-07-2024,15:24:00,F. Hundall,Male,21,White,None,Admitted,,35
533-35-3293,23-06-2024,14:30:00,F. Jovicic,Male,79,White,None,Admitted,,36
398-17-8931,25-05-2023,09:45:00,F. Gregh,Male,71,White,None,Admitted,,41
172-61-8782,17-05-2024,07:19:00,F. Rochewell,Male,9,White,None,Admitted,,50
378-90-2956,21-05-2024,15:24:00,F. Stollhofer,Male,2,White,None,Admitted,,52
700-43-4239,12-08-2024,08:31:00,F. Spencelayh,Male,78,White,None,Admitted,,52
619-23-3246,09-01-2024,03:19:00,F. Tuffield,Male,18,White,None,Admitted,,60
121-98-0821,18-11-2023,11:08:00,G. Reams,Male,38,White,None,Admitted,,14
601-35-8375,05-07-2023,17:38:00,G. Autrie,Male,42,White,None,Admitted,,16
844-16-9098,30-11-2023,20:15:00,G. Geraldo,Male,48,White,None,Admitted,,26
230-89-3177,06-05-2023,16:40:00,G. McGreil,Male,54,White,None,Admitted,,36
344-56-0209,11-10-2024,07:36:00,G. Yeaman,Male,1,White,None,Admitted,,41
597-13-7907,07-06-2023,10:36:00,G. Maughan,Male,22,White,None,Admitted,,43
743-74-5565,25-05-2024,23:59:00,G. Pattullo,Male,3,White,None,Admitted,,45
892-85-4985,15-04-2024,04:58:00,G. Poppy,Male,36,White,None,Admitted,,51
732-07-1102,25-09-2024,15:20:00,G. Meckiff,Male,2,White,None,Admitted,,55
427-91-7040,19-10-2024,03:51:00,G. Lorant,Male,48,White,None,Admitted,,55
753-13-5672,06-08-2023,11:29:00,H. Troyes,Male,2,White,None,Admitted,,15
447-73-8414,11-08-2023,12:37:00,H. Poulsen,Male,11,White,None,Admitted,,18
748-50-8530,21-07-2024,15:21:00,H. Piele,Male,10,White,None,Admitted,,26
678-07-7445,10-04-2024,21:03:00,H. Rixon,Male,45,White,None,Admitted,,30
828-46-7426,28-07-2024,08:31:00,H. Stairmond,Male,75,White,None,Admitted,,39
793-24-9525,29-07-2024,10:55:00,H. Flint,Male,65,White,None,Admitted,,42
839-61-9068,09-06-2023,02:47:00,H. Vondrach,Male,9,White,None,Admitted,,48
584-52-1321,08-05-2024,07:25:00,H. Winchester,Male,21,White,None,Admitted,,53
480-67-3848,17-07-2023,17:28:00,H. Gauden,Male,59,White,None,Admitted,,57
162-53-8400,28-02-2024,12:31:00,I. Wolstenholme,Male,56,White,None,Admitted,,12
307-73-6789,22-12-2023,02:24:00,I. Bryer,Male,38,White,None,Admitted,,14
877-34-4992,05-07-2024,18:41:00,I. Guidotti,Male,17,White,None,Admitted,,15
835-35-3059,10-05-2024,11:13:00,I. Mailey,Male,60,White,None,Admitted,,15
199-16-0670,26-10-2024,23:30:00,I. Grolle,Male,55,White,None,Admitted,,18
310-85-7566,26-09-2023,22:44:00,I. Lovstrom,Male,20,White,None,Admitted,,22
221-55-2575,08-10-2024,15:04:00,I. Harcarse,Male,54,White,None,Admitted,,23
633-19-4670,26-09-2023,00:13:00,I. Sultan,Male,47,White,None,Admitted,,24
815-95-1401,23-11-2023,20:39:00,I. Manicomb,Male,36,White,None,Admitted,,39
198-02-0384,13-05-2023,20:12:00,I. Cline,Male,40,White,None,Admitted,,48
705-64-5728,09-07-2024,00:52:00,I. Showell,Male,47,White,None,Admitted,,49
203-33-9606,30-06-2024,05:31:00,I. Lenglet,Male,18,White,None,Admitted,,51
411-20-5425,16-08-2024,14:01:00,I. Garlic,Male,37,White,None,Admitted,,55
436-34-7449,29-05-2024,14:25:00,I. Wapplington,Male,42,White,None,Admitted,,55
704-78-7583,04-09-2023,17:41:00,J. Chasen,Male,13,White,None,Admitted,,12
157-57-9919,15-11-2023,09:50:00,J. Wrightham,Male,65,White,None,Admitted,,16
499-77-0693,02-07-2023,04:51:00,J. Hirsthouse,Male,26,White,None,Admitted,,21
829-18-5991,28-07-2023,01:50:00,J. Storms,Male,19,White,None,Admitted,,27
763-50-4006,22-02-2024,23:50:00,J. McReedy,Male,5,White,None,Admitted,,33
211-79-3733,02-06-2023,07:23:00,J. Keatch,Male,38,White,None,Admitted,,47
777-08-7046,05-04-2023,04:31:00,J. Follan,Male,15,White,None,Admitted,,55
185-01-7702,03-08-2023,19:29:00,J. Foltin,Male,68,White,None,Admitted,,56
667-61-2991,25-08-2024,07:14:00,J. Lamborn,Male,35,White,None,Admitted,,60
664-88-5435,24-11-2023,01:58:00,K. Lewington,Male,58,White,None,Admitted,,13
455-93-7898,21-01-2024,10:23:00,K. MacNeilly,Male,18,White,None,Admitted,,20
121-86-3543,20-08-2024,17:42:00,K. Elliker,Male,32,White,None,Admitted,,22
476-32-0713,02-04-2023,13:07:00,K. Bunhill,Male,68,White,None,Admitted,,24
298-36-1790,19-06-2023,00:07:00,K. Scole,Male,28,White,None,Admitted,,39
789-29-4257,07-04-2024,01:25:00,K. Latour,Male,63,White,None,Admitted,,39
536-78-3429,12-06-2024,23:24:00,K. Isaac,Male,72,White,None,Admitted,,39
172-02-6722,05-08-2023,05:10:00,K. O'Siaghail,Male,57,White,None,Admitted,,40
759-14-6508,25-05-2023,01:04:00,K. Alabone,Male,37,White,None,Admitted,,46
182-52-6741,26-09-2023,13:51:00,K. L'Hommee,Male,79,White,None,Admitted,,56
771-98-0838,18-11-2023,12:52:00,L. Weinmann,Male,77,White,None,Admitted,,24
476-79-6068,30-08-2024,01:52:00,L. Brosi,Male,76,White,None,Admitted,,25
102-47-6709,17-06-2023,10:05:00,L. Lovick,Male,66,White,None,Admitted,,27
262-40-0374,18-02-2024,15:53:00,L. Stetlye,Male,58,White,None,Admitted,,36
336-57-0982,09-11-2023,21:15:00,L. Fulcher,Male,25,White,None,Admitted,,37
843-42-9690,11-06-2023,06:23:00,L. Mariner,Male,32,White,None,Admitted,,50
652-78-3085,18-12-2023,10:37:00,M. D'Abbot-Doyle,Male,67,White,None,Admitted,,21
792-70-4015,05-04-2023,18:06:00,M. Robinett,Male,64,White,None,Admitted,,28
202-14-5092,14-01-2024,04:05:00,M. Daout,Male,48,White,None,Admitted,,33
231-36-9685,03-01-2024,12:20:00,M. Loche,Male,16,White,None,Admitted,,34
481-42-7852,04-08-2024,23:22:00,M. Tibbles,Male,64,White,None,Admitted,,34
397-69-1401,15-04-2024,19:17:00,M. Reggiani,Male,3,White,None,Admitted,,35
413-16-2095,19-04-2023,09:32:00,M. Daborne,Male,76,White,None,Admitted,,35
218-20-9820,21-05-2024,02:42:00,M. Fredi,Male,78,White,None,Admitted,,35
717-69-4042,08-01-2024,20:39:00,M. Roon,Male,30,White,None,Admitted,,39
711-65-4874,25-03-2024,17:56:00,M. Holsey,Male,40,White,None,Admitted,,39
460-56-6642,25-05-2024,23:50:00,M. Carlyon,Male,69,White,None,Admitted,,39
211-34-2381,22-09-2024,20:23:00,M. Szymonowicz,Male,64,White,None,Admitted,,40
662-33-7487,19-10-2024,08:48:00,M. Fancy,Male,56,White,None,Admitted,,47
518-04-0690,23-05-2023,05:01:00,M. Tabourier,Male,25,White,None,Admitted,,50
399-42-9314,11-06-2023,06:08:00,M. Heape,Male,36,White,None,Admitted,,51
196-08-4706,28-05-2023,16:12:00,M. Wroughton,Male,42,White,None,Admitted,,54
627-60-8441,30-07-2024,09:53:00,M. Wyche,Male,20,White,None,Admitted,,58
176-52-4519,16-04-2023,13:02:00,N. Shilleto,Male,11,White,None,Admitted,,11
847-74-2228,05-08-2024,01:16:00,N. Jan,Male,50,White,None,Admitted,,13
142-53-1650,03-10-2024,13:20:00,N. Deport,Male,3,White,None,Admitted,,25
581-17-5457,07-07-2024,12:05:00,N. Spridgeon,Male,74,White,None,Admitted,,27
849-61-2255,12-07-2023,20:12:00,N. Firmager,Male,49,White,None,Admitted,,28
648-45-5096,09-10-2023,19:27:00,N. Lydon,Male,27,White,None,Admitted,,40
536-30-5746,26-07-2023,11:48:00,N. Grealey,Male,49,White,None,Admitted,,43
189-23-4255,16-11-2023,21:18:00,N. Reichelt,Male,59,White,None,Admitted,,44
296-96-3525,13-08-2024,00:10:00,N. Bertelmot,Male,41,White,None,Admitted,,50
173-31-9553,09-11-2023,12:12:00,N. Napleton,Male,74,White,None,Admitted,,59
205-33-7598,16-08-2023,12:05:00,O. Penwright,Male,19,White,None,Admitted,,15
567-16-7814,02-07-2023,00:24:00,O. Badrock,Male,78,White,None,Admitted,,21
234-83-4671,10-08-2023,07:04:00,O. Kubera,Male,52,White,None,Admitted,,23
717-80-5643,17-06-2023,18:25:00,O. Sculley,Male,29,White,None,Admitted,,35
774-50-2972,29-05-2023,23:58:00,O. Nyles,Male,45,White,None,Admitted,,39
295-48-6682,04-05-2023,01:54:00,O. Agar,Male,62,White,None,Admitted,,45
155-22-9624,10-07-2023,03:13:00,O. Snodden,Male,69,White,None,Admitted,,47
107-22-3380,28-07-2024,11:59:00,O. Cottrill,Male,20,White,None,Admitted,,52
327-92-4166,03-01-2024,13:56:00,O. Helleckas,Male,62,White,None,Admitted,,57
255-33-4780,23-04-2023,07:09:00,O. Clemmey,Male,8,White,None,Admitted,,59
140-29-8809,03-12-2023,02:24:00,O. Burris,Male,32,White,None,Admitted,,59
227-40-8894,21-07-2024,02:28:00,P. Smogur,Male,66,White,None,Admitted,,10
144-34-5997,27-07-2024,12:37:00,P. Mamwell,Male,41,White,None,Admitted,,13
632-25-9926,11-08-2024,06:21:00,P. Bugby,Male,25,White,None,Admitted,,14
727-81-2340,17-08-2024,06:33:00,P. Capron,Male,68,White,None,Admitted,,20
360-19-3301,10-05-2024,11:20:00,P. Oaker,Male,3,White,None,Admitted,,27
468-02-7614,31-12-2023,21:08:00,P. Dmisek,Male,56,White,None,Admitted,,32
392-48-9061,13-01-2024,07:38:00,P. Akeherst,Male,4,White,None,Admitted,,41
518-94-0881,16-02-2024,03:30:00,P. Cromblehome,Male,61,White,None,Admitted,,56
632-79-5714,26-01-2024,17:40:00,P. Pinor,Male,39,White,None,Admitted,,60
244-51-1815,28-08-2024,11:19:00,Q. Wigg,Male,69,White,None,Admitted,,16
883-85-2880,16-05-2024,09:43:00,Q. Straniero,Male,53,White,None,Admitted,,19
318-21-1279,16-04-2024,08:00:00,Q. Costley,Male,58,White,None,Admitted,,26
462-93-4459,16-05-2024,19:15:00,Q. O'Henehan,Male,66,White,None,Admitted,,28
288-47-4512,02-01-2024,21:04:00,Q. Quene,Male,56,White,None,Admitted,,39
403-56-9380,03-05-2024,00:53:00,Q. Orr,Male,60,White,None,Admitted,,44
322-85-6482,20-06-2023,12:55:00,Q. Mithun,Male,66,White,None,Admitted,,46
284-78-7721,28-09-2024,05:26:00,Q. Louis,Male,37,White,None,Admitted,,52
487-70-4415,02-01-2024,03:05:00,Q. Stenbridge,Male,2,White,None,Admitted,,58
439-45-1934,17-10-2024,05:57:00,Q. Repper,Male,5,White,None,Admitted,,58
183-23-8555,23-06-2024,16:35:00,R. Priestnall,Male,77,White,None,Admitted,,10
704-52-9351,16-08-2024,02:11:00,R. Stoddart,Male,16,White,None,Admitted,,20
822-13-3323,21-07-2024,20:22:00,R. Ashbolt,Male,14,White,None,Admitted,,32
790-49-4037,29-09-2024,12:31:00,R. Kelemen,Male,73,White,None,Admitted,,33
662-04-8561,23-10-2023,16:48:00,R. Bendixen,Male,73,White,None,Admitted,,40
304-56-9824,12-07-2024,08:24:00,R. Tanfield,Male,34,White,None,Admitted,,54
848-91-8634,13-09-2024,07:38:00,R. O'Noland,Male,8,White,None,Admitted,,58
867-81-0165,22-02-2024,06:30:00,R. Bricket,Male,47,White,None,Admitted,,58
719-67-4238,26-10-2024,14:18:00,S. Bruck,Male,7,White,None,Admitted,,10
591-01-9686,08-11-2023,07:34:00,S. Agutter,Male,76,White,None,Admitted,,11
725-19-8534,21-06-2024,21:12:00,S. Giacometti,Male,44,White,None,Admitted,,12
166-50-3397,09-09-2024,09:47:00,S. Hebblewaite,Male,43,White,None,Admitted,,15
195-47-5384,03-04-2024,04:49:00,S. Saltrese,Male,34,White,None,Admitted,,20
577-11-8469,19-12-2023,09:11:00,S. Atyea,Male,55,White,None,Admitted,,33
826-51-6666,09-05-2024,17:08:00,S. Eddisford,Male,51,White,None,Admitted,,43
688-61-2082,02-07-2024,05:57:00,S. Kenan,Male,23,White,None,Admitted,,44
690-77-1528,29-06-2023,14:06:00,S. Brendish,Male,61,White,None,Admitted,,46
783-12-5617,30-01-2024,13:14:00,S. Dawidsohn,Male,71,White,None,Admitted,,47
239-18-5713,16-07-2024,16:42:00,S. Scorrer,Male,76,White,None,Admitted,,50
803-80-1729,14-08-2023,23:17:00,S. Jukes,Male,36,White,None,Admitted,,51
355-48-7016,26-08-2023,01:41:00,S. Chue,Male,15,White,None,Admitted,,53
599-28-2215,20-02-2024,04:50:00,S. Houseman,Male,11,White,None,Admitted,,55
798-16-6239,15-04-2024,19:39:00,T. Geggus,Male,49,White,None,Admitted,,10
852-95-0715,19-09-2024,22:37:00,T. Antrim,Male,38,White,None,Admitted,,12
879-07-2777,24-02-2024,05:49:00,T. McReynolds,Male,32,White,None,Admitted,,14
295-29-3253,30-07-2024,08:43:00,T. Tuffield,Male,4,White,None,Admitted,,15
245-93-1809,06-10-2023,00:16:00,T. McGurn,Male,20,White,None,Admitted,,15
323-13-0778,09-10-2023,11:56:00,T. O'Luney,Male,79,White,None,Admitted,,22
292-43-0162,22-04-2023,13:50:00,T. Mose,Male,55,White,None,Admitted,,28
449-11-0502,30-12-2023,22:09:00,T. Kemsley,Male,39,White,None,Admitted,,35
825-28-4860,27-05-2023,03:51:00,T. Darnborough,Male,29,White,None,Admitted,,36
771-93-7381,21-05-2023,18:43:00,T. Beddow,Male,53,White,None,Admitted,,36
153-47-5777,11-04-2024,05:10:00,T. Gardner,Male,20,White,None,Admitted,,49
533-96-0679,05-08-2024,03:51:00,T. Sagg,Male,17,White,None,Admitted,,54
630-72-4041,07-03-2024,18:55:00,T. Huygens,Male,51,White,None,Admitted,,57
441-25-6841,17-09-2024,14:40:00,U. Dummett,Male,9,White,None,Admitted,,11
272-79-7769,27-05-2023,15:23:00,U. Blow,Male,48,White,None,Admitted,,11
251-61-0833,02-05-2023,17:28:00,U. Grastye,Male,29,White,None,Admitted,,12
145-73-1016,30-08-2024,01:43:00,U. McGinnell,Male,20,White,None,Admitted,,19
304-40-2890,23-06-2024,22:31:00,U. Grattage,Male,23,White,None,Admitted,,19
399-14-1417,18-02-2024,14:05:00,U. Drought,Male,58,White,None,Admitted,,21
704-48-9992,30-08-2024,03:21:00,U. Handley,Male,15,White,None,Admitted,,24
772-41-5673,28-08-2023,19:04:00,U. Saltwell,Male,51,White,None,Admitted,,30
784-56-8762,30-10-2024,19:50:00,U. Howard - Gater,Male,7,White,None,Admitted,,31
163-69-0005,29-06-2024,00:19:00,U. Kalinsky,Male,18,White,None,Admitted,,36
559-89-5498,02-12-2023,04:39:00,U. Holmyard,Male,39,White,None,Admitted,,37
610-49-9067,19-07-2023,21:09:00,U. Heady,Male,54,White,None,Admitted,,49
382-29-0136,01-08-2024,15:22:00,U. Pacey,Male,66,White,None,Admitted,,54
766-80-1138,10-07-2023,13:50:00,U. Monckman,Male,43,White,None,Admitted,,58
557-58-5294,12-06-2023,02:49:00,U. Mullane,Male,77,White,None,Admitted,,59
675-04-6457,05-03-2024,14:04:00,V. Izod,Male,51,White,None,Admitted,,20
436-49-0280,06-03-2024,16:10:00,V. Gladdifh,Male,4,White,None,Admitted,,21
400-06-0553,12-11-2023,08:14:00,V. Mourant,Male,66,White,None,Admitted,,22
219-34-1593,04-01-2024,08:08:00,V. Pyvis,Male,61,White,None,Admitted,,25
314-49-8117,11-04-2024,04:37:00,V. Joss,Male,18,White,None,Admitted,,26
252-13-7326,26-06-2023,08:45:00,V. Clemintoni,Male,15,White,None,Admitted,,30
162-06-9717,13-07-2024,17:03:00,V. Brabon,Male,18,White,None,Admitted,,31
858-26-7075,07-01-2024,14:26:00,V. Gedge,Male,14,White,None,Admitted,,34
609-94-3506,28-01-2024,14:12:00,V. Dexter,Male,35,White,None,Admitted,,38
599-49-7187,29-09-2024,05:00:00,V. Ayars,Male,49,White,None,Admitted,,42
321-16-5497,30-06-2023,09:33:00,W. Armin,Male,74,White,None,Admitted,,12
885-03-5752,31-05-2023,15:54:00,W. Boast,Male,36,White,None,Admitted,,13
438-20-7959,26-06-2023,07:57:00,W. Glisenan,Male,62,White,None,Admitted,,20
343-51-8410,21-09-2023,18:02:00,W. Silverlock,Male,36,White,None,Admitted,,28
459-58-9413,01-09-2024,01:51:00,W. Allsworth,Male,20,White,None,Admitted,,29
881-89-6019,26-07-2024,01:48:00,W. Grieger,Male,49,White,None,Admitted,,35
143-31-5826,22-04-2023,00:44:00,W. Posnette,Male,44,White,None,Admitted,,37
221-48-4216,20-04-2024,08:16:00,W. Tomasino,Male,54,White,None,Admitted,,47
391-77-8971,04-01-2024,16:22:00,W. Laxon,Male,5,White,None,Admitted,,48
260-14-4032,11-10-2023,16:46:00,W. Rustan,Male,53,White,None,Admitted,,51
300-76-1975,22-03-2024,18:01:00,W. Tooby,Male,19,White,None,Admitted,,54
177-26-9806,09-10-2024,08:49:00,X. MacGibbon,Male,65,White,None,Admitted,,16
747-13-8438,03-05-2024,11:40:00,X. East,Male,34,White,None,Admitted,,22
104-11-2614,29-12-2023,07:04:00,X. Jarville,Male,27,White,None,Admitted,,24
671-25-1372,05-11-2023,07:37:00,X. Lednor,Male,70,White,None,Admitted,,36
299-65-4092,26-09-2024,01:41:00,X. Chatto,Male,12,White,None,Admitted,,50
608-38-2277,10-03-2024,22:23:00,X. Habershon,Male,63,White,None,Admitted,,60
112-97-2791,24-08-2024,06:26:00,Y. Raund,Male,32,White,None,Admitted,,18
872-86-3128,25-12-2023,18:29:00,Y. Hodinton,Male,17,White,None,Admitted,,20
287-14-0375,02-05-2024,04:37:00,Y. McGinney,Male,26,White,None,Admitted,,23
812-08-5257,31-12-2023,19:31:00,Y. Phippin,Male,12,White,None,Admitted,,38
379-93-5865,28-12-2023,13:32:00,Y. McPhillips,Male,50,White,None,Admitted,,38
280-97-8515,03-08-2024,16:48:00,Y. Tradewell,Male,23,White,None,Admitted,,49
393-27-7025,02-02-2024,19:05:00,Y. MacCarroll,Male,28,White,None,Admitted,,49
631-01-8401,11-09-2024,10:52:00,Y. Ferbrache,Male,52,White,None,Admitted,,58
481-73-3813,24-09-2023,17:33:00,Z. Allone,Male,59,White,None,Admitted,,16
538-63-5200,24-10-2024,02:27:00,Z. Warland,Male,37,White,None,Admitted,,18
709-72-3840,25-02-2024,19:22:00,Z. Simoncello,Male,48,White,None,Admitted,,41
677-60-4398,29-01-2024,00:46:00,Z. Vasyunin,Male,52,White,None,Admitted,,48
549-53-8725,29-04-2023,10:51:00,Z. Klimshuk,Male,15,White,None,Admitted,,52
593-97-3404,23-04-2024,09:01:00,Z. Berndsen,Male,37,White,None,Admitted,,57
370-15-0510,05-04-2023,09:04:00,G. Orniz,Male,23,White,None,Admitted,0,26
160-14-3746,02-07-2024,22:36:00,J. Heales,Male,16,White,None,Admitted,0,24
884-39-7616,22-04-2024,20:31:00,K. Keighley,Male,72,White,None,Admitted,0,55
222-82-2788,19-02-2024,13:37:00,L. Giannazzo,Male,10,White,None,Admitted,0,24
853-37-7420,17-07-2024,05:04:00,P. Bramelt,Male,12,White,None,Admitted,0,41
269-62-2200,02-01-2024,03:22:00,W. Barzen,Male,17,White,None,Admitted,0,51
372-46-2168,21-05-2023,15:58:00,B. Deane,Male,51,White,None,Admitted,1,39
287-50-0289,25-08-2023,07:33:00,E. Whitland,Male,17,White,None,Admitted,1,55
380-36-6893,17-12-2023,04:25:00,F. Yanson,Male,22,White,None,Admitted,1,52
422-11-6911,06-05-2024,00:23:00,G. Honeyghan,Male,8,White,None,Admitted,1,47
410-34-9359,21-06-2024,10:26:00,G. Francescotti,Male,28,White,None,Admitted,1,56
368-86-2432,21-08-2023,04:52:00,L. Pearsall,Male,25,White,None,Admitted,1,33
280-20-5879,25-06-2023,22:24:00,L. Diggle,Male,30,White,None,Admitted,1,39
731-05-5462,19-10-2023,01:00:00,L. Barwack,Male,53,White,None,Admitted,1,40
641-35-5949,12-08-2024,03:13:00,Q. Tuffey,Male,53,White,None,Admitted,1,38
521-40-0167,29-12-2023,18:57:00,V. Pluvier,Male,19,White,None,Admitted,1,58
755-90-4647,25-04-2023,23:01:00,B. Gwilliam,Male,67,White,None,Admitted,2,29
672-14-9431,17-08-2024,23:48:00,C. Kent,Male,5,White,None,Admitted,2,33
575-80-4899,10-02-2024,00:52:00,C. Todaro,Male,76,White,None,Admitted,2,45
755-44-0318,02-06-2024,06:55:00,F. Bracco,Male,58,White,None,Admitted,2,18
189-58-3826,05-07-2023,15:07:00,G. Alekseev,Male,78,White,None,Admitted,2,10
177-86-0072,28-09-2023,16:05:00,I. Moen,Male,63,White,None,Admitted,2,13
209-66-6033,05-07-2023,12:30:00,I. D'Alessandro,Male,50,White,None,Admitted,2,15
767-96-1062,14-07-2023,18:53:00,M. Navarijo,Male,27,White,None,Admitted,2,55
249-65-1599,12-05-2023,13:29:00,O. Laurenceau,Male,49,White,None,Admitted,2,55
120-37-2360,03-07-2023,16:08:00,Q. Carbett,Male,65,White,None,Admitted,2,44
414-99-7136,11-04-2023,16:15:00,R. Tirrey,Male,51,White,None,Admitted,2,53
283-49-7447,05-08-2024,06:00:00,V. Rudledge,Male,31,White,None,Admitted,2,10
384-16-0821,02-09-2024,11:53:00,V. James,Male,13,White,None,Admitted,2,45
346-75-9980,08-10-2024,07:08:00,W. Tussaine,Male,26,White,None,Admitted,2,34
731-53-2021,05-05-2023,19:19:00,B. Shah,Male,13,White,None,Admitted,3,20
609-38-6576,09-06-2023,08:06:00,B. Harnes,Male,66,White,None,Admitted,3,23
328-99-8282,03-07-2024,09:19:00,R. Hitscher,Male,29,White,None,Admitted,3,49
705-68-8729,14-10-2024,00:55:00,V. Isoldi,Male,15,White,None,Admitted,3,28
687-64-4420,28-09-2023,06:47:00,W. Mundall,Male,13,White,None,Admitted,3,54
739-65-5265,10-08-2023,11:21:00,Y. Blakeman,Male,12,White,None,Admitted,3,26
100-81-9769,09-03-2024,19:26:00,Y. Moncaster,Male,28,White,None,Admitted,3,59
234-47-1462,30-01-2024,16:53:00,C. Trainer,Male,7,White,None,Admitted,4,46
875-15-3130,20-10-2023,09:11:00,H. Jebb,Male,29,White,None,Admitted,4,23
182-46-5147,26-07-2023,06:38:00,I. Simson,Male,7,White,None,Admitted,4,30
414-05-5287,25-12-2023,10:50:00,I. Satterley,Male,57,White,None,Admitted,4,31
167-90-9984,14-09-2024,20:33:00,J. Clohissy,Male,41,White,None,Admitted,4,51
795-55-7654,28-01-2024,19:52:00,O. Garlick,Male,79,White,None,Admitted,4,10
206-75-4960,12-06-2023,22:57:00,P. Meadley,Male,53,White,None,Admitted,4,14
706-14-8158,23-10-2023,10:02:00,Q. Higford,Male,18,White,None,Admitted,4,35
763-76-9073,21-11-2023,03:32:00,D. Ralph,Male,63,White,None,Admitted,5,14
250-43-2257,13-10-2023,12:53:00,H. McBlain,Male,27,White,None,Admitted,5,12
120-58-8955,13-09-2023,05:30:00,N. Grayling,Male,69,White,None,Admitted,5,10
721-46-0379,16-09-2024,01:53:00,N. Roots,Male,15,White,None,Admitted,5,43
807-69-0903,01-09-2023,01:54:00,T. Cocker,Male,68,White,None,Admitted,5,15
566-74-1481,26-04-2023,12:11:00,V. Clare,Male,6,White,None,Admitted,5,10
387-01-8943,20-08-2023,08:40:00,X. Gadson,Male,24,White,None,Admitted,5,21
107-66-6733,19-04-2023,07:51:00,Y. Padula,Male,78,White,None,Admitted,5,35
443-64-7889,07-02-2024,16:57:00,C. Ashdown,Male,40,White,None,Admitted,6,34
759-48-2045,10-09-2023,06:13:00,K. Kerbey,Male,50,White,None,Admitted,6,22
431-26-3182,24-10-2024,19:23:00,R. Baughan,Male,6,White,None,Admitted,6,14
412-11-8092,15-04-2024,05:04:00,S. Reid,Male,41,White,None,Admitted,6,51
501-47-2075,01-08-2023,09:42:00,W. Dutson,Male,51,White,None,Admitted,6,20
471-56-8796,16-12-2023,04:22:00,O. Giovannardi,Male,46,White,None,Admitted,7,49
484-79-5250,16-09-2024,11:57:00,S. Joslow,Male,31,White,None,Admitted,7,35
240-81-9498,26-05-2024,03:00:00,T. Dodell,Male,76,White,None,Admitted,7,26
162-27-6936,10-08-2024,02:24:00,Z. Strood,Male,50,White,None,Admitted,7,12
442-41-7832,07-04-2023,06:09:00,A. Nesey,Male,10,White,None,Admitted,8,17
516-49-3296,23-09-2023,13:00:00,I. Whitney,Male,7,White,None,Admitted,8,19
175-48-0991,19-07-2024,16:43:00,I. Safell,Male,11,White,None,Admitted,8,46
619-90-9286,08-03-2024,16:02:00,O. Mateiko,Male,67,White,None,Admitted,8,15
528-29-5097,27-02-2024,03:34:00,O. Bolmann,Male,67,White,None,Admitted,8,47
726-38-4364,28-01-2024,08:54:00,Q. Pickthall,Male,46,White,None,Admitted,8,26
145-19-0752,28-08-2024,20:37:00,U. Cunah,Male,76,White,None,Admitted,8,14
517-78-7068,22-07-2024,02:03:00,U. Larvin,Male,7,White,None,Admitted,8,47
863-45-9504,23-11-2023,08:29:00,W. Hame,Male,44,White,None,Admitted,8,51
579-19-0372,18-04-2024,13:50:00,Y. Leibold,Male,39,White,None,Admitted,8,35
126-50-2838,10-11-2023,13:34:00,C. Klulik,Male,2,White,None,Admitted,9,14
785-52-4020,26-06-2023,11:10:00,C. Heintsch,Male,45,White,None,Admitted,9,57
188-25-8373,08-07-2024,13:17:00,C. Hellicar,Male,47,White,None,Admitted,9,59
394-03-8280,27-10-2023,04:16:00,F. Allport,Male,63,White,None,Admitted,9,47
498-09-2825,04-06-2024,23:48:00,I. Watmore,Male,43,White,None,Admitted,9,12
296-68-1456,12-02-2024,19:08:00,K. Abbati,Male,48,White,None,Admitted,9,26
667-43-0137,19-04-2024,20:21:00,L. Self,Male,79,White,None,Admitted,9,42
169-60-6555,23-02-2024,21:54:00,N. Giral,Male,57,White,None,Admitted,9,59
417-69-4255,19-07-2023,01:25:00,S. Prene,Male,64,White,None,Admitted,9,16
649-44-3448,21-10-2023,13:35:00,Z. Worsall,Male,36,White,None,Admitted,9,25
307-89-1652,11-06-2024,01:55:00,D. Eglese,Male,3,White,None,Admitted,10,54
780-44-8461,28-05-2024,11:08:00,K. Caudelier,Male,79,White,None,Admitted,10,11
428-30-2009,28-03-2024,13:01:00,K. Spurriar,Male,62,White,None,Admitted,10,19
818-18-4154,24-06-2024,16:04:00,K. Gosnold,Male,75,White,None,Admitted,10,45
723-69-3853,14-10-2023,09:32:00,L. Dungate,Male,28,White,None,Admitted,10,59
150-72-7421,03-05-2024,03:05:00,M. Lister,Male,23,White,None,Admitted,10,53
529-55-5610,18-09-2023,09:20:00,M. Taffs,Male,67,White,None,Admitted,10,59
128-42-7299,28-06-2023,03:17:00,Q. Denidge,Male,16,White,None,Admitted,10,58
779-25-0290,25-02-2024,10:22:00,V. Pratten,Male,70,White,None,Admitted,10,29
243-85-2527,17-11-2023,07:36:00,W. Grummitt,Male,12,White,None,Admitted,10,41
778-04-7220,16-05-2023,11:31:00,Y. Hutfield,Male,56,White,None,Admitted,10,12
648-86-9843,12-04-2024,11:14:00,Z. Boyington,Male,50,White,None,Admitted,10,30
116-94-4270,20-12-2023,05:42:00,Z. Twiddle,Male,35,White,None,Admitted,10,44
450-09-5808,10-08-2024,22:43:00,A. Saladine,Male,3,White,Orthopedics,Admitted,,31
744-52-3785,19-07-2024,08:58:00,A. Josuweit,Male,60,White,Orthopedics,Admitted,,47
744-01-1240,22-04-2023,18:46:00,C. Jindrich,Male,68,White,Orthopedics,Admitted,,12
570-14-8462,25-02-2024,05:46:00,C. Meeland,Male,24,White,Orthopedics,Admitted,,20
325-51-1348,11-11-2023,00:10:00,C. Wiltsher,Male,33,White,Orthopedics,Admitted,,37
401-65-8779,20-10-2024,12:24:00,D. Timms,Male,58,White,Orthopedics,Admitted,,21
271-80-8403,31-05-2024,03:11:00,D. Riddoch,Male,27,White,Orthopedics,Admitted,,33
804-04-1122,07-02-2024,12:12:00,E. Humpatch,Male,79,White,Orthopedics,Admitted,,12
171-10-8865,15-08-2024,22:19:00,E. Dugue,Male,73,White,Orthopedics,Admitted,,38
402-60-5865,04-03-2024,11:09:00,E. Lovart,Male,57,White,Orthopedics,Admitted,,56
631-01-2994,11-10-2024,18:53:00,H. Guinan,Male,67,White,Orthopedics,Admitted,,20
155-92-4223,30-05-2023,20:05:00,I. Sheppey,Male,1,White,Orthopedics,Admitted,,14
803-55-5052,19-11-2023,11:32:00,I. Vinick,Male,77,White,Orthopedics,Admitted,,45
260-70-4444,10-01-2024,13:57:00,I. Temprell,Male,46,White,Orthopedics,Admitted,,47
741-91-5044,19-09-2023,03:40:00,I. Dallan,Male,5,White,Orthopedics,Admitted,,57
313-71-4006,30-08-2024,12:06:00,I. Lamputt,Male,21,White,Orthopedics,Admitted,,58
865-28-1195,09-05-2024,01:41:00,I. Elcy,Male,66,White,Orthopedics,Admitted,,59
670-47-0693,24-09-2023,03:29:00,I. Stockoe,Male,60,White,Orthopedics,Admitted,,60
544-20-1544,22-10-2024,15:41:00,K. Leyrroyd,Male,31,White,Orthopedics,Admitted,,17
767-80-3235,31-03-2024,15:56:00,K. Jenk,Male,53,White,Orthopedics,Admitted,,56
302-68-9742,13-01-2024,11:39:00,L. Penylton,Male,33,White,Orthopedics,Admitted,,32
612-69-6427,22-05-2024,02:25:00,M. Stockings,Male,38,White,Orthopedics,Admitted,,38
454-42-3319,12-04-2024,15:04:00,O. Kneaphsey,Male,27,White,Orthopedics,Admitted,,21
873-58-0383,15-12-2023,11:08:00,O. Hiley,Male,57,White,Orthopedics,Admitted,,23
721-25-3053,17-02-2024,21:50:00,O. Saffill,Male,31,White,Orthopedics,Admitted,,49
514-16-0437,05-05-2023,18:02:00,O. Wiggin,Male,36,White,Orthopedics,Admitted,,59
236-11-6588,20-12-2023,18:44:00,P. Kibbye,Male,9,White,Orthopedics,Admitted,,17
383-96-0966,14-05-2023,02:21:00,Q. Archbutt,Male,19,White,Orthopedics,Admitted,,34
554-45-2268,05-02-2024,16:46:00,Q. Manoelli,Male,71,White,Orthopedics,Admitted,,47
113-25-9451,09-10-2023,06:06:00,R. Craigie,Male,70,White,Orthopedics,Admitted,,12
730-54-8361,01-01-2024,13:00:00,R. O'Lennachain,Male,59,White,Orthopedics,Admitted,,45
374-46-8007,10-01-2024,17:18:00,R. McLugish,Male,11,White,Orthopedics,Admitted,,60
529-58-1742,12-04-2023,01:56:00,S. Sellman,Male,26,White,Orthopedics,Admitted,,16
195-71-9241,16-08-2023,07:41:00,S. Parke,Male,67,White,Orthopedics,Admitted,,17
303-87-6258,31-10-2023,17:38:00,S. Sandom,Male,31,White,Orthopedics,Admitted,,36
627-11-7847,22-09-2024,09:36:00,T. Smithies,Male,59,White,Orthopedics,Admitted,,13
654-49-3579,23-02-2024,23:38:00,T. Alessandrucci,Male,15,White,Orthopedics,Admitted,,38
337-01-5340,30-12-2023,06:20:00,T. Dicken,Male,45,White,Orthopedics,Admitted,,49
128-67-3156,09-10-2023,14:34:00,V. Kellington,Male,77,White,Orthopedics,Admitted,,19
128-72-0119,21-07-2024,06:09:00,V. Irce,Male,51,White,Orthopedics,Admitted,,27
303-93-1485,19-10-2023,16:57:00,V. Erdes,Male,13,White,Orthopedics,Admitted,,28
888-26-4566,17-11-2023,00:23:00,X. Jerzyk,Male,37,White,Orthopedics,Admitted,,16
689-34-0657,10-04-2024,18:43:00,X. Furmonger,Male,61,White,Orthopedics,Admitted,,21
831-25-4717,12-07-2024,09:35:00,X. McGriffin,Male,31,White,Orthopedics,Admitted,,58
899-65-7826,11-06-2023,23:39:00,Y. Allan,Male,26,White,Orthopedics,Admitted,,42
853-93-6417,08-11-2023,06:32:00,Y. O'Feeney,Male,76,White,Orthopedics,Admitted,,49
297-74-6777,30-06-2024,14:19:00,Z. Bartolomeu,Male,33,White,Orthopedics,Admitted,,21
341-43-1062,27-03-2024,12:39:00,Z. Fishlock,Male,11,White,Orthopedics,Admitted,,35
537-28-9473,18-05-2023,23:05:00,Z. Losel,Male,33,White,Orthopedics,Admitted,,48
503-18-9280,01-09-2023,15:53:00,X. Brightman,Male,35,White,Orthopedics,Admitted,0,28
866-67-5375,20-10-2024,15:20:00,Q. Duffield,Male,27,White,Orthopedics,Admitted,1,58
670-84-1971,07-09-2024,18:11:00,U. Goodsell,Male,67,White,Orthopedics,Admitted,1,16
231-43-5762,22-03-2024,23:43:00,X. Northam,Male,74,White,Orthopedics,Admitted,1,45
289-70-6054,28-09-2024,16:44:00,R. Edworthie,Male,32,White,Orthopedics,Admitted,2,22
624-82-0024,18-05-2024,01:08:00,R. Gensavage,Male,52,White,Orthopedics,Admitted,2,27
317-19-5775,20-09-2024,06:12:00,C. Fossett,Male,39,White,Orthopedics,Admitted,3,32
279-67-2224,18-10-2024,00:08:00,H. Gainsboro,Male,30,White,Orthopedics,Admitted,4,14
409-26-1045,18-06-2023,02:17:00,C. Gannicott,Male,58,White,Orthopedics,Admitted,5,46
538-56-3650,27-01-2024,04:21:00,R. Dobell,Male,26,White,Orthopedics,Admitted,6,57
405-65-1693,03-08-2023,01:05:00,A. Kobke,Male,24,White,Orthopedics,Admitted,7,59
683-71-6277,28-10-2024,08:29:00,I. Batistelli,Male,67,White,Orthopedics,Admitted,7,43
662-30-2417,26-10-2023,06:50:00,L. O' Ronan,Male,10,White,Orthopedics,Admitted,7,49
229-27-7861,21-10-2024,19:51:00,Q. Attwater,Male,41,White,Orthopedics,Admitted,7,10
754-19-7780,18-11-2023,04:14:00,Q. Gregorio,Male,1,White,Orthopedics,Admitted,7,51
513-78-9014,05-04-2023,16:47:00,Y. Clapshaw,Male,5,White,Orthopedics,Admitted,7,56
613-64-3858,20-03-2024,13:16:00,I. Well,Male,54,White,Orthopedics,Admitted,8,21
279-74-0305,02-10-2024,08:22:00,L. Rotte,Male,2,White,Orthopedics,Admitted,8,16
439-32-1631,12-04-2023,15:25:00,L. Quinton,Male,16,White,Orthopedics,Admitted,8,42
879-36-5037,09-06-2023,06:14:00,E. Venable,Male,65,White,Orthopedics,Admitted,10,33
100-67-1276,03-11-2023,08:26:00,S. Hallbird,Male,55,White,Orthopedics,Admitted,10,11
464-34-7283,08-10-2023,07:14:00,C. Bullocke,Male,34,White,Physiotherapy,Admitted,,58
639-25-3650,03-06-2023,09:01:00,J. Feavearyear,Male,74,White,Physiotherapy,Admitted,,45
199-16-2312,17-10-2024,14:30:00,L. Dohmer,Male,51,White,Physiotherapy,Admitted,,18
389-78-9698,24-06-2023,13:44:00,L. Lambkin,Male,11,White,Physiotherapy,Admitted,,42
226-44-1067,11-04-2024,23:03:00,L. Antoniutti,Male,15,White,Physiotherapy,Admitted,,49
208-73-8872,26-02-2024,04:42:00,L. Gerran,Male,60,White,Physiotherapy,Admitted,,59
234-45-3966,10-01-2024,12:09:00,M. Treweek,Male,14,White,Physiotherapy,Admitted,,16
418-18-9350,22-05-2024,21:20:00,R. Whitehorne,Male,38,White,Physiotherapy,Admitted,,15
385-87-1090,03-01-2024,23:33:00,R. Reuben,Male,44,White,Physiotherapy,Admitted,,48
289-59-5485,30-09-2024,01:45:00,S. Dominelli,Male,14,White,Physiotherapy,Admitted,,30
244-01-5218,10-05-2024,06:13:00,T. Southwick,Male,15,White,Physiotherapy,Admitted,,60
437-12-1504,08-09-2023,11:24:00,V. Ceillier,Male,16,White,Physiotherapy,Admitted,,56
281-80-0574,02-09-2024,00:01:00,Y. Pawelczyk,Male,24,White,Physiotherapy,Admitted,,54
167-31-9013,18-09-2023,10:51:00,R. Laxe,Male,13,White,Physiotherapy,Admitted,1,39
259-09-5907,02-05-2023,21:01:00,U. Kimbrough,Male,79,White,Physiotherapy,Admitted,1,56
404-07-5929,30-11-2023,17:06:00,J. Rawdall,Male,37,White,Physiotherapy,Admitted,2,49
365-99-9238,14-02-2024,23:02:00,N. Delbergue,Male,42,White,Physiotherapy,Admitted,4,39
135-96-4722,08-01-2024,18:29:00,V. Ganderton,Male,78,White,Physiotherapy,Admitted,4,49
382-23-4466,25-07-2024,13:08:00,A. Longridge,Male,21,White,Physiotherapy,Admitted,5,22
815-34-1721,28-01-2024,11:40:00,B. Balwin,Male,54,White,Physiotherapy,Admitted,6,23
496-40-2289,28-07-2024,18:05:00,Y. Peiser,Male,8,White,Physiotherapy,Admitted,6,27
448-60-8500,25-09-2024,15:23:00,O. Josofovitz,Male,52,White,Physiotherapy,Admitted,7,35
534-84-2695,27-07-2024,04:12:00,T. Edinborough,Male,54,White,Physiotherapy,Admitted,7,34
743-65-5099,18-02-2024,11:35:00,M. Peschmann,Male,30,White,Physiotherapy,Admitted,8,58
258-20-1592,28-04-2023,17:59:00,M. de Bullion,Male,2,White,Physiotherapy,Admitted,10,56
636-68-1107,27-03-2024,01:01:00,I. Dannell,Male,11,White,Renal,Admitted,,49
772-16-7370,16-07-2024,13:44:00,P. Minette,Male,72,White,Renal,Admitted,,40
406-35-8082,22-08-2023,14:53:00,U. Caze,Male,4,White,Renal,Admitted,4,44
821-25-7925,23-08-2024,14:32:00,Y. Donovan,Male,73,African American,None,Admitted,,30
313-21-4953,28-08-2024,17:38:00,J. Spradbrow,Male,42,Asian,General Practice,Admitted,,43
226-92-3412,28-06-2024,23:12:00,G. Antoniak,Male,19,Asian,None,Admitted,,49
412-85-3832,16-05-2024,17:06:00,V. Riccardo,Male,14,Asian,None,Admitted,,36
708-91-2439,14-05-2024,23:43:00,S. Renals,Male,73,Declined to Identify,General Practice,Admitted,1,38
249-47-9666,01-03-2024,08:50:00,Y. Greep,Male,35,White,General Practice,Admitted,,39
